circle,Global_Id,Site Name,Cluster_name,latitude,longitude
Odisha,453337,DEULASAHI,Angul,20.6468,85.59069917
Odisha,453338,Police Work Land,Angul,20.6557,85.58689327
Odisha,453339,GOPABANDU CHOWK,Angul,20.6699,85.59094704
Odisha,453362,ATTARGARH,Angul,20.5229,85.62700205
Odisha,453364,RAMPAI,Angul,20.5629,85.7224728
Odisha,453369,NUAPATNA,Angul,20.5209,85.83058443
Odisha,453372,GOVINDPUR,Angul,20.6097,85.63694383
Odisha,453403,Kaunripal,Angul,20.7378,85.48221872
Odisha,453406,BAULPUR,Angul,20.7176,85.51163782
Odisha,453450,BANKI-1,Angul,20.3772,85.52311136
Odisha,453497,BINDHA NIMA,Angul,20.4448,85.49227579
Odisha,453537,SADANGI,Angul,20.8107,85.83508333
Odisha,453606,NARAGANG,Angul,20.3069,85.51363
Odisha,453619,Rishipada,Angul,20.4108,85.19347
Odisha,453828,AMALAPADA,Angul,20.6515,85.60202862
Odisha,453829,COLLAGE BYPASS ROAD,Angul,20.6376,85.61819242
Odisha,453830,STATION BAZAR,Angul,20.6772,85.584472
Odisha,453842,Balabhadrapur,Angul,20.693,85.57747543
Odisha,453843,MUKTA DEBIPUR,Angul,20.6638,85.59802923
Odisha,453884,RAJABALI NAGAR,Angul,20.5141,85.63283
Odisha,453886,Banki(R P T),Angul,20.3757,85.53135845
Odisha,453887,PURUSOTAMPUR,Angul,20.5546,85.76207
Odisha,453906,Tigiria,Angul,20.4652,85.5178909
Odisha,453956,Nilamadhab pur,Angul,20.703,85.52263904
Odisha,454039,Belatikiri,Angul,20.6966,85.69066
Odisha,454041,KAPILASH,Angul,20.6984,85.74508446
Odisha,454095,MATHAKARGALA,Angul,20.8997,85.68072673
Odisha,454139,JIRAL,Angul,20.8641,85.67608813
Odisha,454140,BHUBAN,Angul,20.8867,85.83191667
Odisha,454144,JORANDA,Angul,20.7864,85.72188889
Odisha,454162,BANKI-2,Angul,20.3818,85.53633693
Odisha,454163,KHANDABANDHA,Angul,20.8236,85.92980571
Odisha,454164,GADAJIT,Angul,20.3903,85.616
Odisha,454177,SANKARPUR,Angul,20.5157,85.58077
Odisha,454178,DAYANABILI,Angul,20.922,85.73919444
Odisha,454179,SAMALA,Angul,20.9182,85.79616667
Odisha,454180,SURAPRATAPPUR,Angul,20.9042,85.74447222
Odisha,454181,RADHAKRISHNAPUR,Angul,20.5753,85.676696
Odisha,454189,GANDIA,Angul,20.7645,85.79939104
Odisha,454196,BADAMBA,Angul,20.419,85.34386228
Odisha,454197,RATAPAT,Angul,20.4106,85.22221944
Odisha,454241,NARSINGHPUR,Angul,20.4606,85.07588863
Odisha,454274,HARIRAJPUR,Angul,20.3903,85.56496
Odisha,454275,BALIAMBA,Angul,20.5459,85.52130565
Odisha,454323,CHANDRASEKHAR PRASAD,Angul,20.5415,85.49805556
Odisha,454324,Nihalprasad,Angul,20.7983,85.99225
Odisha,454533,KANTIOPUTASAHI,Angul,20.7824,85.51127
Odisha,454538,Mahulia,Angul,20.4365,85.41799
Odisha,454549,Anantapur,Angul,20.9307,85.84837
Odisha,454632,BULRAMBIHAR,Angul,20.6436,85.58736004
Odisha,454644,NARIALI,Angul,20.5845,85.6532
Odisha,454649,PINGUA,Angul,20.8164,85.94588531
Odisha,454672,TALABASTA,Angul,20.3426,85.59291
Odisha,464049,Kasnapal mahulpal,Angul,20.86908,85.89228
Odisha,464051,DOLAMDEP SAHI,Angul,20.66703,85.59492
Odisha,464052,Meena Bazar,Angul,20.65892,85.59903
Odisha,500028,Godasila,Angul,20.67055,85.4973
Odisha,500030,Saptasajya,Angul,20.58029,85.59504
Odisha,500057,Mandar,Angul,20.84866,85.85715
Odisha,500065,Gobindpur Near Jatmundai,Angul,20.38316,85.60016
Odisha,500066,Athagad,Angul,20.52421,85.64344
Odisha,500068,Dhenkanal,Angul,20.66915,85.59148
Odisha,500070,Kankadad,Angul,20.64642,85.55474
Odisha,500165,Sadangi,Angul,20.81405,85.84026
Odisha,501068,Ganesh Vihar,Angul,20.657278,85.595944
Odisha,501089,PALASATIKIA,Angul,20.92251,85.75817
Odisha,501117,MANAPUR,Angul,20.414278,85.474361
Odisha,501126,Birakishorpur,Angul,20.515472,85.625778
Odisha,501175,NERA DHENKANAL COLLEGE,Angul,20.647528,85.612139
Odisha,501200,PATAPUR,Angul,20.361056,85.537528
Odisha,501252,BAUNSAPUT,Angul,20.417556,85.491167
Odisha,502074,Talabasta,Angul,20.34058,85.58492
Odisha,502608,Ragadusahi,Angul,20.662556,85.595694
Odisha,503068,Ramnagarpatna    ,Angul,20.759722,86.556806
Odisha,503246,GHOLAPUR,Angul,20.46079,86.46079
Odisha,504208,KHATUAHATA,Angul,20.786361,85.547277
Odisha,508413,Nuapatana,Angul,20.445444,85.469528
Odisha,508509,PATHAPUR,Angul,20.431833,85.660194
Odisha,508538,ODISSA,Angul,20.968583,85.744722
Odisha,508568,RAMACHANDRAPUR,Angul,20.354389,85.496139
Odisha,508588,GADAGOVINDPUR,Angul,20.618,85.641861
Odisha,508601,Badamba,Angul,20.419278,85.337889
Odisha,520316,DASA MANA PATNA,Angul,20.831444,85.963555
Odisha,521762,ALARA,Angul,20.46622,85.11637
Odisha,521960,Bhuban- Bania Sahi,Angul,20.87867,85.83027
Odisha,522087,K-V-K Nilachal Power Plant,Angul,20.59426,85.75313
Odisha,522944,Gopalpur(Ratapat),Angul,20.41749,85.2458
Odisha,523707,Sankameri-Badamba,Angul,20.37754,85.3395
Odisha,524386,Chirulei,Angul,20.75457,85.73934
Odisha,524621,"Joranda, Dhenkanal",Angul,20.78081,85.74703
Odisha,525116,Aanla,Angul,20.98527,85.76335
Odisha,525531,Dhanswar,Angul,20.32825,85.52661
Odisha,526022,Nathua-Dhenkanal,Angul,20.75803,85.66934
Odisha,526222,Maruabili,Angul,21.03556,85.71161
Odisha,526246,Rankia,Angul,20.82987,85.62778
Odisha,526365,Badabhuin_1 ,Angul,20.48564,85.0994
Odisha,526456,Songarapalli_Dhenkanal,Angul,20.71732,85.55972
Odisha,526980,Tarading,Angul,20.52686,85.67515
Odisha,527542,Bhaliabolkateni,Angul,20.63277,85.52665
Odisha,528594,Regeda_1,Angul,20.5287,84.92144
Odisha,529936,Kalamatia,Angul,20.44433,85.21557
Odisha,556237,Dhenkanal(Similia)_GSM,Angul,20.6763,85.6021
Odisha,556297,UW_Orissa_0886_Kusupangi Village,Angul,20.418,85.6322
Odisha,556334,UW_ORISSA_0761_KAPURSINGI,Angul,20.5488,85.7854
Odisha,556361,UW_Orissa_0909_RAMAKRIHSNAPUR,Angul,20.5533,85.6514
Odisha,556385,Tigiria_02_GSM,Angul,20.4545,85.5538
Odisha,556386,UW_Orissa_0615_Station Bazar,Angul,20.6749,85.5883
Odisha,556428,UW_ORISSA_0929_PATPUR,Angul,20.3615,85.5375
Odisha,556438,UW_Orissa_0858_JIRAL,Angul,20.8632,85.6765
Odisha,556472,Khuntuni,Angul,20.56583333,85.71147222
Odisha,556549,GONDIA,Angul,20.76333333,85.7975
Odisha,556610,Khuntuni_GSM_01,Angul,20.56316667,85.724
Odisha,556831,Dhenkanal_GSM(Minabazar),Angul,20.6587,85.59985
Odisha,556873,Joranda,Angul,20.78638889,85.72194444
Odisha,556888,Deulasahi_(GSM),Angul,20.64915,85.59418
Odisha,556932,Sanjulatha Sahoo Land (Dhenkanal),Angul,20.65465,85.59496
Odisha,556935,Athgarh,Angul,20.51744,85.62053
Odisha,556937,Laxmibazar,Angul,20.69301,85.57076
Odisha,557012,Nijigada-02,Angul,20.463,85.0739
Odisha,557019,Panchagaon,Angul,20.4706,85.5306
Odisha,557020,Ratapata,Angul,20.4115,85.2243
Odisha,578390,Madhabapur,Angul,20.50914,85.70341
Odisha,582953,Radhagovindapur,Angul,20.51353,85.63774
Odisha,582973,NUA BHUBAN,Angul,20.88388,85.82476
Odisha,583153,BHUBAN-01,Angul,20.88497,85.80566
Odisha,583509,Balarampur-1,Angul,20.46684,85.73671
Odisha,583510,Dhenkanal - Bhagabanpur,Angul,20.66476,85.61437
Odisha,586654,Narasinghpur,Angul,20.46279,85.08474
Odisha,587361,Korian By Pass Chowk-Kesaria,Angul,20.68605,85.57796
Odisha,590937,Ragidapada,Angul,20.41485,85.38142
Odisha,663286,Balarampur,Angul,20.67866,85.4945
Odisha,663287,Gobindaprasad,Angul,20.58829,85.46344
Odisha,663288,Banasingh-Bhuinpur,Angul,20.78522,85.63633
Odisha,663643,Sankarpur,Angul,20.52219,85.58617
Odisha,664766,Mantri-Jagannathpur,Angul,20.88789,85.63831
Odisha,453328,"PAVITRA,DIHA",Angul,21.6369,85.61500257
Odisha,453329,DULADAR SAHI,Angul,21.6364,85.60461079
Odisha,453343,KASHIPUR,Angul,21.6302,85.61702543
Odisha,453420,PIPLIA,Angul,21.5639,85.76222941
Odisha,453423,DHENKIKOTE,Angul,21.499,85.83136349
Odisha,453433,KANDINIGHAR,Angul,21.824,85.57244275
Odisha,453463,JODA,Angul,22.0194,85.42368
Odisha,453539,CHAMPUA,Angul,22.0656,85.66782
Odisha,453574,MAHADEVDEULI,Angul,21.823,85.82588889
Odisha,453806,MAHABOOLGADIYA,Angul,21.6406,85.60564298
Odisha,453807,DRUPADA,Angul,21.6527,85.59286111
Odisha,453808,KEONJHAR,Angul,21.6356,85.60980721
Odisha,453809,MAHALAXMI VIHAR,Angul,21.647,85.60997222
Odisha,453810,ATAPUR,Angul,21.6276,85.59028147
Odisha,453811,HATIYA,Angul,21.6307,85.60047289
Odisha,453812,SHIV NARAYAN PUR,Angul,21.6221,85.58236546
Odisha,453813,BADADERA,Angul,21.6269,85.62360883
Odisha,453814,KULLADERA,Angul,21.6364,85.62511241
Odisha,453851,AMBAGADIA,Angul,21.1996,86.19436445
Odisha,454003,Badjampusi,Angul,21.5777,85.84486264
Odisha,454070,AMARANG,Angul,21.308,86.06794919
Odisha,454071,DARAKHOLA,Angul,21.3522,86.00589225
Odisha,454084,SIJUKALA,Angul,21.9484,85.59827557
Odisha,454105,Bilipada,Angul,22.0636,85.47322222
Odisha,454183,BARBIL 2,Angul,22.1152,85.39394
Odisha,454184,BARBIL,Angul,22.1048,85.38663889
Odisha,454185,BHADRASAHI,Angul,22.0577,85.38613522
Odisha,454224,BALIBAND,Angul,21.6563,85.84980255
Odisha,454225,UDAYAPUR,Angul,21.7051,85.85713889
Odisha,454392,SINGADA,Angul,21.8537,85.90948
Odisha,454408,BADA RARUAN,Angul,21.9574,85.861642
Odisha,454463,CHILIDA,Angul,21.7545,85.76391667
Odisha,454485,Khireitangiri,Angul,21.7117,85.70512
Odisha,454498,DARI,Angul,21.8722,85.96288
Odisha,454504,KARANJIA002,Angul,21.7664,85.97228
Odisha,454637,BIRGOVINDPUR,Angul,21.266,86.08822294
Odisha,454638,GHADGAON,Angul,21.3936,85.89941634
Odisha,463921,Kendujhar,Angul,21.63508,85.61089
Odisha,480260,Balarampur_Atasahi,Angul,21.17558,86.07232
Odisha,481343,Kumbhirda_1,Angul,21.91494,85.80724
Odisha,481345,Tangia,Angul,21.88914,85.89145
Odisha,500055,Keonjhar-3,Angul,21.65262,85.60762
Odisha,501071,Kandinighar,Angul,20.896667,85.577556
Odisha,502321,MUNICIPALITY ROAD,Angul,21.21547,86.12189
Odisha,502600,Mayaurgadia,Angul,21.640111,85.605278
Odisha,508282,Kodapada(Pro Active),Angul,21.289589,86.087889
Odisha,508283,Salabani (Pro Active),Angul,21.219931,86.166119
Odisha,508389,SAGADAPATA ,Angul,21.2475,85.918111
Odisha,508390,BHAGAMUNDA,Angul,21.269972,85.870917
Odisha,508391,BARAKHAMAN,Angul,21.332944,85.84225
Odisha,508392,BOXIBARIGAM,Angul,21.495639,85.650944
Odisha,508424,"Jagannathpur, KJR",Angul,21.632611,85.613417
Odisha,508425,Rimuli,Angul,21.96125,85.605417
Odisha,508431,HIRAKUND COLONY,Angul,22.039472,85.436806
Odisha,508435,Mirnal Nagar,Angul,22.103389,85.376778
Odisha,508454,Hospital Road(Barbil),Angul,22.109,85.386556
Odisha,508471,Hospital Coloney,Angul,21.62875,85.595194
Odisha,508513,PANCHIPALI,Angul,21.169583,86.176972
Odisha,508548,KANTIPAL,Angul,21.265083,86.200111
Odisha,508558,ANANDAPUR,Angul,21.207944,86.1385
Odisha,508609,Barbil - 14,Angul,22.092583,85.354306
Odisha,508610,Barbil - 13,Angul,22.109889,85.381694
Odisha,508611,"Shiv Mandir, Joda",Angul,22.028556,85.42225
Odisha,508613,Childa,Angul,21.75425,85.764167
Odisha,508614,Badamanigaon,Angul,21.663056,85.611944
Odisha,508632,Janghira,Angul,21.427722,85.619611
Odisha,520355,ANKURA CHAKA,Angul,21.778277,85.95888
Odisha,521221,UCHABALI,Angul,21.93103,85.77686
Odisha,521580,Anandapur-Tukuna,Angul,21.19524,86.15788
Odisha,525221,Badamuria,Angul,21.86781,85.64319
Odisha,525747,Padampur-Keonjhar,Angul,21.23278,86.14043
Odisha,526335,Baghadafa,Angul,21.8152,85.97081
Odisha,526340,Batapalasa ,Angul,21.82312,86.05408
Odisha,527525,Hindola,Angul,22.05269,85.74055
Odisha,528597,Arjunposi,Angul,21.78639,85.85418
Odisha,528599,Amunipur,Angul,21.77586,85.52988
Odisha,528993,Gobindapur_Keonjhar,Angul,21.6402,85.6242
Odisha,530059,Dimbo,Angul,21.63404,85.65482
Odisha,530060,Bholabeda,Angul,21.55643,85.82463
Odisha,530068,Toranipokhari,Angul,21.58622,85.78368
Odisha,556599,Ghatagaon_GSM,Angul,21.39666667,85.89272222
Odisha,556713,HARICHANDANPUR,Angul,21.33944444,85.79055556
Odisha,556740,Narenpur,Angul,21.61147222,85.64808333
Odisha,556847,UW_Orissa_0648_NEAR KARANJIA,Angul,21.7743,85.9821
Odisha,556848,UW_ORISSA_0649_KARANJIA_Girisa,Angul,21.7549,85.9728
Odisha,556901,Karanjia(Gadasahi)GSM,Angul,21.76414,85.96892
Odisha,556952,Karanjia,Angul,21.76522222,85.97661111
Odisha,556954,Baldev Temple(Keonjhar_2),Angul,21.6298,85.58739
Odisha,557230,Joda,Angul,22.02057,85.42052
Odisha,557238,Swargadwara,Angul,22.0396,85.4369
Odisha,557240,Kumarjoda,Angul,22.00584,85.42248
Odisha,557241,Goalimines,Angul,21.97883,85.28553
Odisha,557274,Champua,Angul,22.06492,85.66843
Odisha,557280,Gadadharpur,Angul,21.44527,85.87534
Odisha,557316,Kendujhar_006_GSM,Angul,21.629,85.61832
Odisha,557334,UW_Orissa_0718_KEONJHAR NEW COLONY,Angul,21.6424,85.6171
Odisha,557339,Parshala Keonjhar(GSM),Angul,21.9454,85.602
Odisha,557341,UW_Orissa_0860_Baneikala Basti(Joda-2),Angul,22.0358,85.4221
Odisha,574235,BALDEV TEMPLE KEONJHAR 2 BSC,Angul,21.6298,85.5873
Odisha,574362,Joda-Khondbond,Angul,21.93089,85.38049
Odisha,578310,Bakla,Angul,21.92455,86.05785
Odisha,578311,Kesana,Angul,21.89652,85.81345
Odisha,578348,Raidiha,Angul,21.66624,85.97986
Odisha,581891,Forest office-01,Angul,22.11819,85.39462
Odisha,581896,Tata Server Room_Joda,Angul,22.006497,85.428295
Odisha,581897,Tata Equipment Room_Joda,Angul,21.9944,85.4356
Odisha,581937,ST. Marry School,Angul,22.10627,85.37955
Odisha,582197,salapada By Pass Chhak,Angul,21.19851,86.12
Odisha,582820,AMRUT VIHAR,Angul,21.63702,85.59718
Odisha,582952,Phd Colony,Angul,22.1211,85.382
Odisha,582976,Sailong chock,Angul,21.21596,86.09779
Odisha,582978,College Road Badahal,Angul,21.64989,85.61826
Odisha,583056,Joda East Township,Angul,22.02875,85.42891
Odisha,584007,Banajodi-01,Angul,21.7139,85.58108
Odisha,584193,Sukruli,Angul,21.92401,85.86508
Odisha,588274,Tata West Colony_Joda,Angul,22.02397,85.41281
Odisha,588276,Tata East Colony_Joda,Angul,22.0258,85.42903
Odisha,590959,MMTC Colony_01,Angul,22.04104,85.42621
Odisha,591230,Silisuan,Angul,21.84004,85.53781
Odisha,593126,Denkapur,Angul,21.626,85.58479
Odisha,593705,Khanda_01,Angul,21.95246,85.39025
Odisha,594104,Mmtc Colony_03,Angul,22.02933,85.43334
Odisha,594461,Hotel Srikirshina,Angul,21.63347,85.59203
Odisha,595212,Kabitra,Angul,21.67601,85.60874
Odisha,595259,Upardiha,Angul,21.40357,85.88767
Odisha,595308,Champua 7,Angul,22.06702,85.64254
Odisha,595687,JAIL ROAD_KEONJHAR,Angul,21.63699,85.60225
Odisha,596307,Tata Steel Long Products Town Ship,Angul,22.059131,85.47646
Odisha,663282,Haladia,Angul,21.87905,85.90958
Odisha,663356,Tolankabahala,Angul,21.59402,85.64557
Odisha,666484,Essel Mines,Angul,21.95817,85.42467
Odisha,666583,Badamasinabilla,Angul,21.48601,85.86926
Odisha,453400,Banipara,Angul,20.7554,85.45702778
Odisha,453413,BAGHAUABUL,Angul,20.9382,85.2117192
Odisha,453415,SANDA,Angul,20.8332,85.40355922
Odisha,453445,SAMAL,Angul,21.0681,85.13058121
Odisha,453462,PURJUNG,Angul,20.9215,85.31611557
Odisha,453481,FERTILIZER CORPORATION OF INDIA TOWNSHIP-2,Angul,20.9131,85.1572
Odisha,453500,SARANG,Angul,20.9232,85.26269514
Odisha,453501,RADHARAMANPUR,Angul,21.0127,85.17653043
Odisha,453502,BARKOTE1,Angul,21.5429,84.99180556
Odisha,453524,KHAMAR,Angul,21.2647,85.19564255
Odisha,453525,GAHAMA,Angul,21.1199,85.14630423
Odisha,453563,KANDRASINGHA,Angul,20.889,85.3155
Odisha,453570,TALABEDA,Angul,20.9747,85.2065
Odisha,453621,Kualo,Angul,20.9579,85.28722
Odisha,453641,SMELTORPLANT,Angul,20.8183,85.16806
Odisha,453960,MASALIA,Angul,20.8118,85.29474
Odisha,453971,BANDA,Angul,20.845,85.19105556
Odisha,453975,MOTANGA,Angul,20.7942,85.3141
Odisha,453979,Haldiya Bahal,Angul,20.7784,85.35082861
Odisha,453983,BANARPAL,Angul,20.8408,85.22258656
Odisha,453984,NILACHAL VIHAR,Angul,20.9467,85.21797312
Odisha,453985,REMUNA,Angul,20.9535,85.21486472
Odisha,453986,LINGRAJ ROAD,Angul,20.948,85.21088889
Odisha,453990,Parjang(RPT),Angul,20.9285,85.35130649
Odisha,453991,THANASAHI,Angul,20.9492,85.23183766
Odisha,454000,KAHANIA,Angul,21.0944,85.08575
Odisha,454078,GHANTAPADA002,Angul,20.9344,85.18194444
Odisha,454126,BADAJHARA,Angul,20.9438,85.39861056
Odisha,454161,BASOI,Angul,20.9042,85.38433285
Odisha,454234,MANGAL PUR,Angul,20.8487,85.27572222
Odisha,454255,BALIAPASI,Angul,21.3537,85.1725349
Odisha,454264,VIJAYNAGAR,Angul,21.5542,84.92147222
Odisha,454269,PITIRI,Angul,20.9458,85.27497222
Odisha,454284,SEEPUR,Angul,21.1674,85.15275458
Odisha,454285,BAJRAKOT,Angul,21.2134,85.04160827
Odisha,454289,GOTAMARA,Angul,20.8596,85.19991667
Odisha,454307,GOLABANDHA,Angul,21.4688,85.09811133
Odisha,454450,BASULEI,Angul,21.0137,85.25080556
Odisha,454473,Telkoi,Angul,21.3588,85.3948
Odisha,454500,MUKTAPASI,Angul,20.9409,85.41178
Odisha,454554,Purunagad,Angul,21.5327,84.71786
Odisha,454571,Hanumanpur,Angul,21.1442,85.05789
Odisha,464029,KANKADASODA,Angul,20.96689,85.3458
Odisha,464035,DERANG,Angul,21.12233,84.99983
Odisha,464045,LODHANI,Angul,20.87656,85.3147
Odisha,464054,PATRAPADA,Angul,20.85114,85.33128
Odisha,464690,DERA COLLIERY TOWNSHIP(C.T.),Angul,20.95053,85.17061
Odisha,465717,BCML Workshop,Angul,20.98382,85.14911
Odisha,500020,Hindol Road,Angul,20.76349,85.42272
Odisha,500027,Bhusala,Angul,20.82778,85.25776
Odisha,500029,Kodala,Angul,20.73793,85.36279
Odisha,500072,Gotamar,Angul,20.85856,85.2018
Odisha,501053,Kamakhyanagar,Angul,20.931472,85.547111
Odisha,501149,GOURKANTI,Angul,20.77988889,85.36338889
Odisha,502013,Kaniha,Angul,21.091528,85.06325
Odisha,502291,KUMUSHI,Angul,20.84736,85.3699
Odisha,502596,Gotamara,Angul,20.848944,85.21325
Odisha,502648,Motanga,Angul,20.794583,85.314306
Odisha,502677,TALCHARPLANT,Angul,26.678639,85.20373
Odisha,502678,BARAH,Angul,26.791278,84.98114
Odisha,502682,TAKUA,Angul,21.11757,84.981139
Odisha,503400,MUNDAPADA,Angul,20.9482,85.23463
Odisha,504225,KUSAPANGA,Angul,20.843444,85.287306
Odisha,508469,Talcher Chhak,Angul,20.949722,85.226472
Odisha,508479,Sant pada,Angul,20.905833,85.218778
Odisha,508501,PALLAHARA,Angul,21.435194,85.193167
Odisha,508514,KACHERY SAHI,Angul,21.538222,84.738889
Odisha,508524,Pravasuni,Angul,21.547972,84.558778
Odisha,508527,MUNDASIRA-A,Angul,21.464306,85.13875
Odisha,508584,JATIA,Angul,20.910472,85.250611
Odisha,520261,ASHA TALKIES,Angul,20.830805,85.229555
Odisha,521041,TAUNLASAHI,Angul,21.54065,84.72899
Odisha,521171,BASALAI,Angul,21.50212,84.84814
Odisha,521501,JHIMIRIPALLLI,Angul,21.42009,85.16425
Odisha,521962,SAI VIHAR-KAMAKHAYANAGAR,Angul,20.93661,85.54481
Odisha,522098,GMR CAPACITY,Angul,20.86645,85.25574
Odisha,523524,Kaniha-3-Angul,Angul,21.08126,85.07693
Odisha,524733,Bijaynagar-Deogarh,Angul,21.54715,84.93912
Odisha,525119,Kantapal,Angul,21.07875,85.53535
Odisha,526193,Podagarh,Angul,21.24459,85.04786
Odisha,526327,Kantiokateni,Angul,20.80575,85.49452
Odisha,526364,Tumusingha ,Angul,20.79328,85.47253
Odisha,527590,Maukaketani,Angul,20.96203,85.63091
Odisha,530220,Global Coal,Angul,20.92806,85.16356
Odisha,532012,Bhusan_Steel_Meramunduli ,Angul,20.7863,85.26531
Odisha,556265,UW_Orissa_0720_Remua,Angul,20.9472,85.2169
Odisha,556329,UW_Orissa_0721_Talcher(Baghugul),Angul,20.936,85.221
Odisha,556339,UW_Orissa_0901_MERAMUNDALI,Angul,20.78726,85.32404
Odisha,556369,UW_Orissa_0872_KANTAPAL,Angul,20.7967,85.4503
Odisha,556371,UW_Orissa_0719_Ghantapada,Angul,20.9347,85.1804
Odisha,556378,UW_Orissa_0902_MINI IDCO_02(DKL),Angul,20.8511,85.5206
Odisha,556487,Kania(NTPC),Angul,21.08425,85.0725
Odisha,556527,Khamar,Angul,22.26463889,85.19588889
Odisha,556543,South Balanda,Angul,20.92,85.15388889
Odisha,556698,Karanda,Angul,20.70166667,85.33444444
Odisha,556799,Balaramprasad_05_GSM,Angul,20.92022222,85.22136111
Odisha,556859,Banarpal,Angul,20.84037,85.22955
Odisha,556865,Deracolliery Township,Angul,20.95027778,85.17194444
Odisha,556892,Mahulapala Kamakhyanagar_GSM,Angul,20.895,85.542
Odisha,557191,Balaramprasad_02_GSM,Angul,20.90315,85.17358
Odisha,569991,Bamparpada,Angul,21.47875,85.07847222
Odisha,569998,Dandasinga,Angul,21.50730556,84.93197222
Odisha,581359,Gmr Plant(Pandarabharania),Angul,20.8758,85.2586
Odisha,582184,Khetrabasipur-Pallahara,Angul,21.4293,85.19619
Odisha,584957,Near Deogargh College,Angul,21.5349,84.72289
Odisha,585742,Goramapur,Angul,20.9413,85.22466
Odisha,586820,Deogarh Sp Office,Angul,21.53574,84.70888
Odisha,586881,Benjatinali,Angul,21.53304,84.7379
Odisha,587750,Patrapali-01,Angul,21.47153,85.0591
Odisha,588280,Denali,Angul,21.25482,85.0306
Odisha,592128,Kisoripali ,Angul,20.97595,85.23508
Odisha,593983,Kandhal,Angul,20.97829,85.18724
Odisha,594105,Santhapada,Angul,20.91418,85.23244
Odisha,595811,Bonda_01,Angul,20.84185,85.19951
Odisha,599340,Dihadol,Angul,20.92511,85.32668
Odisha,599516,KHANDAL,Angul,21.54265,84.87424
Odisha,663300,Kamakhya nagar,Angul,20.8947,85.56054
Odisha,664764,Kantabahal,Angul,21.3345,84.81007
Odisha,453321,TURANG,Angul,20.8449,85.12246754
Odisha,453324,Madanmohan Pada,Angul,20.8347,85.09108145
Odisha,453411,kumarsing,Angul,20.8883,84.8798
Odisha,453412,Handpa,Angul,20.9505,84.68977778
Odisha,453470,BALARAM PRASAD,Angul,20.8741,85.17491667
Odisha,453587,RASOL,Angul,20.6262,85.32402
Odisha,453672,KENDASHAR,Angul,20.8432,85.1332
Odisha,453684,KANDASAR,Angul,20.842,85.14694444
Odisha,453715,NALCO NAGAR,Angul,20.8457,85.15977778
Odisha,453778,MATTIASAHI,Angul,20.8209,85.09925
Odisha,453779,VIKAS NAGAR,Angul,20.8476,85.11663987
Odisha,453780,KHALORI,Angul,20.8217,85.1088055
Odisha,453788,KEMUNDA,Angul,20.8552,85.08163
Odisha,453789,HULURUSINGHA,Angul,20.8302,85.08577
Odisha,453790,HEMASAR,Angul,20.8476,85.08779
Odisha,453846,NIGAMANANDA LANE,Angul,20.8441,85.10285709
Odisha,453973,santrapur,Angul,20.8313,84.96305432
Odisha,453977,KATADA,Angul,20.9084,84.819488
Odisha,453978,Anadmunda,Angul,20.9258,84.74111111
Odisha,453981,MALISAHI,Angul,20.8551,84.91752751
Odisha,454047,Kalabada,Angul,21.0166,84.47624851
Odisha,454052,SADHUMUNDA,Angul,21.0514,84.45157894
Odisha,454053,DETAGARH,Angul,21.0676,84.41402
Odisha,454063,BADAHINDOL,Angul,21.09,84.25975
Odisha,454086,Charmal,Angul,21.1172,84.20975
Odisha,454089,JARASINGHA,Angul,20.8581,85.0616388
Odisha,454090,PARANGA,Angul,20.8761,85.02841667
Odisha,454119,KANGULA,Angul,20.7969,85.12994444
Odisha,454130,Kishore Nagar,Angul,20.9943,84.54494666
Odisha,454253,MAHIDARPUR,Angul,20.6935,85.18
Odisha,454348,DUDURAKOTE,Angul,20.6902,85.25905728
Odisha,454390,HINDOL,Angul,20.6092,85.19830137
Odisha,454461,BAGHADHARIA,Angul,20.6439,85.30655
Odisha,454478,RADHANAGAR,Angul,20.7489,84.32764
Odisha,454519,BAGEDIA,Angul,21.1047,84.81564
Odisha,454569,NALCOCOLONY,Angul,20.8542,85.15033166
Odisha,464046,NALCO NAGAR,Angul,20.84586,85.14833
Odisha,464056,Amalapada,Angul,20.84611,85.09344
Odisha,464678,Raniguda,Angul,20.85908,85.10861
Odisha,464679,Turang,Angul,20.83994,85.11845
Odisha,464680,Khandeswar,Angul,20.84333,85.133
Odisha,464681,BALASINGHA,Angul,20.75158,85.10632
Odisha,464688,Bsc Anugul,Angul,20.84422,85.11203
Odisha,464689,Nalco,Angul,20.83872,85.16673
Odisha,464693,NALCOCOLONY,Angul,20.85408,85.16372
Odisha,500008,Mahidharpur,Angul,20.69339,85.20522
Odisha,500009,Khalari,Angul,20.80154,85.1156
Odisha,500010,Sardhapur,Angul,20.79777,85.08155
Odisha,500012,Panchayat Ind-,Angul,20.84442,85.08876
Odisha,500013,Baniabahal,Angul,20.82188,85.09003
Odisha,500071,Nalconagar,Angul,20.84823,85.16926983
Odisha,501132,Redhakhol,Angul,21.070833,84.34125
Odisha,501194,BALIPATA,Angul,20.9863,84.8516
Odisha,501222,REDHAKHOL,Angul,21.049333,84.331889
Odisha,502332,BERHAMPUR,Angul,20.731889,84.998861
Odisha,502594,Santi Bazar,Angul,20.834083,85.089306
Odisha,502605,"Hanuman Bazar, Angul",Angul,20.8405,85.102231
Odisha,502637,Handpa,Angul,20.947556,84.685278
Odisha,502673,SANTRABANDH,Angul,25.54563,84.94896
Odisha,503060,ARAHAT,Angul,20.773306,85.182222
Odisha,503108,KALINGAPAL,Angul,20.645389,85.328056
Odisha,503302,RAMADIHA,Angul,20.901329,84.997079
Odisha,503553,POWER PLANT(Bhubanpur),Angul,20.53274,85.00366
Odisha,508384,Kadalimunda,Angul,20.920917,84.402139
Odisha,508385,Angapada,Angul,20.932333,84.563056
Odisha,508440,"NSC Colony,Angul",Angul,20.845111,85.093889
Odisha,508441,NAC Colony(Angul),Angul,20.826806,85.103889
Odisha,508456,Angul - 21,Angul,20.847417,85.104639
Odisha,508473,Angul - 12(TADA),Angul,20.827694,85.094028
Odisha,508476,Kanjrea,Angul,20.845528,84.932139
Odisha,508480,Talmul,Angul,20.726222,85.190972
Odisha,508482,Kosal,Angul,21.006306,84.936528
Odisha,508483,Durgapur,Angul,20.5598,84.53009
Odisha,508485,Tubey,Angul,20.817056,84.994167
Odisha,508486,Jail chowk,Angul,20.838,85.096306
Odisha,508487,Tamut Colony,Angul,20.834556,85.105139
Odisha,508556,PACHIRIBANDH,Angul,20.726306,84.531611
Odisha,508569,BUTUPALI,Angul,20.826417,84.3145
Odisha,508615,Balaram Prasad,Angul,20.872167,85.173639
Odisha,521416,PALASH,Angul,20.82985,84.30847
Odisha,521713,DUSHRASAHI,Angul,21.10521,84.800064
Odisha,523484,Kalamchuin-Natada,Angul,20.936703,85.056939
Odisha,524585,Jamugadia,Angul,20.67043,85.09179
Odisha,525745,Kunua,Angul,20.62184,85.35179
Odisha,526248,Kuskila,Angul,20.98941,84.88754
Odisha,529732,Issirisinga_1,Angul,20.78266,84.24441
Odisha,529812,Rajasahi/Dhalpur,Angul,20.70534,84.48299
Odisha,529946,KUMARI-1,Angul,20.59183,84.65572
Odisha,529947,Bhejigora,Angul,20.64913,84.58339
Odisha,556241,UW_Orissa_0489_Ranigoda,Angul,20.8586,85.1069
Odisha,556289,UW_Orissa_0493_Turanga,Angul,20.838,85.117
Odisha,556426,UW_Orissa_0904_MUSAPAPULI,Angul,20.8228,85.0381
Odisha,556466,"TADA, Angul Town,Angul",Angul,20.83821,85.0965
Odisha,556602,ANG_GSM_03,Angul,20.84365,85.11496
Odisha,556633,Jarasingha-3(Parang)GSM,Angul,20.87462,85.0302
Odisha,556702,Nizigarh,Angul,20.6084,85.19829
Odisha,556794,ANG_GSM_01,Angul,20.84579,85.1048
Odisha,556796,Jarasingha_02_GSM,Angul,20.85315,85.0775
Odisha,556823,Anugul(Girang)_GSM,Angul,20.85328,85.16399
Odisha,556863,Boinda,Angul,20.92552,84.74138
Odisha,556871,Chendipada,Angul,21.08305556,84.86861111
Odisha,556884,NALCO Township Angul(GSM),Angul,20.84039,85.14843
Odisha,556895,Chendipada & Koshala(GSM),Angul,21.089,84.843
Odisha,556930,"FCI, Nalco nagar",Angul,20.84251,85.15804
Odisha,556968,Anugul_GSM(Ranigoda),Angul,20.85248,85.09686
Odisha,557193,NALCO_01_GSM,Angul,20.84318,85.14539
Odisha,568681,"Athamalik Rep Kundanali - GSM , OR-GSM-706",Angul,20.77886,84.43261
Odisha,569383,Baudhgarh_GSM,Angul,20.82475,84.3115
Odisha,569399,UW_Orissa_0751_CHARMAL,Angul,21.1211,84.2063
Odisha,569948,Redhakhol,Angul,21.07166667,84.34222222
Odisha,577865,HAMABIRA,Angul,20.70602,85.10881
Odisha,578279,Iswarpal  ,Angul,20.59222,85.40584
Odisha,581133,Shital Plaza,Angul,20.839446,85.099138
Odisha,581752,Nalco-5,Angul,20.7796,84.9472
Odisha,582818,PARA-Angul,Angul,20.85575,84.87987
Odisha,582984,Basla Sahi,Angul,20.85483,85.18034
Odisha,583020,HIMITIRA,Angul,20.92464,84.48277
Odisha,583537,Rantle,Angul,20.82389,85.05527
Odisha,583576,sarapali deogarh,Angul,21.26847,84.54806
Odisha,583581,Chakradharpur Kosala,Angul,21.00043,84.94284
Odisha,586546,SARANDA,Angul,20.8472,84.30917
Odisha,588020,Kodibhanga,Angul,20.63021,85.31039
Odisha,588066,Padmabatipur,Angul,20.98361,85.10732
Odisha,588676,Gobra_01,Angul,20.90815,85.14101
Odisha,594544,Soubhaya Nagar,Angul,20.83923,85.11065
Odisha,594984,Kumind,Angul,20.84875,85.08297
Odisha,597207,Amlapada,Angul,20.84622,85.09936
Odisha,598665,Jarada,Angul,20.85074,84.95181
Odisha,664168,Mamuriasahi,Angul,21.09853,84.86113
Odisha,664169,Machhakuta,Angul,21.07614,84.83371
Odisha,664172,Ghosar,Angul,20.95166,84.48482
Odisha,664179,Pipalbahal,Angul,21.10353,84.78445
Odisha,664334,RAIJHARANA,Angul,20.95742,84.96945
Odisha,666471,KhaliaBagicha,Angul,20.83803,84.31866
Odisha,666582,Rasosingha,Angul,20.76017,84.43482
Odisha,453389,KODALA,Berhampur,19.6241,84.93888448
Odisha,453394,M.G Road,Berhampur,19.6134,84.65609
Odisha,453456,TARATARINI,Berhampur,19.4879,84.90583
Odisha,453490,GUNTHAPADA,Berhampur,19.6693,84.63816667
Odisha,453504,Gandala,Berhampur,19.4232,84.82711111
Odisha,453517,SIDHESWAR,Berhampur,19.3833,84.64483248
Odisha,453528,KALASENDHAPUR,Berhampur,19.6026,84.66719444
Odisha,453532,Sahapur,Berhampur,19.4602,84.86075
Odisha,453533,BARGAN,Berhampur,19.6007,84.68144
Odisha,453534,Burupada,Berhampur,19.4946,84.716333
Odisha,453562,SONAPALI,Berhampur,19.8051,84.78772222
Odisha,453565,Nimina,Berhampur,19.732,84.64463
Odisha,453579,DIGAPAHANDI,Berhampur,19.3778,84.570182
Odisha,453584,SARADA,Berhampur,19.7639,84.436597
Odisha,453611,MATHURA,Berhampur,19.6637,84.82441
Odisha,453625,Hinjilikatu,Berhampur,19.4772,84.74195
Odisha,453645,SANAKHOLI,Berhampur,19.7128,84.69894
Odisha,453929,BONOBA MARG ASKA,Berhampur,19.6119,84.66344853
Odisha,453966,KABISURYANAGAR,Berhampur,19.5883,84.74629
Odisha,454050,ATHAGARHPATNA,Berhampur,19.6034,84.81594109
Odisha,454114,Gudiali,Berhampur,19.5643,84.78150044
Odisha,454152,CHIRIKIBADASASAN,Berhampur,19.7611,84.84255543
Odisha,454153,GOLIA,Berhampur,19.7765,84.822275
Odisha,454202,BHATAKUMARADA,Berhampur,19.4396,84.87341308
Odisha,454227,LATHIPADA,Berhampur,19.7884,84.51247469
Odisha,454235,Gurunthi,Berhampur,19.3684,84.83041389
Odisha,454238,GOUTAMI,Berhampur,19.4078,84.64583056
Odisha,454257,DAMODARPALLI,Berhampur,19.6038,84.65680556
Odisha,454271,KUSARBA,Berhampur,19.6128,84.61352778
Odisha,454272,G.DHOUGAN,Berhampur,19.5982,84.64060353
Odisha,454278,Brahmanachai,Berhampur,19.543,84.72752778
Odisha,454287,Konkarada,Berhampur,19.4644,84.66463713
Odisha,454296,SUNADHARA,Berhampur,19.4329,84.9155
Odisha,454325,SERAGADA,Berhampur,19.5088,84.60533575
Odisha,454436,Pudamari,Berhampur,19.4343,84.46932968
Odisha,454438,SINGIPUR,Berhampur,19.4254,84.50671
Odisha,454451,TATABALI,Berhampur,19.7501,84.47925
Odisha,454456,Asurabandh,Berhampur,19.797,84.36241667
Odisha,454490,Mundamarai,Berhampur,19.64,84.60291
Odisha,454513,POLASARA,Berhampur,19.6961,84.81411
Odisha,454525,JAKARA,Berhampur,19.2553,84.55171
Odisha,454579,BABANPUR,Berhampur,19.6251,84.68591
Odisha,454595,SAMPUR,Berhampur,19.4714,84.73985
Odisha,454673,BALAKRUSHNAPUR,Berhampur,19.4614,84.82211
Odisha,464170,JAMUNI,Berhampur,19.49742,84.83536
Odisha,464171,SATAPENTAGOPALPUR,Berhampur,19.49728,84.58347
Odisha,464172,NANDIKA,Berhampur,19.47658,84.81272
Odisha,464173,Makarajhola,Berhampur,19.43967,84.7373
Odisha,464174,RADHADEIPUR,Berhampur,19.44833,84.59356
Odisha,464177,Mangalapur,Berhampur,19.64239,84.62883
Odisha,480455,Sana Surada,Berhampur,19.75688,84.4369
Odisha,501100,Hinjilikatu,Berhampur,19.483222,84.748861
Odisha,501110,ATHAGADAPATNA(Jio),Berhampur,19.606167,84.815667
Odisha,501111,BADAMADHAPUR,Berhampur,19.452639,84.963056
Odisha,501119,SIKULA,Berhampur,19.570694,84.908528
Odisha,501122,ALIGANDA,Berhampur,19.54492,84.17099
Odisha,501164,Hinjilikatu-1,Berhampur,19.486944,84.7395
Odisha,501181,SIKIRI,Berhampur,19.478694,84.77575
Odisha,501204,Kusapada,Berhampur,19.675472,84.557833
Odisha,501214,KHALLINGI,Berhampur,19.44675,84.649528
Odisha,502284,POLSARA-1,Berhampur,19.72341,84.82677
Odisha,502300,PANJI KAIN SQUARE,Berhampur,19.38275,84.56694
Odisha,502320,GOCHABADI,Berhampur,19.78667,84.94783
Odisha,503019,DIGAPAHANDI,Berhampur,19.37009,84.56944
Odisha,503403,GANGAPUR,Berhampur,19.004858,84.089161
Odisha,508494,SORADA,Berhampur,19.757944,84.43
Odisha,508495,Ankuspur,Berhampur,19.365222,84.759028
Odisha,508497,Chanameri,Berhampur,19.408167,84.497194
Odisha,508521,GOBINDPUR,Berhampur,19.786306,84.379639
Odisha,508545,GAJALBADI,Berhampur,19.845028,84.290444
Odisha,508566,BARIDA,Berhampur,19.6185,84.711778
Odisha,508629,"Balipada, Ganjam",Berhampur,19.37825,84.694444
Odisha,508630,CHHAMARI-2,Berhampur,19.417639,84.500083
Odisha,508633,Bhishmgiri,Berhampur,19.384806,84.470306
Odisha,508635,Sarasinghi,Berhampur,19.551528,84.833806
Odisha,508636,Pudamari,Berhampur,19.439,84.467
Odisha,520209,SUNDARAPALLI,Berhampur,19.629611,84.611361
Odisha,520418,BHUANBHUIN,Berhampur,19.48178,84.9773
Odisha,520430,JANIBILLI,Berhampur,19.6651,84.5626
Odisha,521319,PADMANAVPUR,Berhampur,19.35377,84.56691
Odisha,521570,Mochi Street,Berhampur,19.69207,84.81831
Odisha,521711,DENGAPADAR,Berhampur,19.48732,84.66729
Odisha,521712,KUSAMGADIA,Berhampur,19.68197,84.4016
Odisha,522136,"JAGANNATH SAHI, DURBANDHA",Berhampur,19.40273,84.79498
Odisha,522926,GUDIDHEPO,Berhampur,19.72468,84.49714
Odisha,523370,Jharapari,Berhampur,19.6893,84.60323
Odisha,525247,Phasi,Berhampur,19.60095,84.94552
Odisha,525432,Jagilipadara,Berhampur,19.64029,84.89385
Odisha,525956,Kanjiama,Berhampur,19.52061,84.75562
Odisha,526363,Kandasara_2 ,Berhampur,19.32973,84.61195
Odisha,526368,Kharida,Berhampur,19.49983,84.75753
Odisha,526718,Bhabandha,Berhampur,19.4125,84.87065
Odisha,526719,Pallyama,Berhampur,19.45378,84.93124
Odisha,526720,Sikharpur_1,Berhampur,19.43952,84.84167
Odisha,526780,NIMMIGAON,Berhampur,19.43739,84.79105
Odisha,526990,Narendrapur,Berhampur,19.5229,84.69578
Odisha,526991,Moulabhanaja,Berhampur,19.40348,84.53716
Odisha,527272,Jhadabai,Berhampur,19.52973,84.79173
Odisha,527279,Samantarapur,Berhampur,19.32499,84.45127
Odisha,527817,Gochha,Berhampur,19.85173,84.32848
Odisha,527958,Rishipur,Berhampur,19.59093,84.86728
Odisha,529675,Narasinghapur,Berhampur,19.34944,84.60183
Odisha,530138,Gochha/DABIKI,Berhampur,19.8578,84.32355
Odisha,556273,UW_Orissa_0495_Pakalpali,Berhampur,19.6229,84.6557
Odisha,556338,UW_ORISSA_0883_KONKORADA  VILLAGE,Berhampur,19.4642,84.6682
Odisha,556350,UW_Orissa_0934_Purushottampur(Radhakant Sahi),Berhampur,19.5226,84.8833
Odisha,556434,UW_Orissa_0650_Kabisurya Nagar,Berhampur,19.5986,84.7302
Odisha,556477,Hinjilicut,Berhampur,19.48722222,84.74555556
Odisha,556494,Kabisuryanagar,Berhampur,19.58625,84.7525
Odisha,556573,Aska_GSM_01,Berhampur,19.60598,84.67168
Odisha,556618,Patapur_01_GSM,Berhampur,19.44803,84.59489
Odisha,556691,UW_Orissa_0494_Kunbhari,Berhampur,19.6052,84.7017
Odisha,556710,SHERAGARH,Berhampur,19.51194444,84.60555556
Odisha,556936,Aska,Berhampur,19.61166667,84.66361111
Odisha,557031,Gokarnapur,Berhampur,19.3707,84.6192
Odisha,578309,Phulasarapali ,Berhampur,19.62087,84.63236
Odisha,582156,sasan Ambagam,Berhampur,19.45798,84.7917
Odisha,582387,Aska CP Nagar,Berhampur,19.60947,84.66673
Odisha,583014,MANASILA / BAGHADIHI,Berhampur,19.71205,84.80759
Odisha,588275,Jayapure,Berhampur,19.58184,84.68105
Odisha,593015,DENGAPADARA,Berhampur,19.61027,84.7383
Odisha,593020,Jenapur_Rukakana,Berhampur,19.65472,84.78159
Odisha,593537,Biripur_Bahulagam,Berhampur,19.43344,84.94805
Odisha,594545,Chandapura,Berhampur,19.5399,84.91401
Odisha,599226,Hugulapata,Berhampur,19.38394,84.84693
Odisha,599857,Kurala,Berhampur,19.45886,84.69457
Odisha,664332,bodalundi/ baghajhari,Berhampur,19.36146,84.71738
Odisha,667471,Mardarapur,Berhampur,19.64652,84.81712
Odisha,453385,SUNAKHALA,Berhampur,20.1722,85.33011525
Odisha,453459,Debotar Colony,Berhampur,20.1219,85.10455397
Odisha,453460,MACHIPADA,Berhampur,20.0847,85.09572091
Odisha,453489,LATHIPADA,Berhampur,20.1112,85.15575253
Odisha,453498,KHANDAPARA,Berhampur,20.2625,85.17416561
Odisha,453514,MARIAPAT,Berhampur,19.8414,84.57385967
Odisha,453567,KHATIA,Berhampur,20.068,85.22641667
Odisha,453580,NETANG,Berhampur,19.8574,84.61266
Odisha,453583,DASPALLA,Berhampur,20.3293,84.85330577
Odisha,453604,BELAGUNTA,Berhampur,19.8845,84.6377
Odisha,453620,Lembhei,Berhampur,20.0362,84.65097
Odisha,453624,Manitara,Berhampur,19.9029,84.80066
Odisha,453631,Banushagada,Berhampur,20.0752,85.26903
Odisha,453918,BOLOGADA,Berhampur,20.1727,85.27961456
Odisha,453921,ITAMATI,Berhampur,20.1389,85.1504184
Odisha,454097,NAYAGARH,Berhampur,20.1322,85.0902
Odisha,454118,SARANKUL,Berhampur,20.0308,85.08388934
Odisha,454133,GODIPADA,Berhampur,20.036,85.16222063
Odisha,454173,KALAPATHAR,Berhampur,20.2877,85.37718
Odisha,454195,KANTILO,Berhampur,20.363,85.19436427
Odisha,454228,BALIPADAR,Berhampur,19.7457,84.7055529
Odisha,454250,GANIA,Berhampur,20.4049,85.04325159
Odisha,454280,BIRUDA,Berhampur,20.1321,85.18625
Odisha,454322,MANDARA,Berhampur,19.7288,84.74586111
Odisha,454331,MAHIPUR,Berhampur,20.1612,84.98985786
Odisha,454341,GANGAPUR,Berhampur,19.7816,84.61025
Odisha,454396,MADHYAKHANDA,Berhampur,20.3407,84.92767053
Odisha,454425,BHANJANAGAR,Berhampur,19.9315,84.579829
Odisha,454512,KURAL,Berhampur,20.0167,84.91913
Odisha,454526,TANARADA,Berhampur,19.9076,84.61528
Odisha,454541,Galery,Berhampur,20.093,84.56786
Odisha,454653,MANIKAGADA,Berhampur,20.1832,85.21985728
Odisha,454666,NANDIGHORE,Berhampur,20.0142,85.02975
Odisha,463953,Sundaria,Berhampur,20.12736,85.11836
Odisha,464016,Odagaon,Berhampur,20.02033,84.97955
Odisha,464025,GUNTHUNI,Berhampur,20.1905,85.17533
Odisha,464027,Pancharidamanapur,Berhampur,20.00756,85.06756
Odisha,464668,Tikatala,Berhampur,20.18832,85.393
Odisha,500062,Champatipur,Berhampur,20.16694,85.15446
Odisha,500063,Gadadharprasad,Berhampur,20.16651,85.13191
Odisha,501130,Nayagarh 1,Berhampur,20.126472,85.107111
Odisha,502274,JAGANNATHPRASAD,Berhampur,19.97002,84.783
Odisha,502852,"NEAR SARSWATI VIDYA MANDIR SCHOOL,RANAPUR",Berhampur,20.055389,85.339944
Odisha,504215,DIGIRI,Berhampur,20.16,85.225861
Odisha,508369,Darpanarayan pur,Berhampur,20.074583,85.233028
Odisha,508489,Purusottampur,Berhampur,20.155528,85.188167
Odisha,508496,Buguda,Berhampur,19.813806,84.790417
Odisha,508506,LALSINGI,Berhampur,19.948333,84.573556
Odisha,508507,BHANJANAGAR-1,Berhampur,19.926167,84.585306
Odisha,508525,PHULBANI-04,Berhampur,20.481,84.226389
Odisha,508535,FATEHGARH,Berhampur,20.299278,85.330278
Odisha,508576,B B PATNA,Berhampur,20.354194,85.185861
Odisha,508581,SUBALAYA,Berhampur,20.318806,84.907861
Odisha,508617,Gediapalli Chhaka,Berhampur,20.15076,85.25148
Odisha,508618,Kendupalli,Berhampur,20.27075,85.472056
Odisha,508634,Chikalkhandi,Berhampur,19.935028,84.767889
Odisha,520244,BARAPALLI SASAN,Berhampur,20.151027,85.119083
Odisha,520264,GOTI SAHI,Berhampur,20.067694,85.090888
Odisha,521176,GANDADHARPUR,Berhampur,19.94573,84.7411
Odisha,522984,Balichai,Berhampur,19.66866,84.76235
Odisha,523154,Kandarsingh,Berhampur,19.91136,84.72393
Odisha,524395,Biranchipur-Ganjam,Berhampur,19.84233,84.81181
Odisha,524629,Kabirajpur-Near Gangpur,Berhampur,19.80415,84.6042
Odisha,525276,Nabaghanapur,Berhampur,20.10627,85.07528
Odisha,525433,Gandhabaran,Berhampur,20.00601,85.1216
Odisha,525532,Nagudu,Berhampur,19.88334,84.78466
Odisha,526225,Pantikhari_1,Berhampur,19.9318,84.65406
Odisha,526402,Khalikota ,Berhampur,20.20244,85.32034
Odisha,526926,Gobindapur_1,Berhampur,20.24342,85.44502
Odisha,526930,Parichhal,Berhampur,20.11346,85.49211
Odisha,526931,Dingar,Berhampur,20.1689,85.46537
Odisha,526946,SAMPUR(Bolagarh),Berhampur,20.19306,85.2532
Odisha,527274,Subalaya-1,Berhampur,19.66187,84.73697
Odisha,527591,Malatiput,Berhampur,20.43388,85.00434
Odisha,529695,Kudutei,Berhampur,19.95959,84.66779
Odisha,529699,Banka,Berhampur,19.82595,84.63022
Odisha,530010,P-Mahulia,Berhampur,19.93697,84.61935
Odisha,530573,Godi,Berhampur,20.18037,85.5117
Odisha,556245,Nayagarh,Berhampur,20.12681,85.11411
Odisha,556256,Bellagunta,Berhampur,19.88097222,84.63983333
Odisha,556366,UW_Orissa_0776_BAHADJHOLA,Berhampur,20.0806,84.9256
Odisha,556374,UW_Orissa_0819_Damasahi,Berhampur,20.0479,85.1898
Odisha,556398,Sarapada_(Jamusahi) (GSM),Berhampur,20.11533,85.10264
Odisha,556441,Rajsunakhala_Ratnapur Sahi(GSM),Berhampur,20.1672,85.3345
Odisha,556481,Begunia,Berhampur,20.20075,85.4422
Odisha,556500,Ittamati,Berhampur,20.13797,85.14747
Odisha,556501,Rajsunakhala,Berhampur,20.1715,85.33128
Odisha,556536,Kural,Berhampur,20.01444,84.92208
Odisha,556538,Khandapada,Berhampur,20.26583333,85.17833333
Odisha,556540,Fatehgarh,Berhampur,20.29961,85.32733
Odisha,556557,SARANAKOL_03,Berhampur,20.03272,85.09886
Odisha,556579,Kalapathar_GSM_01,Berhampur,20.291,85.37275
Odisha,556609,Balipadar_GSM,Berhampur,19.73805556,84.70933333
Odisha,556628,Bhapur_01_GSM,Berhampur,20.28761,85.29375
Odisha,556737,Belaguntha_02,Berhampur,19.89802778,84.62113889
Odisha,556746,Panchabhuti,Berhampur,19.97289,84.87053
Odisha,556753,Rajsunakhela_GSM_01,Berhampur,20.17008333,85.35594444
Odisha,556781,Khandapara_GSM_01,Berhampur,20.28633,85.17414
Odisha,556835,Nayagarh_GSM(Sinduria),Berhampur,20.13608,85.106
Odisha,556838,Nayagarh(College Road)_GSM,Berhampur,20.1195,85.1038
Odisha,556941,Jerabadi,Berhampur,19.96416667,84.79222222
Odisha,556959,Bolagarh,Berhampur,20.17286,85.27964
Odisha,556975,Bhanjanagar,Berhampur,19.93139,84.57778
Odisha,556976,Sarankol,Berhampur,20.02783,85.07789
Odisha,556982,Mishra Lane(Sarankul 2),Berhampur,20.03558,85.08633
Odisha,557132,Sarankul,Berhampur,20.03303,85.09625
Odisha,557133,Nayagarh,Berhampur,20.12867,85.12306
Odisha,557175,Odagaon,Berhampur,20.01231,84.987
Odisha,557180,Odagaon_02,Berhampur,20.02506,84.97933
Odisha,557189,Malisahi_GSM_01,Berhampur,20.18039,85.12906
Odisha,577662,Panikorad,Berhampur,20.29284,85.45293
Odisha,578389,Kulsara,Berhampur,20.14711,85.3737
Odisha,583057,GAUDIAPADHALA / DIKAPADHALA,Berhampur,19.93876,84.59766
Odisha,583508,Antarapada,Berhampur,19.7767,84.71925
Odisha,583575,Lodhachua- Ranpur,Berhampur,20.08777,85.34507
Odisha,583759,Deuli_ Malisahi,Berhampur,20.17289,85.07774
Odisha,586198,SANAPATHURI,Berhampur,19.92166,84.564
Odisha,586364,MUNIGADI,Berhampur,19.93625,84.57793
Odisha,587463,Phulabani_Kendupadar Houshingbord Colony,Berhampur,20.48481,84.21865
Odisha,590767,Bodasa,Berhampur,20.30214,85.19147
Odisha,593011,Surana Banapalli,Berhampur,19.76683,84.67014
Odisha,593017,ODAGAON_01,Berhampur,20.01234,84.98155
Odisha,593045,Nuagan_Barsahi,Berhampur,20.00229,85.09546
Odisha,593123,Palakasandha,Berhampur,19.78816,84.59212
Odisha,594462,Oldtown ,Berhampur,20.12868,85.09358
Odisha,594694,Khajuripada,Berhampur,20.48259,84.23747
Odisha,594695,Kajuriapada,Berhampur,20.48236,84.24394
Odisha,595000,limbey,Berhampur,20.28761,85.36884
Odisha,597809,Kaunripatna_01,Berhampur,20.17192,85.33765
Odisha,598469,Nayana Sagar,Berhampur,20.36122,85.18916
Odisha,598529,Tholanda,Berhampur,19.8928,84.73351
Odisha,599839,Begunia_01,Berhampur,20.19694,85.44562
Odisha,664170,sanadaga,Berhampur,20.07322,85.32624
Odisha,664171,Badagorada,Berhampur,20.04327,85.12417
Odisha,664177,Bagala,Berhampur,20.09205,85.34885
Odisha,666581,Khuntapada,Berhampur,20.23936,85.24437
Odisha,453301,SIDHANT NAGAR,Berhampur,19.317,84.80763422
Odisha,453305,GASHIA NUAGAON,Berhampur,19.2973,84.792755
Odisha,453306,BADIRAS NAGAR,Berhampur,19.2887,84.78808833
Odisha,453307,Brajanagar,Berhampur,19.3203,84.79852361
Odisha,453308,GANDHI NAGAR 2,Berhampur,19.3079,84.79188738
Odisha,453309,Ankuli,Berhampur,19.3035,84.8242537
Odisha,453312,HOUSING BOARD CHOWK,Berhampur,19.3079,84.78074824
Odisha,453313,NILADARY VIHAR,Berhampur,19.3201,84.78747135
Odisha,453314,KUDHA SINGI,Berhampur,19.3125,84.83194542
Odisha,453315,Sri  Ram Nagar,Berhampur,19.3208,84.78241991
Odisha,453483,CHIKITIGARH,Berhampur,19.2035,84.61505136
Odisha,453484,PATRAPUR,Berhampur,19.133,84.57157973
Odisha,453549,JAYANTIPUR,Berhampur,19.0898,84.61175
Odisha,453618,EKASINGI,Berhampur,19.1624,84.80133
Odisha,453651,CHANDAPUR,Berhampur,19.2458,84.751206
Odisha,453669,BIMA NAGAR,Berhampur,19.3149,84.84694444
Odisha,453740,OLD BUS STAND,Berhampur,19.313,84.78905235
Odisha,453741,JAGANATHPUR,Berhampur,19.3314,84.80508031
Odisha,453747,JAYPRAKASH NAGAR,Berhampur,19.3082,84.81775032
Odisha,453748,GANDHI NAGAR 7,Berhampur,19.3062,84.78672601
Odisha,453749,Utkal Ashram Road,Berhampur,19.3096,84.79597458
Odisha,453754,PANIGRAHI,Berhampur,19.3257,84.76750055
Odisha,453755,BERHAMPUR,Berhampur,19.3132,84.79683101
Odisha,453756,PREHLAL NAGAR,Berhampur,19.3112,84.77130556
Odisha,453758,NEW BUS STAND,Berhampur,19.3142,84.80183132
Odisha,453782,GOLANTRA 1,Berhampur,19.2234,84.75552879
Odisha,453783,GOLANTRA,Berhampur,19.259,84.77188682
Odisha,453785,RAM KRISHNA NAGR,Berhampur,19.3257,84.80288506
Odisha,453835,YALENDER JUNCTION,Berhampur,19.3112,84.80813983
Odisha,453838,V I P COLONY,Berhampur,19.3073,84.8054434
Odisha,453873,KUKUDAKHANDI,Berhampur,19.3947,84.75124742
Odisha,453875,ANADA NAGAR,Berhampur,19.2999,84.80450114
Odisha,453936,GATE BAZAR,Berhampur,19.315,84.79327731
Odisha,453959,GIRISOLA  GATE,Berhampur,19.1672,84.71666459
Odisha,454104,SUVANI,Berhampur,19.1323,84.71719229
Odisha,454135,Dura Bahadurpetta,Berhampur,19.3032,84.849483
Odisha,454159,CHIKITI,Berhampur,19.2026,84.59927517
Odisha,454232,BANTHAPALLI,Berhampur,19.3152,84.727267
Odisha,454382,Borigam,Berhampur,19.3585,84.80733056
Odisha,454600,DEFENCE COLONY,Berhampur,19.3194,84.87155
Odisha,454627,RATAVPUR,Berhampur,19.3553,84.76788929
Odisha,454640,GOLANTARA,Berhampur,19.201,84.74161082
Odisha,464091,Narendrapur,Berhampur,19.33311,84.86753
Odisha,464185,BEHRAMPUR(Prasanti nagar),Berhampur,19.3074,84.7762
Odisha,464186,Harida Khandi,Berhampur,19.317,84.76817
Odisha,464187,Bsc Berhampur,Berhampur,19.3147,84.84595
Odisha,464188,Mohada,Berhampur,19.2955,84.7447
Odisha,464189,Khajuri Road,Berhampur,19.29294,84.79733
Odisha,481149,Kesaripada,Berhampur,19.06176,84.60886
Odisha,501086,GOLABANDHA,Berhampur,19.251667,84.86325
Odisha,501094,RANGILUNDA,Berhampur,19.2945,84.88175
Odisha,501099,gopalpur (Ganjam),Berhampur,19.259528,85.901472
Odisha,501165,JAGMOHAN Street,Berhampur,19.316028,84.771333
Odisha,501170,Jail Road,Berhampur,19.2995,84.809472
Odisha,501173,BADA BAZAR,Berhampur,19.3115,84.778028
Odisha,501188,SURALA,Berhampur,19.13175,84.751917
Odisha,501249,Kidigam,Berhampur,18.833917,83.892528
Odisha,502334,BERHAMPUR UNIVERSITY,Berhampur,19.305417,84.88125
Odisha,502622,Rajsittarpur,Berhampur,18.805833,84.142778
Odisha,502623,Tali Sundari Sahi,Berhampur,18.78625,84.088611
Odisha,502624,Friends Colony,Berhampur,18.771417,84.0945
Odisha,502628,Randha,Berhampur,19.23213,84.75587
Odisha,502669,CHATRAPUR,Berhampur,19.36431,84.9405
Odisha,502670,BANABULLA,Berhampur,19.35677,84.9044
Odisha,508387,GAUNJU,Berhampur,19.16105,84.5024
Odisha,508388,Gosani Nuagaon,Berhampur,19.296722,84.787556
Odisha,508488,City High school (Berhampur),Berhampur,19.315306,84.784528
Odisha,508540,HARIPUR,Berhampur,18.897556,83.884861
Odisha,508543,LAXMIPUR,Berhampur,19.355917,84.886306
Odisha,508572,SASAN PADAR ,Berhampur,19.217556,84.778472
Odisha,508628,"Aska 1st Gate,Berhampur",Berhampur,19.322694,84.768222
Odisha,522137,TARINIPENTHA-GOLABANDH,Berhampur,19.2718,84.86888
Odisha,524381,Ambagam ,Berhampur,19.18262,84.56033
Odisha,524880,Karapalli,Berhampur,19.28274,84.88422
Odisha,525278,Madhabandha-Ganjam,Berhampur,19.16601,84.655
Odisha,526369,Bhimapur ,Berhampur,19.13491,84.60126
Odisha,526992,Jugudi,Berhampur,19.23865,84.72386
Odisha,527167,Kolathia,Berhampur,19.2116,84.58605
Odisha,527404,Gundra,Berhampur,19.09136,84.54061
Odisha,528606,Prem Nagar_Ber,Berhampur,19.31125,84.78288
Odisha,528774,Gandhinagar_Ber,Berhampur,19.3058,84.78835
Odisha,552815,Bada Bazar,Berhampur,19.31398,84.77524
Odisha,556238,UW_Orissa_0511_RAGHUPATI NAGAR,Berhampur,19.315,84.7704
Odisha,556248,Chamkhandi,Berhampur,19.34769,84.92917
Odisha,556283,Aravinda Nagar_(Baidyanathpur)_GSM,Berhampur,19.31025,84.80067
Odisha,556284,Hinjilikatu(Bhapur)_GSM,Berhampur,19.31494,84.78825
Odisha,556287,UW_Orissa_0519_BERHAMPUR_Pathura,Berhampur,19.3048,84.8491
Odisha,556300,Khodasing_02(GSM),Berhampur,19.3131,84.8391
Odisha,556327,UW_Orissa_0513_SIDDHARTH NAGAR,Berhampur,19.3184,84.8082
Odisha,556345,UW_Orissa_0520_Panakalapalli,Berhampur,19.2994,84.8233
Odisha,556348,UW_Orissa_0522_Anantanagar,Berhampur,19.3041,84.8019
Odisha,556397,Gajapati Nagar(GSM),Berhampur,19.31231,84.81864
Odisha,556407,Gate Bazar Berhampur(GSM),Berhampur,19.31456,84.79711
Odisha,556408,Bijipur(Berhampur)_GSM,Berhampur,19.30208,84.79303
Odisha,556450,Medical Chhak Berhampur(GSM),Berhampur,19.30613,84.81273
Odisha,556451,Kajuria Road Berhampur(GSM),Berhampur,19.2935,84.79764
Odisha,556452,Jagannath Vihar Berhampur(GSM),Berhampur,19.3076,84.7756
Odisha,556456,Goshani Nuagaon(Baidya Street)_GSM,Berhampur,19.29714,84.78756
Odisha,556502,Golabandha,Berhampur,19.25154,84.86331
Odisha,556534,Berhampur-4(Stadium),Berhampur,19.31211,84.79039
Odisha,556591,Gopalpur_GSM_01,Berhampur,19.26039,84.90167
Odisha,556623,Berhampur_016_GSM,Berhampur,19.31614,84.846
Odisha,556650,Berhampur_011_GSM,Berhampur,19.31083,84.78528
Odisha,556653,Berhampur Bus stand_GSM,Berhampur,19.31461,84.79995
Odisha,556655,Berhampur_(GoswaiNuagaon)GSM,Berhampur,19.29433,84.79167
Odisha,556663,PARALAKHEMUNDI-02(GSM),Berhampur,18.77647,84.11186
Odisha,556672,Paralakhemundi-01(GSM),Berhampur,18.7775,84.09294
Odisha,556680,Berhampur_012_GSM,Berhampur,19.31108,84.77147
Odisha,556682,UW_Orissa_0518_Lanjipalli,Berhampur,19.2983,84.8093
Odisha,556695,UW_Orissa_0521_Goilundi,Berhampur,19.3126,84.8098
Odisha,556716,PATRAPUR,Berhampur,19.1305,84.57258
Odisha,556743,Narendrapur,Berhampur,19.34695,84.86534
Odisha,556765,Patrapur_GSM_01,Berhampur,19.20319,84.61386
Odisha,556815,Berhampur_018_GSM,Berhampur,19.30958,84.79611
Odisha,556818,BEH_GSM_01,Berhampur,19.30531,84.79372
Odisha,556836,Berhampur_GSM,Berhampur,19.34181,84.78561
Odisha,556842,Berhampur(BrajaNagar)_GSM,Berhampur,19.31995,84.7981
Odisha,556844,Satya Sai Apartments (Komapalli),Berhampur,19.30708,84.80625
Odisha,556931,Gopalpur- University rd-NH-05(BMP-BBSR),Berhampur,19.29361,84.88153
Odisha,556943,Berhampur__3  (station road),Berhampur,19.29778,84.79639
Odisha,556945,Kukudakhandi,Berhampur,19.39177778,84.75166667
Odisha,556948,Sales Tax Sqr(Berhampur),Berhampur,19.30814,84.81861
Odisha,557029,Sunapur,Berhampur,19.1138,84.7736
Odisha,574861,Station Road,Berhampur,19.30027,84.79784
Odisha,575556,Kabichandra Road,Berhampur,18.78174,84.08735
Odisha,575732,Dhabaleswar,Berhampur,19.23722,84.86628
Odisha,576713,Karapalli,Berhampur,19.30484,84.87822
Odisha,582087,BrajrajNagar,Berhampur,19.32413,84.77536
Odisha,582088,Gobindabihar,Berhampur,19.32277,84.8037
Odisha,582486,Gobindanagar-01,Berhampur,19.20707,84.74499
Odisha,583591,pitatoli- Madhabandh,Berhampur,19.16833,84.65962
Odisha,583753,Kukudakhandi-1,Berhampur,19.38982,84.75639
Odisha,583754,Krushnapur,Berhampur,19.21822,84.5739
Odisha,584314,Gonju,Berhampur,19.2963,84.82862
Odisha,585474,Nimakhandi,Berhampur,19.33879,84.79636
Odisha,587108,PATIBHARI STREET,Berhampur,18.77358,84.08838
Odisha,589140,Nist,Berhampur,19.2008,84.7482
Odisha,589141,Jugudi_01,Berhampur,19.25134,84.72902
Odisha,589160,Mandiapalli,Berhampur,19.3245,84.87979
Odisha,589696,Mkcg Medical College_Berhampur,Berhampur,19.31161,84.81463
Odisha,590109,Gopalpur_01,Berhampur,19.2578,84.90607
Odisha,591374,Ambapua,Berhampur,19.32267,84.85017
Odisha,591994,new Brajanagar,Berhampur,19.31828,84.80345
Odisha,593947,Dura,Berhampur,19.2963,84.85944
Odisha,594423,Chkitipentha,Berhampur,19.20263,84.59583
Odisha,594989,Lanjipalli_01,Berhampur,19.29395,84.80355
Odisha,597524,Patasonapur_01,Berhampur,19.0878,84.7641
Odisha,454146,BHUSANDAPUR-2,Berhampur,19.9371,85.48641561
Odisha,463943,GALUA,Berhampur,19.78464,85.17947
Odisha,463954,SUNDARPUR,Berhampur,19.92717,85.44527
Odisha,463957,Mangalajodi,Berhampur,19.91286,85.42908
Odisha,464175,MARDAKOTE,Berhampur,19.65247,84.97408
Odisha,464178,Bikrmpur,Berhampur,19.63244,85.10686
Odisha,464673,PATHARKATA,Berhampur,19.67667,85.17377
Odisha,501227,KESHPUR-3,Berhampur,19.63247222,85.10691667
Odisha,508408,GHASISAHI-1,Berhampur,20.174556,85.615694
Odisha,508502,MALIPADA,Berhampur,20.07575,85.562222
Odisha,508563,GUDIPADA,Berhampur,20.059833,85.545083
Odisha,508565,BELEDIHI,Berhampur,19.793778,85.143333
Odisha,508571,JHINKIJHARI,Berhampur,20.096972,85.60175
Odisha,508640,Kantalbai,Berhampur,19.931556,85.445444
Odisha,508642,Mansinghpur,Berhampur,19.8575,85.383889
Odisha,508643,Kalupada ghat,Berhampur,19.88825,85.407917
Odisha,508646,Ujjalgopinathpur,Berhampur,19.938,85.458028
Odisha,522956,Kharibandha,Berhampur,19.70201,85.19135
Odisha,523155,Dochhian,Berhampur,19.92906,85.56245
Odisha,523788,Jaguleipatna-Taratua,Berhampur,20.20093,85.57835
Odisha,524276,Haripur sasan-Tangi,Berhampur,19.82546,85.31266
Odisha,525063,Bhagabanpur,Berhampur,20.03365,85.48399
Odisha,525811,Taratua,Berhampur,20.19357,85.59137
Odisha,527166,Bisundihi,Berhampur,19.77425,85.20338
Odisha,527169,Bheteswar,Berhampur,19.81293,85.15479
Odisha,527170,Ekadalia,Berhampur,19.76429,85.16624
Odisha,527214,Ayatapur,Berhampur,19.8622,85.18291
Odisha,527276,Moramori,Berhampur,19.86293,85.27498
Odisha,527319,Olasingha,Berhampur,20.0554,85.49506
Odisha,556266,UW_Orissa_0831_Gambharimunda,Berhampur,19.8506,85.2109
Odisha,556275,Berhampur-BBSR-Balasore_(Mahatapala)GSM,Berhampur,20.0947,85.629
Odisha,556285,Rameswar-TCL,Berhampur,20.015,85.52464
Odisha,556322,UW_Orissa_0723_Tangi,Berhampur,19.9238,85.3962
Odisha,556372,UW_Orissa_0897_MALIPADA,Berhampur,20.0783,85.5591
Odisha,556406,Banapur(Kota Bidyadharpur)_GSM,Berhampur,19.789,85.1688
Odisha,556453,Nirakarpur_(Lendo)GSM,Berhampur,19.98358,85.54913
Odisha,556483,Jankia,Berhampur,20.03489,85.52119
Odisha,556551,Nirakarpur,Berhampur,19.99468,85.53513
Odisha,556575,Banapur_GSM_01,Berhampur,19.79364,85.17856
Odisha,556637,Khurda_001_GSM,Berhampur,20.19528,85.62189
Odisha,556683,UW_Orissa_0510_Beguniapada,Berhampur,19.6338,84.9874
Odisha,556736,Khurda_02,Berhampur,20.17925,85.63454
Odisha,556858,Khurda-NH-05 (BBSR-Khurda),Berhampur,20.18354,85.61598
Odisha,556862,Tangi (Khurda Dist-),Berhampur,19.92944444,85.39972222
Odisha,556894,Khalikote_BalunkeswarpurGSM),Berhampur,19.63,85.083
Odisha,556979,Keshpur,Berhampur,19.62806,85.13244
Odisha,556983,Totapada,Berhampur,20.15272,85.60421
Odisha,557072,Industrial Area,Berhampur,20.1768,85.6416
Odisha,557186,Jankia_GSM_01,Berhampur,20.02336,85.54776
Odisha,557294,Nirakarpur_GSM_01,Berhampur,19.97498,85.55772
Odisha,581762,Baku,Berhampur,19.98487,85.57403
Odisha,582157,Radhakantapur,Berhampur,20.15423,85.53918
Odisha,594818,ODAGAON_03,Berhampur,19.8429,85.19102
Odisha,662280,Dadhimachhagadia,Berhampur,20.12476,85.56416
Odisha,662282,Anlajodi,Berhampur,20.09705,85.64342
Odisha,667723,TITE -R,Berhampur,20.16944,85.63909
Odisha,453323,DEUPALI,Sambalpur,21.4833,83.97174922
Odisha,453327,BARIPPALLI CHOWK,Sambalpur,21.4941,83.96327921
Odisha,453361,Kularjor,Sambalpur,21.418,83.87643968
Odisha,453446,ATTABIRA,Sambalpur,21.3833,83.79893
Odisha,453468,SRIPURA,Sambalpur,21.7737,84.03901
Odisha,453494,PADIABAHAL,Sambalpur,21.4486,84.15288889
Odisha,453513,KUCHINDA,Sambalpur,21.7448,84.35228
Odisha,453614,KANDUMUNDA,Sambalpur,21.794,84.32992
Odisha,453644,THELKHULI,Sambalpur,21.7652,84.01366
Odisha,453667,Batapada,Sambalpur,21.4609,83.98297397
Odisha,453681,DHANKAUNDA,Sambalpur,21.4695,83.99572634
Odisha,453761,BADA BAZAR,Sambalpur,21.4768,83.95736082
Odisha,453762,KHUDRADHVA,Sambalpur,21.478,83.977249
Odisha,453763,CHELUVAPARA,Sambalpur,21.48,83.96399706
Odisha,453764,BUDHARAJA,Sambalpur,21.4807,83.98591486
Odisha,453765,MODIPADA,Sambalpur,21.4752,83.97194544
Odisha,453791,KHETRAJPUR,Sambalpur,21.4894,83.95611556
Odisha,453792,PRADHANPURA,Sambalpur,21.4886,83.986139
Odisha,453793,DROOKSHILL,Sambalpur,21.4675,83.97836192
Odisha,453825,ATTAPALI CHOWK,Sambalpur,21.497,83.98644279
Odisha,453840,SAJITARA,Sambalpur,21.4751,83.98647015
Odisha,453877,GOSALA,Sambalpur,21.4301,83.90655693
Odisha,453879,JANGHARPATTI,Sambalpur,21.4452,83.94522417
Odisha,453881,JAGRITI VIHAR,Sambalpur,21.4985,83.90444572
Odisha,453897,GURUPALI,Sambalpur,21.7005,84.03425158
Odisha,453907,Sarsuanatal,Sambalpur,21.5039,84.08061
Odisha,453911,PARMANPUR,Sambalpur,21.5342,84.10555391
Odisha,453912,Thamra,Sambalpur,21.4659,84.04250006
Odisha,453934,GODPAKA,Sambalpur,21.4089,83.8454
Odisha,453988,Sasan,Sambalpur,21.5497,84.03880157
Odisha,454065,Jujumura,Sambalpur,21.2408,84.13493
Odisha,454075,Hatibari,Sambalpur,21.3294,84.09355
Odisha,454085,Mochibhal,Sambalpur,21.1652,84.16186461
Odisha,454092,KALAPANI,Sambalpur,21.3677,83.69853
Odisha,454174,KULUNDA,Sambalpur,21.346,83.78194256
Odisha,454215,KALAMATI,Sambalpur,21.4066,83.88655556
Odisha,454276,KANDEISARA,Sambalpur,21.4605,84.21086111
Odisha,454383,SILAT,Sambalpur,21.4567,83.82738
Odisha,454432,Odisey Motor,Sambalpur,21.4907,83.99186111
Odisha,454583,SAALESWARI NURSING HOME,Sambalpur,21.5052,83.88715
Odisha,454665,Tiklipada,Sambalpur,21.5306,84.4431
Odisha,463905,LAPANGA,Sambalpur,21.72975,84.03811
Odisha,463906,Larapank,Sambalpur,21.51461,83.93164
Odisha,463908,Officers colony/Club House,Sambalpur,21.52672,83.89767
Odisha,463909,Administrative Building,Sambalpur,21.53533,83.90392
Odisha,463914,Bsc Sambalpur,Sambalpur,21.48714,83.99758
Odisha,463916,Cheluvapara,Sambalpur,21.47986,83.9655
Odisha,463917,Khetrajpur,Sambalpur,21.48203,83.95531
Odisha,463918,Katapalli,Sambalpur,21.46236,83.89672
Odisha,481344,Bargaon_1,Sambalpur,21.31528,83.94482
Odisha,492745,Manapur,Sambalpur,21.20655,83.87009
Odisha,501070,Gol Bazar,Sambalpur,21.463583,83.974083
Odisha,501121,BUXMA,Sambalpur,21.704167,84.379222
Odisha,501131,Rengali-2,Sambalpur,21.641556,84.047889
Odisha,501245,Gadamunda,Sambalpur,21.524944,83.9505
Odisha,502306,MAHAMAD PUR,Sambalpur,21.53889,83.91111
Odisha,502328,INFRONT OF FCI ATTABIRA,Sambalpur,21.37125,83.76803
Odisha,502333,LUPURSINGHA,Sambalpur,21.242472,83.7935
Odisha,502633,MUNDHER,Sambalpur,21.364806,84.079056
Odisha,502665,BADMAL 2,Sambalpur,21.79057,84.00854
Odisha,504226,RENGALI,Sambalpur,21.632277,84.0465
Odisha,508309,Laidaguna,Sambalpur,21.744889,84.445889
Odisha,508342,Bhatalaida,Sambalpur,21.847556,84.22775
Odisha,508350,Purunapani,Sambalpur,21.734944,84.282611
Odisha,508365,Turei,Sambalpur,21.848472,84.484694
Odisha,508367,Kuchinda,Sambalpur,21.739389,84.344639
Odisha,508376,Gochhara,Sambalpur,21.801528,84.4125
Odisha,508411,Modipur,Sambalpur,21.497778,83.882111
Odisha,508415,Sajitara,Sambalpur,21.471694,83.976778
Odisha,508416,Govindtala,Sambalpur,21.448444,83.989917
Odisha,508434,Rengalpali,Sambalpur,21.742694,84.1745
Odisha,508444,Bhusan Steel,Sambalpur,21.776694,84.012861
Odisha,508459,Hirakud,Sambalpur,21.532944,83.898083
Odisha,508475,Basai Palli,Sambalpur,21.494333,83.97225
Odisha,508539,TAMPARSARA,Sambalpur,21.329306,83.869278
Odisha,508550,"AROGYM HOSPITAL,ATABIRA",Sambalpur,21.371,83.784222
Odisha,508573,MANDAL JAIL,Sambalpur,21.460306,83.976472
Odisha,521009,SAHAJOG NAGAR,Sambalpur,21.483416,83.981861
Odisha,521891,"Bhusana steel,Thelkoi",Sambalpur,21.74864,84.00842
Odisha,524684,Dhudipali ,Sambalpur,21.68003,84.2756
Odisha,525225,Satupali,Sambalpur,21.38101,83.88535
Odisha,526361,Rengali_02,Sambalpur,21.59368,84.0392
Odisha,526942,Kuchinda2,Sambalpur,21.75501,84.35728
Odisha,529082,Professor Colony_1,Sambalpur,21.48097,83.97563
Odisha,529395,Dulampur,Sambalpur,21.36914,83.84705
Odisha,529773,City Station_Smbl,Sambalpur,21.47817,83.99777
Odisha,529787,Ainthapalii Road_Smpr,Sambalpur,21.49384,83.98271
Odisha,552814,Housing board colony,Sambalpur,21.47566,83.96541
Odisha,568429,Rengali_GSM_01,Sambalpur,21.64092,84.0465
Odisha,568666,"Aainthapalli, Plot behind LIC Building(Pradhanpara)",Sambalpur,21.48869,83.98589
Odisha,568696,Katatikira(GSM),Sambalpur,21.7959,84.0012
Odisha,568697,Malipada Hirakud(GSM),Sambalpur,21.53358,83.89156
Odisha,568917,Maneswar,Sambalpur,21.41388889,84.03
Odisha,568995,Sambalpur(Tumbesingha)_GSM,Sambalpur,21.45994,84.01122
Odisha,568996,Sambalpur(Ainthapali)_GSM,Sambalpur,21.49361,83.99314
Odisha,568998,Sambalpur_GSM(Larpang),Sambalpur,21.51969,83.92294
Odisha,569014,SAM_05_ Kulutkani,Sambalpur,21.45697,83.99228
Odisha,569019,UW_Orissa_0707_Kshetrarajpur,Sambalpur,21.5001,83.9481
Odisha,569025,UW_Orissa_0586_Jyotivihar,Sambalpur,21.4814,83.887
Odisha,569338,Kabribahal,Sambalpur,21.8777,84.3687
Odisha,569346,Sakhipada,Sambalpur,21.469,83.98308
Odisha,569357,Budharaja,Sambalpur,21.4779,83.978
Odisha,569405,Dhanupalli,Sambalpur,21.44878,83.99706
Odisha,569409,Sambhupada,Sambalpur,21.48069,83.97142
Odisha,569479,Naxapali(Maneswar_GSM),Sambalpur,21.4261,84.0144
Odisha,569874,Rengali,Sambalpur,21.65722222,84.05063889
Odisha,569884,REMANDA,Sambalpur,21.26636,83.76292
Odisha,569926,UW_ORISSA_0952_SUKTAPALI VILLAGE,Sambalpur,21.3611,83.7261
Odisha,569928,UW_ORISSA_0710_MUDIPADA,Sambalpur,21.4716,83.9703
Odisha,569929,Naupara ( Hira Niwas ),Sambalpur,21.49072,83.95986
Odisha,569941,Burla,Sambalpur,21.49789,83.88228
Odisha,569950,Daleipara,Sambalpur,21.46433,83.97322
Odisha,569955,UW_Orissa_0974_Lapanga,Sambalpur,21.7634,84.0141
Odisha,575757,Badabazar GSM,Sambalpur,21.474651,83.959751
Odisha,575837,BADASADAK DALEIPADA,Sambalpur,21.46411,83.97069
Odisha,578110,Amastala,Sambalpur,21.34946,83.82458
Odisha,578115,Deshbhatli,Sambalpur,21.22727,83.87852
Odisha,578211,Dunguripali_2,Sambalpur,21.29078,83.76661
Odisha,578215,Lastala,Sambalpur,21.39814,83.70742
Odisha,581039,Aditya Alumina Township  ,Sambalpur,21.719144,84.034872
Odisha,582951,Bhimabhoi Park_Sambalpur,Sambalpur,21.48782,83.97323
Odisha,582954,Sambalpur_Ainthapali,Sambalpur,21.49579,83.99223
Odisha,587990,Dungripal,Sambalpur,21.49188,83.93978
Odisha,588053,Khunti_Andharipali,Sambalpur,21.35044,83.88749
Odisha,589261,Solabandh,Sambalpur,21.53401,83.93012
Odisha,590121,RMC BARAIPALI,Sambalpur,21.49898,83.95557
Odisha,590939,Barahaguda,Sambalpur,21.35283,83.70539
Odisha,592124,Haldi_02,Sambalpur,21.44342,83.7905
Odisha,595001,KUSUMI,Sambalpur,21.7646,84.53162
Odisha,597645,Kuchinda Block Colony_01,Sambalpur,21.74946,84.36086
Odisha,663359,Chatabar,Sambalpur,21.38972,83.99583
Odisha,666584,Rajbandha,Sambalpur,21.82722,84.4044
Odisha,666725,Motijharan-1,Sambalpur,21.46765,83.98889
Odisha,453294,Jamunanaki,Sambalpur,22.2528,84.78972081
Odisha,453316,PANPOSH ROAD,Sambalpur,22.2277,84.82310801
Odisha,453320,KOEL NAGAR,Sambalpur,22.2618,84.89286539
Odisha,453377,RAMABHAL,Sambalpur,22.2391,84.61528151
Odisha,453404,CHIKATA MATI,Sambalpur,22.2368,84.726682
Odisha,453444,VEDVYAS,Sambalpur,22.2339,84.77874867
Odisha,453635,"Communitycentre,",Sambalpur,22.2462,84.85957
Odisha,453637,BIRMITRAPUR6,Sambalpur,22.3991,84.7297
Odisha,453642,SECTOR-16,Sambalpur,22.2635,84.85257
Odisha,453726,CHHEND COLONY,Sambalpur,22.2389,84.81297432
Odisha,453757,CiVIL TOWN SHIP-3,Sambalpur,22.2238,84.82019164
Odisha,453759,ORAMPADA,Sambalpur,22.2232,84.84413589
Odisha,453760,"INDUSTRIAL AREA,",Sambalpur,22.2333,84.81178123
Odisha,453769,SEC-7,Sambalpur,22.2507,84.85555812
Odisha,453770,SEC-19(RKLA),Sambalpur,22.2672,84.86525145
Odisha,453771,Sector-5,Sambalpur,22.2487,84.87191
Odisha,453772,SEC-1,Sambalpur,22.2456,84.89122503
Odisha,453773,KISHAN TOLA,Sambalpur,22.265,84.89786141
Odisha,453774,POWER HOUSE ROAD,Sambalpur,22.226,84.85069
Odisha,453775,Sharna chowk(KOEL NAGAR),Sambalpur,22.2611,84.90214035
Odisha,453776,Sector-2,Sambalpur,22.249,84.88336565
Odisha,453777,SAKTI NAGAR,Sambalpur,22.2556,84.89299692
Odisha,453786,"SAIL PROPERTY,SECTOR 7",Sambalpur,22.252,84.84961345
Odisha,453787,SECTOR-17,Sambalpur,22.2591,84.8542468
Odisha,453903,CHUNGIMATI,Sambalpur,22.2299,84.67505912
Odisha,453904,Jampali,Sambalpur,22.2132,84.5527516
Odisha,453937,Old Out Station Road,Sambalpur,22.2272,84.859377
Odisha,453938,BHAJA BHAVAN SEC-5,Sambalpur,22.2525,84.86366966
Odisha,453939,BISSA CHOWK,Sambalpur,22.2238,84.86374
Odisha,453961,SECTOR-18 ROURKELA,Sambalpur,22.2604,84.86272575
Odisha,453989,BRAMHINTARANG,Sambalpur,22.2344,84.76827462
Odisha,454127,KUMBHARKELA,Sambalpur,22.1905,84.59601
Odisha,454190,HATIBANDHA,Sambalpur,22.179,84.87294579
Odisha,454198,BISRA,Sambalpur,22.2515,84.99252866
Odisha,454249,KANSBAHAL STATION,Sambalpur,22.2129,84.66702778
Odisha,454290,KOELNAGAR-2,Sambalpur,22.2588,84.88830227
Odisha,454345,PANPOSE_VILL,Sambalpur,22.2354,84.80365556
Odisha,454413,PANPOSH CHOWK,Sambalpur,22.2232,84.80455556
Odisha,454506,BONEI,Sambalpur,21.8199,84.95175
Odisha,454559,SECTOR-3,Sambalpur,22.2521,84.8755
Odisha,454581,RAJGANGPUR,Sambalpur,22.198,84.57432
Odisha,454590,Sect15(Rouerkal),Sambalpur,22.2604,84.84228
Odisha,454598,UPPER BALIJUDI,Sambalpur,22.1846,84.86701
Odisha,454615,MAHAVIR FERRO ALLOYS,Sambalpur,22.2195,84.75584
Odisha,454626,BASANTI COLONY,Sambalpur,22.2332,84.84601
Odisha,454628,SECTOR-19,Sambalpur,22.2576,84.87066
Odisha,454629,Sail Colony,Sambalpur,22.2513,84.84202701
Odisha,454652,NALA ROAD,Sambalpur,22.2256,84.85680395
Odisha,454680,"Nit Hostel,Rourkela",Sambalpur,22.253873,84.91435
Odisha,463925,ORAMPADA,Sambalpur,22.22408,84.84614
Odisha,463926,Kalinga Vihar,Sambalpur,22.24361,84.80805
Odisha,463927,Balughat,Sambalpur,22.21383,84.81226
Odisha,463928,Bhatapada,Sambalpur,22.19277,84.58643
Odisha,464687,Bsc Rourleka,Sambalpur,22.223,84.78841
Odisha,501060,Udit Nagar,Sambalpur,22.2275,84.843444
Odisha,501107,JALDA A-BLOCK,Sambalpur,22.187694,84.848861
Odisha,501160,ABC COLONY,Sambalpur,22.183611,84.859611
Odisha,501174,BANKI,Sambalpur,22.0965,84.889722
Odisha,501180,KUARMUNDA,Sambalpur,22.282944,84.768333
Odisha,501255,Kalunga-GT,Sambalpur,22.222917,84.733167
Odisha,502679,Kesramal,Sambalpur,26.759,84.60468
Odisha,503245,BAGICHAPADA,Sambalpur,22.18797,84.591276
Odisha,503554,DAILY MARKET,Sambalpur,21.13292,83.51434
Odisha,504222,IDL Colony ,Sambalpur,22.1875,84.878833
Odisha,504223,PIET ROURKELA,Sambalpur,22.227611,84.697361
Odisha,508401,Biramitrapur-02 ,Sambalpur,22.40575,84.738083
Odisha,508414,BONDAMUNDA,Sambalpur,22.221167,84.929917
Odisha,508428,Civil Township(RKL),Sambalpur,22.225472,84.81025
Odisha,508438,Civil Township - 2 (RKL),Sambalpur,22.224111,84.824306
Odisha,508468,Chend coloney,Sambalpur,22.239,84.823556
Odisha,508490,Civil Township-3,Sambalpur,22.225417,84.815889
Odisha,520205,KENDRIKELA,Sambalpur,21.8185,84.925527
Odisha,521300,Industrial Estate,Sambalpur,22.23319,84.82442
Odisha,523295,Kapatamunda_Rkl,Sambalpur,22.23223,84.96612
Odisha,524179,N-I-T- Rkl-Dalposh ,Sambalpur,22.25679,84.91281
Odisha,524735,Khuantgaon,Sambalpur,21.75607,85.01408
Odisha,526904,Sihidia,Sambalpur,21.70597,85.00097
Odisha,527642,Dareikela,Sambalpur,21.78935,84.92238
Odisha,529768,ANKURPALLI,Sambalpur,22.31737,84.91489
Odisha,529769,Katintola/Sunaparbat,Sambalpur,22.16607,84.87791
Odisha,532095,Balijodi-Rourkela,Sambalpur,22.18647,84.87178
Odisha,532096,"Rourkela-02, Panposh",Sambalpur,22.23383,84.80595
Odisha,568664,UW_Orissa_0697_TARAPURA,Sambalpur,22.1945,84.8697
Odisha,568669,RKL_10_CHENDWEST_GSM,Sambalpur,22.24104,84.80326
Odisha,568674,Rajgangpur_GSM_01,Sambalpur,22.19138,84.58823
Odisha,568699,Rajgangpur(Mission Hata)_GSM,Sambalpur,22.19772,84.5947
Odisha,568705,"Sector - 17, Petrol Pump(Steel Town Ship)",Sambalpur,22.25912,84.85314
Odisha,568961,Udit Nagar ( SBI Bank) / LIC,Sambalpur,22.22738,84.84325
Odisha,568962,Koel Nagar (Shakti Nagar),Sambalpur,22.2575,84.89167
Odisha,568987,RKL_(Brahamanitarang)_GSM(RTT),Sambalpur,22.23391,84.78029
Odisha,568997,RKL_Sector-6(GSM),Sambalpur,22.24872,84.8545
Odisha,569002,Brahmani Tarang_01_GSM(GBT),Sambalpur,22.2228,84.78826
Odisha,569003,Rourkela_Sector_13(GSM),Sambalpur,22.25881,84.83999
Odisha,569007,Bisra,Sambalpur,22.25086111,84.99305556
Odisha,569009,"Sector-5, Water Tank",Sambalpur,22.24583,84.86639
Odisha,569016,Panposh_GSM,Sambalpur,22.22761,84.82503
Odisha,569018,Rourkela_Sector_19(GSM),Sambalpur,22.25749,84.87042
Odisha,569021,UW_Orisaa_0673_ROURKELA(Hanuman Vatika),Sambalpur,22.2235,84.8447
Odisha,569022,UW_Orissa_0446_KHARIA BAHAL(Panposh),Sambalpur,22.2301,84.8116
Odisha,569023,UW_Orissa_0447_CHEND COLONY-01,Sambalpur,22.2402,84.8186
Odisha,569027,UW_Orissa_0677_JHARTARANGA,Sambalpur,22.2184,84.7693
Odisha,569358,"RKL NIT - GSM , OR-GSM-707",Sambalpur,22.25506,84.89808
Odisha,569384,UW_ORISSA_0448_SECTOR-06 P&T COLONY,Sambalpur,22.2422,84.8513
Odisha,569389,ROURKELA_TURKERA(GSM),Sambalpur,22.20179,84.83909
Odisha,569403,UW_ORISSA_0682_ SECTOR-09 DURGA MANDAP,Sambalpur,22.2487,84.8384
Odisha,569445,"UW_Orissa_0449_Sector-5, Rourkela",Sambalpur,22.24062,84.87065
Odisha,569446,"Sec - 06 G-Block RKL - GSM , OR-GSM-708",Sambalpur,22.24135,84.85904
Odisha,569447,"UW_ORISSA_0696,ISPAT COLLEGE,ROURKELA",Sambalpur,22.26592,84.84405
Odisha,569471,UW_ORISSA_0694_ SEC-2(GAYATRI MANDIR)_RKL,Sambalpur,22.2408,84.8832
Odisha,569481,Rourkela_Modern India(GSM),Sambalpur,22.20424,84.85799
Odisha,569661,Udit Nagar,Sambalpur,22.2242,84.846
Odisha,569873,Latikhota,Sambalpur,22.13263,84.88074
Odisha,569894,Town School,Sambalpur,22.22555,84.85388
Odisha,569920,UW_Orissa_0676_Raghunathpalli,Sambalpur,22.2249,84.8034
Odisha,569930,Fertilizer Colony(FCI Colony),Sambalpur,22.18725,84.85155
Odisha,569932,UW_Orissa_0698_Hati Bandha,Sambalpur,22.18057,84.85932
Odisha,569951,RKL_Railway Colony,Sambalpur,22.23081,84.86568
Odisha,569963,UW_Orissa_0681_RKL_Basanti Colony_(BM-78),Sambalpur,22.2327,84.8409
Odisha,570004,Rourkela_Sector_9,Sambalpur,22.2518,84.8437
Odisha,570014,RKL_GSM_06(Jagada),Sambalpur,22.2637,84.90317
Odisha,575929,Jagda Backpost,Sambalpur,22.27088,84.90186
Odisha,583314,Birkera,Sambalpur,22.1186,84.81476
Odisha,583433,Deogaon-Bonei,Sambalpur,21.8242,84.94255
Odisha,583757,Ulsurei,sambalpur,21.85341,84.982
Odisha,584456,Jalda A Block,sambalpur,22.18328,84.83891
Odisha,587562,RAJAMUNDA,sambalpur,21.87033,84.92366
Odisha,587752,BAGDEGA / BARIBEDA,sambalpur,22.38122,84.99445
Odisha,588480,Balani,Sambalpur,22.1224,84.86244
Odisha,589326,Baniagargha,Sambalpur,21.82005,84.95967
Odisha,591823,Bhojpur_01,Sambalpur,22.38133,84.87559
Odisha,597459,Secor_2,Sambalpur,22.25151,84.88663
Odisha,597460,SEC_4,Sambalpur,22.24407,84.87522
Odisha,597461,Ainlabhata_Ainlabahal Sec-14,Sambalpur,22.26144,84.83644
Odisha,597463,Backside of Panthaniwas Sec-5,Sambalpur,22.24024,84.86466
Odisha,597464,Sector_19,Sambalpur,22.26376,84.8688
Odisha,598080,Vedabyasa_Lungei,Sambalpur,22.23995,84.77829
Odisha,662276,Teliposh,Sambalpur,22.2821,84.78455
Odisha,664763,Ambagaon-Ghantiposi,Sambalpur,21.6524,84.98087
Odisha,664797,Bartoli,Sambalpur,22.34691,84.90729
Odisha,666644,Jamkei,Sambalpur,21.79912,84.9659
Odisha,453333,Sarbahal Road,Sambalpur,21.8394,84.01083007
Odisha,453334,AKHATALI ROAD,Sambalpur,21.866,84.01128089
Odisha,453382,PATRAPALI,Sambalpur,21.8168,84.13869309
Odisha,453384,DALPATIA,Sambalpur,21.9397,84.03419035
Odisha,453454,Pandripali(Malapada),Sambalpur,22.151,84.26299765
Odisha,453526,PAMRA,Sambalpur,22.2592,84.30966815
Odisha,453638,BALJURI,Sambalpur,21.8746,84.04067
Odisha,453640,BRAJRAJ NAGAR INFILL02,Sambalpur,21.8356,83.92651
Odisha,453655,Kirarama,Sambalpur,21.7643,83.87383333
Odisha,453815,KALI MANDIR ROAD,Sambalpur,21.858,84.04219638
Odisha,453816,MANGAL BAZAR ROAD,Sambalpur,21.8548,84.01680341
Odisha,453817,JHARSUGUDA,Sambalpur,21.8697,84.00361347
Odisha,453888,COAL INDIA,Sambalpur,21.8613,83.92471855
Odisha,453895,JHAGAPURIA,Sambalpur,21.7778,84.18747083
Odisha,453901,Girjapada,Sambalpur,22.2289,84.4464136
Odisha,453908,MASNIKANI,Sambalpur,22.0227,84.03527445
Odisha,453914,SIRIAPALI,Sambalpur,21.8342,84.07961579
Odisha,453926,KHUTUMUNDA,Sambalpur,22.1964,84.36330158
Odisha,453927,Gangatal,Sambalpur,22.2081,84.387495
Odisha,453976,COX COLONY,Sambalpur,21.8743,84.02033641
Odisha,454004,BADABAHAL,Sambalpur,21.8114,84.20522039
Odisha,454007,S D O COLONY,Sambalpur,21.8898,84.02739031
Odisha,454015,KIRAI,Sambalpur,22.0717,84.03350483
Odisha,454026,RASRAJPUR,Sambalpur,22.1673,84.12275475
Odisha,454030,RAJBHATI,Sambalpur,22.1275,84.03778064
Odisha,454033,SUNDARGARH-1,Sambalpur,22.1177,84.04092026
Odisha,454109,SUNDARGARH-2,Sambalpur,21.9827,84.03897222
Odisha,454187,BANDHBAHAL,Sambalpur,21.7507,83.87016138
Odisha,454216,POKRAPALI,Sambalpur,21.8166,84.26269444
Odisha,454349,Khatkhur Bahal,Sambalpur,22.2796,84.47869998
Odisha,454459,ARADA,Sambalpur,21.8991,84.09397094
Odisha,454472,MAHULKHABAL,Sambalpur,22.1143,84.39406
Odisha,454510,Kanaktura,Sambalpur,21.7815,83.482
Odisha,454540,Brajrajnagar-6,Sambalpur,21.7965,83.93448
Odisha,454582,Kutunia,Sambalpur,22.1637,84.52022222
Odisha,463922,SDO COLONY,Sambalpur,21.89031,84.0285
Odisha,463924,Ultratech Cement,Sambalpur,21.89281,84.09839
Odisha,501041,DARLIPALI,Sambalpur,21.967417,83.914083
Odisha,501045,Belpahara-2,Sambalpur,21.821194,83.849694
Odisha,501048,Belpahara-1,Sambalpur,21.807556,83.8615
Odisha,501073,Brajrajnagar-2,Sambalpur,21.828778,83.919333
Odisha,501112,BADMAL,Sambalpur,21.819361,84.008639
Odisha,501115,EKATALI,Sambalpur,21.869,84.002194
Odisha,501211,HANSAMURAKATAPALI,Sambalpur,21.880278,83.971694
Odisha,502595,Gujuratipada,Sambalpur,21.866333,83.994361
Odisha,502607,S D O Colony,Sambalpur,21.89125,84.026778
Odisha,502664,JHA_Busstand,Sambalpur,21.86041,84.01895
Odisha,503296,Patel Bagicha,Sambalpur,21.85165,84.0191
Odisha,508370,Kudaloi,Sambalpur,21.791444,83.818778
Odisha,508371,Talsara,Sambalpur,22.361472,84.097611
Odisha,508372,Kinjrikela,Sambalpur,22.284028,83.94675
Odisha,508377,Rajpur,Sambalpur,20.888389,83.928194
Odisha,508398,JHARSUGUDA-10,Sambalpur,21.844917,84.049528
Odisha,508400,Belpahad-04 ,Sambalpur,21.816139,83.858333
Odisha,508412,Badagaon,Sambalpur,22.171389,84.29725
Odisha,508420,Jagannath Bagicha,Sambalpur,21.84725,84.012833
Odisha,508458,Puranibasti,Sambalpur,21.866083,84.025722
Odisha,508498,Raidihi,Sambalpur,21.985278,83.877444
Odisha,508533,Darbadihi,Sambalpur,21.989444,84.219444
Odisha,521298,SUNAMUNDA,Sambalpur,22.00635,84.20412
Odisha,521429,Puranibasti,Sambalpur,21.87292,84.02395
Odisha,524573,Bijadihi,Sambalpur,22.03205,83.88801
Odisha,524576,Pithinda,Sambalpur,21.71655,83.50691
Odisha,524686,Barangakachar,Sambalpur,22.21894,84.21432
Odisha,524688,Kumar-Jharsuguda,Sambalpur,21.8106,83.57287
Odisha,525062,Basupali,Sambalpur,21.73225,83.9035
Odisha,528998,Ocl Plant,Sambalpur,22.20597,84.5837
Odisha,529659,Phulbari-1,Sambalpur,22.15225,84.32493
Odisha,530910,Evonic(GSM),Sambalpur,21.81333,84.03793
Odisha,568675,Cox colony_GSM,Sambalpur,21.87753,84.02042
Odisha,568682,Vedant_Steel_Jharsuguda_GSM-3,Sambalpur,21.8235,84.0222
Odisha,568695,Ekatali(GSM)_1340,Sambalpur,21.87362,84.01637
Odisha,568700,Jyotinagar Rourkela(GSM),Sambalpur,22.11206,84.03819
Odisha,568702,Goeljhumpa(GSM),Sambalpur,22.0224,84.2488
Odisha,568706,Rajgangpur-NH-06(RRKL-SMBP),Sambalpur,22.19183,84.57889
Odisha,568707,Belpahad,Sambalpur,21.81262,83.86026
Odisha,568919,Baragaon,Sambalpur,22.16388889,84.29061111
Odisha,568972,Ujjalpur,Sambalpur,22.08448,83.91891
Odisha,568973,Majhapada,Sambalpur,22.0245,84.1902
Odisha,568974,Kirei,Sambalpur,22.1272,84.03667
Odisha,568981,Laikera,Sambalpur,21.8851,84.2117
Odisha,568986,Jarangloi_GSM,Sambalpur,22.1595,84.018
Odisha,568990,Kutra-Badgaon_GSM,Sambalpur,22.211,84.398
Odisha,568992,Jharsuguda(Pandri pathar)_GSM,Sambalpur,21.8422,83.99503
Odisha,568999,Jharsuguda_GSM(BTM Road),Sambalpur,21.87294,84.00806
Odisha,569005,Sundargarh,Sambalpur,22.12152778,84.02927778
Odisha,569017,Income Tax_GSM,Sambalpur,21.84737,84.01491
Odisha,569024,UW_Orissa_0575_KALINAGAR,Sambalpur,21.8442,83.9242
Odisha,569343,Rampur1,Sambalpur,21.80453,83.92725
Odisha,569344,Hilltop Colony,Sambalpur,21.79953,83.91786
Odisha,569345,Purunabasti,Sambalpur,21.8603,84.0187
Odisha,569359,Sundergarh,Sambalpur,22.11256,84.04289
Odisha,569379,Jharsuguda_GSM(Vedanta),Sambalpur,21.79244,84.06292
Odisha,569394,UW_Orissa_0738_JHARBEDA,Sambalpur,22.2169,84.5214
Odisha,569412,IB Nagar,Sambalpur,22.11776,84.01637
Odisha,569414,Birabahal,Sambalpur,22.1764,84.3861
Odisha,569415,Mahulpali,Sambalpur,22.10388,83.96727
Odisha,569475,Nuadihi Brajarajnagar(GSM),Sambalpur,21.86516,83.93256
Odisha,569480,Kechhupani Sambalpur(GSM),Sambalpur,22.0739,84.3272
Odisha,569483,Vedanta Aluminium _02(GSM),Sambalpur,21.80993,84.02666
Odisha,569881,Vedant,Sambalpur,21.79591,84.05181
Odisha,569934,UW_Orissa_0748_Bhasma,Sambalpur,22.0025289,84.03419992
Odisha,569936,UW_Orissa_0636_Dheripalli,Sambalpur,21.8401,84.0104
Odisha,569937,UW_Orissa_0634Jharsuguda(Kalimandir),Sambalpur,21.8587,84.025
Odisha,569942,Hotel Yogendra (Jharsuguda),Sambalpur,21.86107,84.01912
Odisha,569958,UW_Orissa_0744_Karamadihi,Sambalpur,22.1513,84.1051
Odisha,569993,Bandhbahal,Sambalpur,21.74795,83.87135
Odisha,570003,Brajarajnagar-3,Sambalpur,21.81621,83.92588
Odisha,570008,Sundargarh_GSM_01,Sambalpur,22.12161,84.02927
Odisha,570011,Bhusansteel_GSM_01,Sambalpur,21.8129,84.0043
Odisha,578291,Debadihi  ,Sambalpur,21.87169,84.05685
Odisha,583864,Diamunda,Sambalpur,22.06135,83.88378
Odisha,584830,Bandhbahal,Sambalpur,21.7452,83.86824
Odisha,584843,Brajarajnagar_Chunabhati,Sambalpur,21.81926,83.93155
Odisha,588118,Rengali_Panchgaon,Sambalpur,21.79731,83.59196
Odisha,589451,Near St Thomas English School,Sambalpur,21.86667,84.03778
Odisha,591642,KULABIRA,Sambalpur,22.09243,83.82261
Odisha,592034,KANTIMURA,Sambalpur,22.1779,84.31345
Odisha,592123,panchapara,Sambalpur,21.90861,84.00587
Odisha,592388,Tildega,Sambalpur,22.34361,83.95676
Odisha,592902,Mahupada ,Sambalpur,22.17506,84.36126
Odisha,594592,Kukurjangha,Sambalpur,21.81409,83.98406
Odisha,595382,Telighana,Sambalpur,22.21802,84.42097
Odisha,663285,Khadam,Sambalpur,21.74067,83.86617
Odisha,663289,Bhawanipur,Sambalpur,22.13929,84.06338
Odisha,666054,Anand World Mall,Sambalpur,21.8424,84.01257
Tamil nadu,585889,Avadi 26,Chennai North,13.1056,80.08917
Tamil nadu,576281,Avadi 5,Chennai North,13.1035,80.097595
Tamil nadu,572317,Avadi Nehru Nagar,Chennai North,13.1107,80.0987
Tamil nadu,581063,Avadi Nehru Nagar Relocation,Chennai North,13.1168,80.10352
Tamil nadu,586456,Pattabiram Relocation,Chennai North,13.1218,80.06477
Tamil nadu,594033,Balakrishnapuram Thirunindravur,Chennai North,13.12117,80.04343
Tamil nadu,590987,Sitharkadu Voyanallur,Chennai North,13.09045,80.05125
Tamil nadu,546652,Thiruninravur East,Chennai North,13.1242,80.04045
Tamil nadu,585323,Avadi 27,Chennai North,13.1191,80.09457
Tamil nadu,546515,Avadi extension,Chennai North,13.1197,80.093
Tamil nadu,575433,Pattabiram 3,Chennai North,13.1169,80.070807
Tamil nadu,587866,Pattabiram Kamarajapuram,Chennai North,13.1193,80.06208
Tamil nadu,575385,PATTABIRAM8,Chennai North,13.1129,80.0806
Tamil nadu,572316,Ramalingapuram,Chennai North,13.1162,80.099012
Tamil nadu,546999,Vettarikkarpalaiyam,Chennai North,13.1123,80.09276
Tamil nadu,546800,Anna nagar West Ext- 2,Chennai North,13.0923,80.194182
Tamil nadu,546467,Annai Sathya Nagar,Chennai North,13.0639,80.20943
Tamil nadu,546699,Arumbakkam Jai Nagar,Chennai North,13.0714,80.20829
Tamil nadu,546600,Arumbakkam North,Chennai North,13.0753,80.21055
Tamil nadu,585225,Barathidasan street,Chennai North,13.084,80.197793
Tamil nadu,546883,Koyambedu junction,Chennai North,13.076,80.20705
Tamil nadu,546450,Koyambedu Rounta,Chennai North,13.0756,80.20084
Tamil nadu,546651,Koyambedu_cmbt,Chennai North,13.0615,80.2091
Tamil nadu,574451,Koyambedu_Relocation,Chennai North,13.0706,80.19779
Tamil nadu,546650,MMDA_Ashoknagar,Chennai North,13.0684,80.2116
Tamil nadu,546962,Mogappair PK Road,Chennai North,13.0841,80.19041
Tamil nadu,546595,padikuppam,Chennai North,13.0782,80.19032
Tamil nadu,546317,Thirumangalam,Chennai North,13.0798,80.20024
Tamil nadu,546987,Thirumangalam-Chn,Chennai North,13.086,80.19833
Tamil nadu,546622,Vijay Park Inn,Chennai North,13.0658,80.21194
Tamil nadu,587864,Ambattur Nethaji Street,Chennai North,13.1154,80.1578
Tamil nadu,572315,Ambattur OT 5,Chennai North,13.1324,80.146425
Tamil nadu,546485,Ambattur Ram Nagar,Chennai North,13.1275,80.14738
Tamil nadu,585027,Banu Nagar west oragadam,Chennai North,13.1323,80.15544
Tamil nadu,546624,"East Avenue, Padi",Chennai North,13.1166,80.1668
Tamil nadu,546282,Menambedu,Chennai North,13.1234,80.16198
Tamil nadu,581676,Menambedu- 11,Chennai North,13.1194,80.16116
Tamil nadu,585229,New Anna Nagar Ambattur,Chennai North,13.1276,80.1588
Tamil nadu,546299,Pudur,Chennai North,13.1303,80.15138
Tamil nadu,527641,Pudur10,Chennai North,13.1365,80.15321
Tamil nadu,530088,Pudur14,Chennai North,13.1374,80.15813
Tamil nadu,546602,South Orgadam,Chennai North,13.1332,80.16403
Tamil nadu,546398,UW_TN_W_1434_Oragadam rd,Chennai North,13.1251,80.15508
Tamil nadu,546494,Ambathur West,Chennai North,13.1197,80.14278
Tamil nadu,546990,Ambattur O.T,Chennai North,13.119,80.15007
Tamil nadu,546680,UW_TN_W_1414_Venkatapuram,Chennai North,13.1178,80.15559
Tamil nadu,524431,Avadi Saraswathy Nagar-1,Chennai North,13.1108,80.1138
Tamil nadu,546568,Avadi Township,Chennai North,13.1155,80.11497
Tamil nadu,592748,Govarthanagiri Avadi,Chennai North,13.099188,80.111257
Tamil nadu,575376,JOYTHI NAGAR,Chennai North,13.1126,80.126243
Tamil nadu,584763,JP Estate 11,Chennai North,13.0906,80.10516
Tamil nadu,527720,Konambedu-Chennai,Chennai North,13.1075,80.1226
Tamil nadu,585978,Rajbai Nagar Avadi,Chennai North,13.1013,80.10839
Tamil nadu,584223,Pachaiamman nagar Thriumulaivoyal,Chennai North,13.1308,80.13356
Tamil nadu,591820,Thirumalaivasan Nagar Avadi,Chennai North,13.13387,80.117449
Tamil nadu,575386,Thirumullaivayal colony,Chennai North,13.1386,80.141391
Tamil nadu,546986,Thirumullaivoil,Chennai North,13.1291,80.12833
Tamil nadu,584931,Thirumullaivoyal Kullakarai St,Chennai North,13.1335,80.131099
Tamil nadu,529889,Thirumullavoil15,Chennai North,13.1441,80.13403
Tamil nadu,546621,Tirumullaivayal 1,Chennai North,13.1365,80.12924
Tamil nadu,546634,Tirumullaivayal 2,Chennai North,13.134,80.1387
Tamil nadu,529077,Tirumullaivoyal,Chennai North,13.1295,80.11509
Tamil nadu,546803,Avadi - Defence Enclave,Chennai North,13.1462,80.06398
Tamil nadu,526875,Avadi Moorai,Chennai North,13.1693,80.09316
Tamil nadu,585499,CRPF Nagar Avadi,Chennai North,13.1552,80.08021
Tamil nadu,575975,Kollu Medu,Chennai North,13.1632,80.1148
Tamil nadu,546300,Kovilpadagai-1,Chennai North,13.1466,80.10446
Tamil nadu,547002,Kovilpadagai-2,Chennai North,13.1412,80.10406
Tamil nadu,575419,Kovilpadagai-4,Chennai North,13.1438,80.112616
Tamil nadu,572869,KV Crpf School,Chennai North,13.1533,80.078246
Tamil nadu,548245,NH_TLR_001,Chennai North,13.2126,80.07708
Tamil nadu,575387,"Perumal Koil Street,Patta",Chennai North,13.1306,80.054788
Tamil nadu,595369,Veerapuram Avadi,Chennai North,13.1698,80.08477
Tamil nadu,581387,Vel College Of Nursing-1,Chennai North,13.1802,80.09975
Tamil nadu,583568,Vellanur New 1,Chennai North,13.1617,80.12047
Tamil nadu,581829,Jaya Engg. Collage,Chennai North,13.1357,80.04803
Tamil nadu,525890,Thiruninravur16,Chennai North,13.1303,80.04005
Tamil nadu,576277,Ambattur 4,Chennai North,13.1056,80.1337
Tamil nadu,581677,Ayappakkam17,Chennai North,13.10281,80.12456
Tamil nadu,548773,Redipallayam,Chennai North,13.1059,80.12882
Tamil nadu,572318,Sathya Nagar,Chennai North,13.1104,80.1321
Tamil nadu,584166,Aachi Exports Factory,Chennai North,13.0868,80.13743
Tamil nadu,571323,Ambattur jai nagar,Chennai North,13.1016,80.13702
Tamil nadu,546787,Ambattur Kuppam,Chennai North,13.0956,80.15861
Tamil nadu,546303,Ambattur South,Chennai North,13.0898,80.15755
Tamil nadu,584866,Ambuttar Estate Natesan Nagar,Chennai North,13.0827,80.15336
Tamil nadu,502850,Arihant Insight,Chennai North,13.0915,80.16043
Tamil nadu,502357,Athipattu,Chennai North,13.0824,80.1568
Tamil nadu,582098,Ayapakkam - TNHP colony,Chennai North,13.1054,80.13633
Tamil nadu,575053,Ayapakkam 6,Chennai North,13.0979,80.134587
Tamil nadu,595165,AYAPAKKAM Thiruverkadu,Chennai North,13.09124,80.13653
Tamil nadu,575406,RAGAVENDRA NAGAR,Chennai North,13.0929,80.146148
Tamil nadu,581715,Ambattur - 10,Chennai North,13.1087,80.15846
Tamil nadu,502909,Ambathur,Chennai North,13.1084,80.1649
Tamil nadu,546470,Ambattur Estate,Chennai North,13.0889,80.17557
Tamil nadu,546920,Ambattur IE,Chennai North,13.103,80.17272
Tamil nadu,546355,Anna Nagar SBOA school,Chennai North,13.0908,80.18902
Tamil nadu,546904,Janagiraman Street-Korattur,Chennai North,13.1044,80.18121
Tamil nadu,546725,Koratoor,Chennai North,13.1021,80.17756
Tamil nadu,546413,Koratoor-1,Chennai North,13.1062,80.18357
Tamil nadu,529892,Korattur 14,Chennai North,13.118,80.18757
Tamil nadu,581812,Korattur Relocation,Chennai North,13.1118,80.18526
Tamil nadu,575400,KORATTUR6,Chennai North,13.1176,80.194027
Tamil nadu,546464,MTC Bus stop_Ambattur,Chennai North,13.0983,80.1702
Tamil nadu,546943,Murthy nagar-padi,Chennai North,13.0943,80.18657
Tamil nadu,546472,Padi,Chennai North,13.0997,80.1923
Tamil nadu,546925,Padi,Chennai North,13.0993,80.18549
Tamil nadu,546613,Aminijikkarai jn,Chennai North,13.0738,80.22615
Tamil nadu,580680,Aminjikarai Relocation,Chennai North,13.0747,80.22271
Tamil nadu,546465,Arumbakkam,Chennai North,13.0745,80.21766
Tamil nadu,546578,Arumbakkam MMDA Colony,Chennai North,13.0661,80.2171
Tamil nadu,546251,Doveton- Purasai,Chennai North,13.0705,80.22621
Tamil nadu,546457,Dr.Guruswamy Road,Chennai North,13.0739,80.23016
Tamil nadu,589263,Flower Market Aminjikarai,Chennai North,13.07265,80.22586
Tamil nadu,546612,"Mandapam road,Kilpauk",Chennai North,13.0873,80.23081
Tamil nadu,546520,Nelson Manickm Rd,Chennai North,13.0718,80.2225
Tamil nadu,530170,New Ayanavaram18,Chennai North,13.0963,80.22292
Tamil nadu,546769,Shenoy nagar,Chennai North,13.077,80.22217
Tamil nadu,546607,Shenoy_nagar,Chennai North,13.0778,80.22909
Tamil nadu,574753,Solaiamman Koil 2nd st,Chennai North,13.0913,80.229126
Tamil nadu,546492,VAITHIYANATHAN STREET,Chennai North,13.0708,80.22947
Tamil nadu,546938,AMBATHUR INDUSTRIAL ESTATE,Chennai North,13.0853,80.17319
Tamil nadu,587148,Ayanambakkam Relocation,Chennai North,13.0791,80.1643
Tamil nadu,575050,AYANAMBAKKAM3,Chennai North,13.0721,80.1528
Tamil nadu,527719,Bharathi Salai-Mogappair,Chennai North,14.0772,80.17021
Tamil nadu,546302,Golden Colony,Chennai North,13.091,80.17688
Tamil nadu,546641,"Hcl South Phase 2, Ambattur",Chennai North,13.0875,80.17168
Tamil nadu,572327,Mogappiar East,Chennai North,13.0828,80.18783
Tamil nadu,524015,Mogappiar West,Chennai North,13.0805,80.17049
Tamil nadu,571358,Mugappair,Chennai North,13.0834,80.178042
Tamil nadu,526131,Mugappair_Thilakar Street,Chennai North,13.0851,80.165704
Tamil nadu,521679,Nolambur,Chennai North,13.0737,80.17827
Tamil nadu,546315,UW_TN_W_1884_trinity church st-Mogappair,Chennai North,13.076,80.18099
Tamil nadu,598197,Mogappair West22,Chennai North,13.07203,80.16718
Tamil nadu,599058,Mogappair West -23,Chennai North,13.07622,80.17398
Tamil nadu,593004,Annamalai Nagar Veppambattu,Chennai North,13.13015,79.99002
Tamil nadu,575384,NATHAIMEDU,Chennai North,13.1398,80.038723
Tamil nadu,529890,New Thiruninravur,Chennai North,13.1256,80.01955
Tamil nadu,583530,Palavedu 1,Chennai North,13.1464,80.0379
Tamil nadu,593390,Priyanka Nagar Veppampattu,Chennai North,13.1328,80.00206
Tamil nadu,546112,Sevvapettai-Permanent site for COW RFI Declared si,Chennai North,13.1271,79.97124
Tamil nadu,589824,Sivanvoyal,Chennai North,13.177636,80.0087
Tamil nadu,546703,Thirunindravur,Chennai North,13.1265,80.02972
Tamil nadu,585118,Thiruninravur 32,Chennai North,13.1184,80.03609
Tamil nadu,581903,Thiruninravur bus stand,Chennai North,13.1242,80.03453
Tamil nadu,502954,Thiruninravur North,Chennai North,13.1218,80.03742
Tamil nadu,581904,Thiruninravur Railway Station,Chennai North,13.1213,80.03216
Tamil nadu,546511,Thiruninravur west,Chennai North,13.1247,80.02061
Tamil nadu,581900,Thiruninravur20,Chennai North,13.1354,80.03599
Tamil nadu,571318,Thiruverkadu,Chennai North,13.1267,80.00584
Tamil nadu,546232,UW_TN_W_1837_K.H.Nagar Tirunindavur,Chennai North,13.1115,80.02728
Tamil nadu,599821,Perumalpattu 3,Chennai North,13.10263,79.993191
Tamil nadu,594399,Athivakkam Chennai,Chennai North,13.19618,80.20122
Tamil nadu,576314,Cholavaram,Chennai North,13.2381,80.16952
Tamil nadu,581814,Cholavaram 1,Chennai North,13.2439,80.15872
Tamil nadu,583567,Mathur 10,Chennai North,13.181,80.20995
Tamil nadu,582670,Nethaji street,Chennai North,13.224,80.172007
Tamil nadu,532489,Pammadukulam,Chennai North,13.1782,80.15411
Tamil nadu,547024,Pudur,Chennai North,13.2386,80.199
Tamil nadu,527852,Puzhal New,Chennai North,13.1765,80.20203
Tamil nadu,546984,Red Hills,Chennai North,13.1927,80.18597
Tamil nadu,581675,Red Hills14,Chennai North,13.2016,80.19505
Tamil nadu,546971,Redhills Alpha ofload,Chennai North,13.1861,80.19979
Tamil nadu,585239,Redhills Naravarikuppam,Chennai North,13.1944,80.169581
Tamil nadu,585441,Redhills Pillaiyar Koil Street,Chennai North,13.1888,80.186852
Tamil nadu,502343,Redhills-attanthangal,Chennai North,13.2045,80.1746
Tamil nadu,574752,REDHILLSTOWN5,Chennai North,13.1887,80.192284
Tamil nadu,527725,Redhils17,Chennai North,13.2151,80.15953
Tamil nadu,599771,Thirunilai,Chennai North,13.2365,80.23026
Tamil nadu,481408,Alamathi 3,Chennai North,13.21276,80.11785
Tamil nadu,455027,APM TERMINALS,Chennai North,13.3039,80.21093
Tamil nadu,547004,Athipattu,Chennai North,13.2572,80.2756
Tamil nadu,546296,Athipattu 2,Chennai North,13.2549,80.28288
Tamil nadu,576043,L&T Ennore Shipyard,Chennai North,13.3063,80.331
Tamil nadu,581902,Minjur 11,Chennai North,13.2627,80.2773
Tamil nadu,548141,N G O Colony,Chennai North,13.3252,80.19955
Tamil nadu,546110,NADIYAMBAKKAM,Chennai North,13.2686,80.27407
Tamil nadu,590799,Neithavayal Minjur,Chennai North,13.2815,80.2675
Tamil nadu,587160,NGO Nagar,Chennai North,13.3348,80.18963
Tamil nadu,585885,NGO Nagar Extn,Chennai North,13.3273,80.19286
Tamil nadu,596079,Palaverkadu Pulicat,Chennai North,13.420732,80.325
Tamil nadu,590568,Perumal Koil Street Minjur,Chennai North,13.2786,80.284409
Tamil nadu,547499,Poneri North,Chennai North,13.3311,80.1954
Tamil nadu,546091,Ponneri,Chennai North,13.3349,80.19347
Tamil nadu,547527,Ponneri High Rd-Vichur,Chennai North,13.2415,80.272
Tamil nadu,481049,Ponneri 32,Chennai North,13.31981,80.20341
Tamil nadu,546592,Chinna Kodangiyur,Chennai North,13.1406,80.24687
Tamil nadu,585231,Erukkanchery-14,Chennai North,13.1227,80.25019
Tamil nadu,546627,Erukkencheri,Chennai North,13.1294,80.24812
Tamil nadu,546459,Gandhi Nagar 1,Chennai North,13.1326,80.24329
Tamil nadu,546629,Kodungaivur,Chennai North,13.1337,80.24693
Tamil nadu,584402,KODUNGAIYUR 23,Chennai North,13.139,80.25575
Tamil nadu,586293,Kodungaiyur Horbour Colony,Chennai North,13.1426,80.2413
Tamil nadu,546642,Madavaram,Chennai North,13.1473,80.2288
Tamil nadu,532487,Madhavaram _v.1,Chennai North,13.1381,80.2273
Tamil nadu,546545,Madhavaram East,Chennai North,13.135,80.25431
Tamil nadu,546625,Rolling Mills,Chennai North,13.1374,80.24009
Tamil nadu,546481,Salima Nagar,Chennai North,13.1185,80.25793
Tamil nadu,546656,UW_TN_W_1488_Muthumariamman koil st,Chennai North,13.1389,80.23485
Tamil nadu,546661,UW_TN_W_1858-UW_TN_W_1858_MADAVARAM-FLYO,Chennai North,13.1457,80.22214
Tamil nadu,546616,Vyasarapadi,Chennai North,13.1336,80.26218
Tamil nadu,547012,Ayanavaram  vp colony,Chennai North,13.0962,80.2358
Tamil nadu,546297,Ayanavaram Mettu St,Chennai North,13.0933,80.23257
Tamil nadu,585892,GKM Colony 10,Chennai North,13.1095,80.22099
Tamil nadu,546433,Mettu street,Chennai North,13.096,80.23335
Tamil nadu,546583,Nammalwarpet,Chennai North,13.0964,80.24276
Tamil nadu,546877,Tirupacheeswarar St,Chennai North,13.0959,80.23162
Tamil nadu,586354,Villivakkam Relocation,Chennai North,13.11253,80.21301
Tamil nadu,548679,ARANI,Chennai North,13.3295,80.08583
Tamil nadu,455062,Caplin Point Uint-2,Chennai North,13.3988,80.0629
Tamil nadu,548180,JAMBO BAG,Chennai North,13.3005,80.1522
Tamil nadu,548794,Kavarapettai,Chennai North,13.3688,80.1341
Tamil nadu,464228,Pancheti,Chennai North,13.2963,80.158
Tamil nadu,548172,PUDUVAYAL,Chennai North,13.3301,80.1457
Tamil nadu,520969,Siruvapuri1,Chennai North,13.3238,80.11682
Tamil nadu,522190,Thandalachery,Chennai North,13.3805,80.1017
Tamil nadu,577827,Velammal International School,Chennai North,13.3029,80.1585
Tamil nadu,584118,Mahindra industrial park Orgigin3,Chennai North,13.34488,80.150569
Tamil nadu,546307,Anna Nagar,Chennai North,13.0851,80.21632
Tamil nadu,546309,Anna nagar,Chennai North,13.092,80.2184
Tamil nadu,526873,Anna Nagar Al Blk,Chennai North,13.0813,80.20284
Tamil nadu,546560,Anna nagar Arach,Chennai North,13.0798,80.2175
Tamil nadu,546530,Anna Nagar East,Chennai North,13.0835,80.22667
Tamil nadu,572329,Anna Nagar MGR colony,Chennai North,13.0791,80.2058
Tamil nadu,502359,Anna Nagar Shanthi Colony North,Chennai North,13.0832,80.21252
Tamil nadu,546310,Annanagar udayam clny,Chennai North,13.0849,80.20686
Tamil nadu,546345,Nadamuni (Villivakkam),Chennai North,13.1044,80.21007
Tamil nadu,546682,NADHAMUNI,Chennai North,13.0945,80.20626
Tamil nadu,546775,Naval nagar,Chennai North,13.0969,80.20148
Tamil nadu,546289,shanti colony,Chennai North,13.0824,80.20779
Tamil nadu,546452,Thirumangalam Road,Chennai North,13.1016,80.20219
Tamil nadu,572319,Villivakkam Station Road,Chennai North,13.1089,80.206911
Tamil nadu,547018,Gollam Thottam,Chennai North,13.1222,80.24572
Tamil nadu,587773,Madura sami madam st Relocation,Chennai North,13.1176,80.2425
Tamil nadu,585324,Melpatti,Chennai North,13.1127,80.24938
Tamil nadu,574620,Moolakadai South,Chennai North,13.1211,80.24844
Tamil nadu,546548,Perambur,Chennai North,13.1112,80.2398
Tamil nadu,582505,Perambur Carriage works,Chennai North,13.1081,80.2374
Tamil nadu,546670,Perambur East,Chennai North,13.112,80.25322
Tamil nadu,571326,Perambur Market,Chennai North,13.1134,80.248369
Tamil nadu,546597,Perambur North,Chennai North,13.1146,80.24516
Tamil nadu,582376,Perambur3 New,Chennai North,13.1116,80.25206
Tamil nadu,546585,Perambur-GSM,Chennai North,13.1101,80.24588
Tamil nadu,547014,Periyar nagar Perumbur,Chennai North,13.1129,80.22939
Tamil nadu,546279,Sembium,Chennai North,13.1183,80.24546
Tamil nadu,546590,Sembium,Chennai North,13.1184,80.23467
Tamil nadu,546220,Sembiyum,Chennai North,13.1131,80.23668
Tamil nadu,546690,Arul Nagar-Kondungaiyur,Chennai North,13.1498,80.24772
Tamil nadu,591651,Barathi Nagar Manali,Chennai North,13.17272,80.24728
Tamil nadu,571353,Kamaraj Nagar,Chennai North,13.151,80.2382
Tamil nadu,572312,Kolathur 5,Chennai North,13.145,80.245205
Tamil nadu,584918,Madavaram Venugopal Nagar,Chennai North,13.159,80.23171
Tamil nadu,546325,Madhavaram,Chennai North,13.1447,80.24007
Tamil nadu,585321,Madhavaram Kamaraj Salai,Chennai North,13.1672,80.25658
Tamil nadu,546537,Madhavaram-milk colony,Chennai North,13.1664,80.24319
Tamil nadu,546533,Manali,Chennai North,13.1623,80.2584
Tamil nadu,502016,Manali,Chennai North,13.1609,80.2554
Tamil nadu,584495,Manali 15,Chennai North,13.1524,80.25063
Tamil nadu,546437,Manali 2,Chennai North,13.1811,80.26284
Tamil nadu,546644,Manali by pass road,Chennai North,13.166,80.23106
Tamil nadu,527821,Manali Industrial Estate13,Chennai North,13.2053,80.25697
Tamil nadu,581901,Manali Industrial Estate14,Chennai North,13.1976,80.23528
Tamil nadu,524018,Manali Kamarajapuram,Chennai North,13.1931,80.25658
Tamil nadu,575048,MANALIINDLESTATE4,Chennai North,13.1892,80.27038
Tamil nadu,546630,Mathur2,Chennai North,13.1739,80.24943
Tamil nadu,527724,Mathur-Chennai,Chennai North,13.1754,80.2493
Tamil nadu,548179,ELAYUR,Chennai North,13.4614,80.1125
Tamil nadu,548797,Gummidipoondi-2,Chennai North,13.4103,80.12817
Tamil nadu,523238,Gummudipoondi-Sipcot,Chennai North,13.4218,80.099528
Tamil nadu,577040,Gummudipundi,Chennai North,13.4008,80.101103
Tamil nadu,546095,Gummudipundi 2,Chennai North,13.4195,80.12818
Tamil nadu,464226,Hitech Carbon Factory,Chennai North,13.41736,80.1027
Tamil nadu,547530,Naraimapuram,Chennai North,13.4584,80.12078
Tamil nadu,523461,New Arambakkam,Chennai North,13.5262,80.07281
Tamil nadu,591447,Soorapundi,Chennai North,13.4367,80.058179
Tamil nadu,598360,Madarpakkam HSS School,Chennai North,13.4503,80.00909
Tamil nadu,546354,Anna Nagar West,Chennai North,13.0972,80.1975
Tamil nadu,586812,Ayya Anna thottam,Chennai North,13.1285,80.2283
Tamil nadu,585440,Balakumaran Nagar Kolathur,Chennai North,13.1267,80.22214
Tamil nadu,546522,Kolathur,Chennai North,13.1319,80.21618
Tamil nadu,584401,Kolathur 36,Chennai North,13.128,80.2106
Tamil nadu,571310,kolathur gandhi nagar,Chennai North,13.1193,80.221226
Tamil nadu,546385,Kolathur South,Chennai North,13.1189,80.21062
Tamil nadu,573907,Kolathur south,Chennai North,13.121,80.215046
Tamil nadu,571354,Kulathur -Ponniammenmedu,Chennai North,13.1334,80.22758
Tamil nadu,546576,Periyar nagar,Chennai North,13.1171,80.22922
Tamil nadu,582562,Ponniamman Medu 8,Chennai North,13.1354,80.22739
Tamil nadu,581815,Ponniamman Medu10,Chennai North,13.1412,80.21592
Tamil nadu,546486,Poonaimedu,Chennai North,13.1284,80.21766
Tamil nadu,546423,R H Road,Chennai North,13.1253,80.21886
Tamil nadu,546618,Vetri nagar(Kolathur),Chennai North,13.129,80.22465
Tamil nadu,571357,Villivakkam,Chennai North,13.1156,80.21016
Tamil nadu,546979,Villivakkam Sidco,Chennai North,13.1076,80.2026
Tamil nadu,584195,"JP Nagar, Surapattu",Chennai North,13.1418,80.19753
Tamil nadu,546653,Kalpalaiyam,Chennai North,13.1338,80.20314
Tamil nadu,584168,KALPALYAM KOLATHUR,Chennai North,13.1375,80.203878
Tamil nadu,581719,killikuppam9,Chennai North,13.1382,80.16999
Tamil nadu,531729,Kolathur teachers colony,Chennai North,13.1348,80.20113
Tamil nadu,523768,Korattur Subash Nagar,Chennai North,13.134,80.19624
Tamil nadu,574755,Naravarikuppam2,Chennai North,13.1704,80.205145
Tamil nadu,528616,New Puzhal 10,Chennai North,13.1671,80.20644
Tamil nadu,585439,Puzal moogambigai nagar,Chennai North,13.1434,80.20044
Tamil nadu,546353,Puzhal,Chennai North,13.1643,80.20371
Tamil nadu,527537,Redhills High Road5,Chennai North,13.148,80.20322
Tamil nadu,546623,"SBOA Teachers Colony,Kolathur",Chennai North,13.1378,80.20235
Tamil nadu,546628,SOORAPETÂ Â Â ,Chennai North,13.145,80.18793
Tamil nadu,546344,Surapattu,Chennai North,13.1557,80.2044
Tamil nadu,587865,Surappattu Annai Indira Nagar New,Chennai North,13.1425,80.17909
Tamil nadu,599027,KOLATHUR 50,Chennai North,13.13794,80.19403
Tamil nadu,585272,Chinmaya Nagar South Relocation,Chennai North,13.0528,80.184877
Tamil nadu,546582,Chinmaya Nagar-GSM,Chennai North,13.0604,80.195955
Tamil nadu,581369,Chinmiya Nagar12,Chennai North,13.0618,80.19862
Tamil nadu,546948,KK nagar 4,Chennai North,13.0375,80.20049
Tamil nadu,546742,Mgr Nagar 2,Chennai North,13.0366,80.19839
Tamil nadu,577516,Nesapakkam,Chennai North,13.039,80.1885
Tamil nadu,575407,Nesapakkam,Chennai North,13.0359,80.1918
Tamil nadu,546866,Padmavathi Nagar,Chennai North,13.0484,80.19561
Tamil nadu,500306,Ramapuram,Chennai North,13.0314,80.17776
Tamil nadu,582667,Ramapuram 19,Chennai North,13.0333,80.18657
Tamil nadu,546393,Ramavaram,Chennai North,13.0324,80.17618
Tamil nadu,546731,Rampuram 4,Chennai North,13.029,80.1779
Tamil nadu,524785,Sadhik Basha Nagar,Chennai North,13.05,80.18766
Tamil nadu,571359,Syndicate Colony,Chennai North,13.0534,80.18031
Tamil nadu,546248,UW_TN_W_1818_AVM school,Chennai North,13.0514,80.19924
Tamil nadu,588909,valasaravakkam Ramakrishna Nagar,Chennai North,13.050323,80.183057
Tamil nadu,546804,Virugambakkam South,Chennai North,13.0401,80.18426
Tamil nadu,584169,Ramapuram 20,Chennai North,13.0365,80.17229
Tamil nadu,590803,Chikkarayapuram Mangadu,Chennai North,13.015145,80.100813
Tamil nadu,546334,Kollalmar,Chennai North,13.0056,80.11051
Tamil nadu,575055,Kundrathur 2,Chennai North,12.9978,80.0954
Tamil nadu,546275,Kundrathur 3,Chennai North,12.9912,80.09428
Tamil nadu,546942,Kundrathur Murugan Temple,Chennai North,12.9877,80.09458
Tamil nadu,529601,Kundrathur018,Chennai North,12.9737,80.05332
Tamil nadu,526831,Kundrathur16,Chennai North,12.9823,80.05711
Tamil nadu,578296,KUNDRATHUR23,Chennai North,12.9954,80.09833
Tamil nadu,581674,Kundrathur26,Chennai North,12.9901,80.108424
Tamil nadu,523819,Nandhanbakkam,Chennai North,12.9792,80.05336
Tamil nadu,529602,New Kundrathur 19,Chennai North,12.9852,80.0677
Tamil nadu,546442,Pattur,Chennai North,13.0196,80.10486
Tamil nadu,588636,Shekkilar Nagr kundrathur,Chennai North,13.00116,80.09517
Tamil nadu,592508,Thirupur Kumaran Street Paraniputhur,Chennai North,13.00065,80.11093
Tamil nadu,548126,Uw_Tn_W_2287_ Kana Kovil Pettai,Chennai North,13.0249,80.11334
Tamil nadu,596623,Nallur Malaiyampakkam,Chennai North,12.9652,80.0307
Tamil nadu,464512,CHN_Kolapakkam1,Chennai North,13.00368,80.14774
Tamil nadu,546361,Gerugambakkam,Chennai North,13.0137,80.14243
Tamil nadu,585121,GERUGAMBAKKAM 36,Chennai North,13.0082,80.13366
Tamil nadu,577528,GERUGAMBAKKAM13,Chennai North,13.0117,80.15838
Tamil nadu,581905,Gerugampakkam27 (Akash Nagar),Chennai North,13.0029,80.131505
Tamil nadu,546654,Kollapakkam,Chennai North,13.0106,80.1498
Tamil nadu,546778,Manapakkam 2,Chennai North,13.014,80.17157
Tamil nadu,575397,MANAPAKKAM3,Chennai North,13.0118,80.16541
Tamil nadu,571333,Mogalivakkam east,Chennai North,13.0149,80.15564
Tamil nadu,572336,Mogalivakkam south,Chennai North,13.0178,80.170467
Tamil nadu,546314,Mugalivakkam,Chennai North,13.0229,80.16451
Tamil nadu,530072,MUGALIVAKKAM 13,Chennai North,13.0145,80.15883
Tamil nadu,582343,MUGALIVAKKAM 15,Chennai North,13.0195,80.16537
Tamil nadu,575398,Mugalivakkam3,Chennai North,13.023,80.1599
Tamil nadu,572345,Mugalivakkam5,Chennai North,13.019,80.1494
Tamil nadu,527718,Mugalivakkam-7,Chennai North,13.0202,80.1573
Tamil nadu,546305,Porur,Chennai North,13.035,80.15479
Tamil nadu,546316,Porur,Chennai North,13.0296,80.16989
Tamil nadu,573909,Porur south,Chennai North,13.0263,80.15559
Tamil nadu,575432,ANAKAPATHUR4,Chennai North,12.9994,80.12254
Tamil nadu,529954,Gerugambakkam23,Chennai North,13.0118,80.12565
Tamil nadu,591762,Anna Industrial Estate Porur,Chennai North,13.0502,80.1557
Tamil nadu,595442,ICL Vanagaram Chennai,Chennai North,13.056397,80.144447
Tamil nadu,586947,Iyappanthangal 28,Chennai North,13.0335,80.132719
Tamil nadu,575404,Natesan nagar,Chennai North,13.0373,80.13426
Tamil nadu,581414,Pappanthangal,Chennai North,13.0305,80.12711
Tamil nadu,582390,PORUR JUNCTION 13,Chennai North,13.0407,80.15347
Tamil nadu,546337,RAMACHANDRA MEDICAL,Chennai North,13.037,80.14655
Tamil nadu,546335,Ramachandra medical college,Chennai North,13.036,80.13931
Tamil nadu,448278,SRMC Dental Collge,Chennai North,13.0405,80.143881
Tamil nadu,448260,SRMC Dental Collge,Chennai North,13.0413,80.1438
Tamil nadu,502358,Tambaram Bypass,Chennai North,13.0543,80.15483
Tamil nadu,546330,UW_TN_W_1822_Mettukuppam,Chennai North,13.0462,80.15504
Tamil nadu,587552,Arunachala Nagar,Chennai North,13.0166,80.11872
Tamil nadu,582673,Athilakshmi Nagar,Chennai North,13.0089,80.1146
Tamil nadu,582675,Gerugambakkam 29,Chennai North,13.0173,80.11161
Tamil nadu,588592,Magadu-11,Chennai North,13.02096,80.11618
Tamil nadu,575411,Near Menakshi univesity,Chennai North,13.0144,80.111189
Tamil nadu,582595,B V R Nagar,Chennai North,13.0426,80.09431
Tamil nadu,448290,Coke factory,Chennai North,13.071,80.24915
Tamil nadu,448292,HIS- Automotive Pvt.Ltd,Chennai North,13.033,80.320056
Tamil nadu,584759,Janani nagar,Chennai North,13.0336,80.098779
Tamil nadu,582479,Karayachavadi 10,Chennai North,13.0533,80.10829
Tamil nadu,546526,Karayanchavadi,Chennai North,13.0514,80.11299
Tamil nadu,525008,Mahalakshmi Nagar New,Chennai North,13.0344,80.10242
Tamil nadu,590812,Melmanambedu Nemam,Chennai North,13.07071,80.03964
Tamil nadu,593625,MS Dhoni Street Poonamallee,Chennai North,13.045984,80.090847
Tamil nadu,546523,Nemam,Chennai North,13.0764,80.0284
Tamil nadu,581899,Parivakkam 2,Chennai North,13.0652,80.096414
Tamil nadu,547036,Poonamalle,Chennai North,13.05,80.09116
Tamil nadu,581689,Poonamalle town 12,Chennai North,13.0439,80.10179
Tamil nadu,509223,Poonamalli Town,Chennai North,13.041,80.09226
Tamil nadu,546388,Queens land,Chennai North,13.0341,80.03866
Tamil nadu,529891,Sembarambakkam2,Chennai North,13.0374,80.04388
Tamil nadu,575412,Semmbarakkam 1,Chennai North,13.0349,80.056432
Tamil nadu,584167,Thamarai Street New,Chennai North,13.0473,80.076139
Tamil nadu,546960,Thirumazhisai,Chennai North,13.0522,80.06063
Tamil nadu,546400,Thirumazhisai2,Chennai North,13.0515,80.06578
Tamil nadu,546658,UW_TN_W_1824_Writers Street,Chennai North,13.0419,80.10996
Tamil nadu,546561,Vellavedu,Chennai North,13.0672,80.0369
Tamil nadu,599827,Thirumazhisai 12,Chennai North,13.0617,80.06211
Tamil nadu,480954,Puduchatram 3,Chennai North,13.08821,80.01771
Tamil nadu,546660,Choolai Madu High Road,Chennai North,13.057,80.2313
Tamil nadu,546541,Kodambakkam,Chennai North,13.0532,80.2246
Tamil nadu,546318,Kodambakkam  Proactive,Chennai North,13.0517,80.22645
Tamil nadu,532090,Pushbha Nagar,Chennai North,13.0583,80.2389
Tamil nadu,546333,Trust puram,Chennai North,13.0569,80.22597
Tamil nadu,546332,Trustpuram Road,Chennai North,13.0554,80.2226
Tamil nadu,546668,Ashok Nagar-100 Feet Road,Chennai North,13.0446,80.21345
Tamil nadu,577721,ALAGIRI NAGAR3,Chennai North,13.0575,80.21599
Tamil nadu,546806,Ashok Nagar,Chennai North,13.043,80.21029
Tamil nadu,546766,Gangai Aman Koil Street,Chennai North,13.0539,80.21593
Tamil nadu,546596,K K Nagar - RBI,Chennai North,13.0418,80.2075
Tamil nadu,546830,MMDA Colony,Chennai North,13.0599,80.21188
Tamil nadu,581438,Radha Regent,Chennai North,13.0652,80.21027
Tamil nadu,546414,Saligramam 2,Chennai North,13.0476,80.20302
Tamil nadu,571343,Saligrammam,Chennai North,13.0573,80.2037
Tamil nadu,546927,shanmugam salai-k k nagar,Chennai North,13.044,80.20236
Tamil nadu,546606,Somasundara bharthi nagar,Chennai North,13.0456,80.20845
Tamil nadu,572333,Thirunagar Colony,Chennai North,13.0595,80.2081
Tamil nadu,546997,Trust Puram,Chennai North,13.0544,80.22597
Tamil nadu,546655,UW_TN_W_1346_Periyar pathai,Chennai North,13.0585,80.21687
Tamil nadu,546525,Vadapalani,Chennai North,13.0499,80.20701
Tamil nadu,546751,Vadapalani-East,Chennai North,13.0512,80.21552
Tamil nadu,582095,"Bella Vista,kattupakkam15",Chennai North,13.0496,80.116053
Tamil nadu,546331,Iyappanthangal,Chennai North,13.0437,80.1225
Tamil nadu,546326,Kattupakkam,Chennai North,13.0384,80.128482
Tamil nadu,585026,Kattupakkam 19,Chennai North,13.0449,80.12813
Tamil nadu,585435,Kattupakkam 20,Chennai North,13.0523,80.131917
Tamil nadu,526982,Kattupakkam7,Chennai North,13.0453,80.13477
Tamil nadu,574615,Kattuppakkam4,Chennai North,13.0354,80.1298
Tamil nadu,546572,Maduravidu,Chennai North,13.0626,80.13264
Tamil nadu,546495,Mangadu,Chennai North,13.0303,80.11028
Tamil nadu,584550,Munusamy Nagar New,Chennai North,13.0708,80.12242
Tamil nadu,529841,Noombal Icon New,Chennai North,13.0527,80.13977
Tamil nadu,585825,Noombal1,Chennai North,13.0524,80.13503
Tamil nadu,582345,Poonamalle By Pass 7,Chennai North,13.06,80.1138
Tamil nadu,523667,Poonamallee Sornapuri Nagar,Chennai North,13.0381,80.12238
Tamil nadu,527597,Thiruverkadu,Chennai North,13.0738,80.12498
Tamil nadu,575431,Thiruverkadu Arch 2,Chennai North,13.0564,80.14105
Tamil nadu,585322,Tiruverkadu 17,Chennai North,13.065,80.124725
Tamil nadu,546336,UW_TN_W_1823_Noombal,Chennai North,13.0486,80.13824
Tamil nadu,546389,UW_TN_W_1827_Karayanchavadi,Chennai North,13.0633,80.11
Tamil nadu,480225,Kattupakkam 16,Chennai North,13.0348,80.1239
Tamil nadu,585227,Alapakkam 10,Chennai North,13.045,80.16373
Tamil nadu,588538,Porur Karabakkam,Chennai North,13.039117,80.164033
Tamil nadu,546238,Valasaravakkam 2,Chennai North,13.0411,80.17313
Tamil nadu,523408,"5Th Cross Street, Porur",Chennai North,13.0453,80.16068
Tamil nadu,666720,Chennai Polytechnic Relocation,Chennai North,13.0512,80.17772
Tamil nadu,546675,Chinmaya nagar_v.1,Chennai North,13.0603,80.18148
Tamil nadu,595253,Green Enclave Relocation,Chennai North,13.0652,80.17581
Tamil nadu,546382,Karuneekar St,Chennai North,13.0704,80.1861
Tamil nadu,546386,Maduraivoyal 2,Chennai North,13.0628,80.18224
Tamil nadu,546390,MADURAVOIL_V.1,Chennai North,13.0655,80.1736
Tamil nadu,546543,Maduravoyal,Chennai North,13.0616,80.17021
Tamil nadu,546387,Meenkashi Dental College,Chennai North,13.0686,80.16699
Tamil nadu,587713,Muthumariamman Kovil Street,Chennai North,13.0641,80.1773
Tamil nadu,529599,Nerkundaram,Chennai North,13.0626,80.17451
Tamil nadu,526108,Nerukundram_Kamaraj Salai,Chennai North,13.0588,80.18424
Tamil nadu,546636,Pallikuppam,Chennai North,13.0522,80.16084
Tamil nadu,575060,Samayapuram Mariyamman street,Chennai North,13.0583,80.165051
Tamil nadu,572332,Thirupathi Nagar,Chennai North,13.0446,80.173134
Tamil nadu,582391,Valasaravakkam 19,Chennai North,13.0431,80.17583
Tamil nadu,524148,Valasarawalkam West,Chennai North,13.0495,80.17174
Tamil nadu,577154,AREMENIAN ST -1,Chennai North,13.0928,80.28893
Tamil nadu,572323,Armenian Street,Chennai North,13.093,80.2885
Tamil nadu,546403,BROADWAY,Chennai North,13.0889,80.28569
Tamil nadu,572325,Broadway,Chennai North,13.0905,80.28433
Tamil nadu,577152,Ebharim saib st,Chennai North,13.1008,80.29239
Tamil nadu,546998,George Town Beach,Chennai North,13.1004,80.29026
Tamil nadu,546471,Govindappan Naiken Street,Chennai North,13.0981,80.28266
Tamil nadu,448281,HSBC - RAJAJI SALAI,Chennai North,13.095,80.29218
Tamil nadu,546519,Minit St,Chennai North,13.1005,80.28028
Tamil nadu,546466,Moore Street,Chennai North,13.0967,80.29142
Tamil nadu,577149,parrys 2nd lane beach rd,Chennai North,13.0939,80.29106
Tamil nadu,577148,Parrys_Peddu st -2,Chennai North,13.1024,80.27964
Tamil nadu,546983,Shaw Wallace,Chennai North,13.0896,80.28882
Tamil nadu,546610,St.Xavier street,Chennai North,13.1002,80.28469
Tamil nadu,577153,Parrys Anderson St-1,Chennai North,13.0916,80.28436
Tamil nadu,546363,Sowcarpet,Chennai North,13.0894,80.2798
Tamil nadu,502350,Old Washermanpet_v.1,Chennai North,13.1087,80.280083
Tamil nadu,571334,Prakasam Road,Chennai North,13.1018,80.28702
Tamil nadu,546420,Chindadirpet,Chennai North,13.075,80.26993
Tamil nadu,573611,Chindadripet,Chennai North,13.0748,80.271743
Tamil nadu,546889,Lafford Lane,Chennai North,13.0779,80.27167
Tamil nadu,546553,Pudhupet,Chennai North,13.0757,80.26792
Tamil nadu,448286,TN MULTI SPECIALITY HOSPITAL,Chennai North,13.0693,80.27392
Tamil nadu,546814,Evening Bazaar,Chennai North,13.0847,80.279
Tamil nadu,448272,G.H CENTRAL,Chennai North,13.0809,80.2765
Tamil nadu,448271,G.H CENTRAL,Chennai North,13.0809,80.2765
Tamil nadu,448270,G.H CENTRAL,Chennai North,13.0809,80.2765
Tamil nadu,448284,G.H CENTRAL,Chennai North,13.0809,80.2765
Tamil nadu,546818,Kondithope,Chennai North,13.0998,80.27642
Tamil nadu,546940,Kondithope Market,Chennai North,13.1022,80.276619
Tamil nadu,546410,Lawyer Chinna Thambi Street,Chennai North,13.1008,80.27741
Tamil nadu,572240,Ner Mulla Sahid Inn,Chennai North,13.0967,80.280047
Tamil nadu,577155,Parrys_Venkatanarayan st,Chennai North,13.0904,80.27698
Tamil nadu,574258,Picnic hotel_Relocation,Chennai North,13.0809,80.27032
Tamil nadu,572239,Ponappa chetti Street,Chennai North,13.0877,80.27834
Tamil nadu,576668,Sowcarpet (Mint),Chennai North,13.0891,80.2756
Tamil nadu,546372,Wall Tax Rd North,Chennai North,13.0938,80.27546
Tamil nadu,546364,Wall Tax Road,Chennai North,13.0919,80.27542
Tamil nadu,546367,Wall tax road-GSM,Chennai North,13.0973,80.275671
Tamil nadu,546324,Chembator,Chennai North,13.1015,80.24175
Tamil nadu,501730,Konnur High Road,Chennai North,13.0976,80.242
Tamil nadu,546663,Medavakkam Tank Road,Chennai North,13.0927,80.24252
Tamil nadu,546439,Namallvarpet,Chennai North,13.0958,80.24438
Tamil nadu,532094,Perambur Loco_v.1,Chennai North,13.1093,80.2238
Tamil nadu,448274,SUNNY VALE BLOCK-B,Chennai North,13.0994,80.2384
Tamil nadu,448275,SUNNY VALE BLOCK-D,Chennai North,13.1,80.2382
Tamil nadu,546463,Basin Road,Chennai North,13.1115,80.27639
Tamil nadu,575382,Erukenchery High Rd,Chennai North,13.1124,80.26446
Tamil nadu,585230,"Gandhi Nagar, Vyasarpadi",Chennai North,13.1234,80.256146
Tamil nadu,585221,Karumariamman temple Korukkupet New,Chennai North,13.1244,80.274187
Tamil nadu,571360,Kennedy nagar,Chennai North,13.1157,80.266156
Tamil nadu,546589,Korrukupet - Manali road,Chennai North,13.1253,80.275321
Tamil nadu,546478,Murgan Kovil,Chennai North,13.1166,80.27362
Tamil nadu,546416,Tondiarpet,Chennai North,13.1267,80.27795
Tamil nadu,546417,Tondiarpet 2,Chennai North,13.1387,80.28047
Tamil nadu,546669,Tondiarpet west,Chennai North,13.1311,80.27798
Tamil nadu,546645,Vasantham garden,Chennai North,13.1235,79.8767
Tamil nadu,584310,Vyasarpadi Reloaction,Chennai North,13.1156,80.26319
Tamil nadu,546558,Vyasarpadi west,Chennai North,13.1238,80.25903
Tamil nadu,573322,VyasrpadiVNagar,Chennai North,13.1242,80.253973
Tamil nadu,546646,Vysarpadi- BV Colony,Chennai North,13.1136,80.26012
Tamil nadu,546418,Bharar Petrol Corporation,Chennai North,13.1381,80.27868
Tamil nadu,546535,Korukkupet,Chennai North,13.1185,80.27658
Tamil nadu,546939,Tondairpet west 2,Chennai North,13.1351,80.28018
Tamil nadu,572313,Old Washermanpet,Chennai North,13.1197,80.282405
Tamil nadu,546542,Choolaimedu,Chennai North,13.0632,80.22847
Tamil nadu,546551,Kellys Junction,Chennai North,13.0862,80.24931
Tamil nadu,546587,Kilpauk,Chennai North,13.0817,80.248796
Tamil nadu,546868,Kilpauk,Chennai North,13.0761,80.2375
Tamil nadu,546559,Kilpauk east,Chennai North,13.0829,80.24188
Tamil nadu,581370,Kilpauk11,Chennai North,13.0762,80.23379
Tamil nadu,546399,KKR Hospital,Chennai North,13.0782,80.24488
Tamil nadu,546604,Nungambakkam Railway StationÂ Â Â ,Chennai North,13.0659,80.23171
Tamil nadu,574253,Purasawalkam_Relocation,Chennai North,13.0786,80.25557
Tamil nadu,546244,Sankarpuram_Choolaimed,Chennai North,13.0656,80.22645
Tamil nadu,464232,Apollo Hospital-Greams road,Chennai North,13.0631,80.25149
Tamil nadu,546327,Chetput,Chennai North,13.0691,80.24347
Tamil nadu,448288,Cox & Kings,Chennai North,13.0719,80.25132
Tamil nadu,547013,Dr Tv Road Chetpet,Chennai North,13.0723,80.2476
Tamil nadu,546961,Egmore,Chennai North,13.0684,80.2573
Tamil nadu,546774,Egmore Railway Station,Chennai North,13.0755,80.26292
Tamil nadu,546748,Greams Road (Msc),Chennai North,13.0564,80.25495
Tamil nadu,546872,Haris Road Egmore,Chennai North,13.0697,80.26665
Tamil nadu,574254,Paras Tower_Relocation,Chennai North,13.0581,80.25796
Tamil nadu,464234,Spencer Plaza,Chennai North,13.06159,80.26112
Tamil nadu,546278,Spurtankrd2,Chennai North,13.0717,80.24404
Tamil nadu,448295,Sunny Side,Chennai North,13.0604,80.25323
Tamil nadu,579136,HP TOWER,Chennai North,13.068629,80.241436
Tamil nadu,581083,Arihant MSC,Chennai North,13.0659,80.268622
Tamil nadu,448268,Ezhaligam,Chennai North,13.0636,80.28292
Tamil nadu,448293,Ezhaligam Aavin building,Chennai North,13.0631,80.28274
Tamil nadu,521645,Masjid Anna salai,Chennai North,13.0658,80.26862
Tamil nadu,546704,Spencers,Chennai North,13.0609,80.26229
Tamil nadu,599443,THOUSAND LIGHTS 4,Chennai North,13.0546,80.2529
Tamil nadu,577211,Kasimedu-Desai Nagar,Chennai North,13.1344,80.295
Tamil nadu,546593,New washermanpet,Chennai North,13.1191,80.29041
Tamil nadu,502838,Periyathambi st,Chennai North,13.1195,80.29674
Tamil nadu,546269,Royapuram - 2,Chennai North,13.1153,80.2916
Tamil nadu,546813,Royapuram Harbour,Chennai North,13.1076,80.29381
Tamil nadu,546945,Thyagarajapuram- Thiruvottiyur,Chennai North,13.1427,80.29666
Tamil nadu,509220,Veerasamy Street,Chennai North,13.1111,80.29128
Tamil nadu,546346,Washermanpet,Chennai North,13.1143,80.28758
Tamil nadu,546949,Washermenpet 2,Chennai North,13.1106,80.28917
Tamil nadu,595973,Somu Chetty St-Royapuram Relocation,Chennai North,13.1133,80.29013
Tamil nadu,577264,Jeeva Nagar,Chennai North,13.137,80.289647
Tamil nadu,546567,kodandaraman stree,Chennai North,13.1204,80.28372
Tamil nadu,546594,Old WashermanpetÂ ,Chennai North,13.111,80.28135
Tamil nadu,546792,Rettakuzhi Lane,Chennai North,13.1247,80.287299
Tamil nadu,546480,Thandavarayan Mudali Street,Chennai North,13.1219,80.28948
Tamil nadu,546221,Tondiarpet,Chennai North,13.1309,80.28969
Tamil nadu,546493,Kalidapet,Chennai North,13.1523,80.29993
Tamil nadu,546443,Anna malai nagar,Chennai North,13.1689,80.29748
Tamil nadu,585220,Annai Sivakami Nagar,Chennai North,13.1824,80.3076
Tamil nadu,546293,Clock tower,Chennai North,13.1626,80.30547
Tamil nadu,546959,Ennore,Chennai North,13.214,80.31813
Tamil nadu,546598,Eranavur,Chennai North,13.1916,80.30881
Tamil nadu,572311,Kamala Nagar,Chennai North,13.1712,80.300332
Tamil nadu,580903,New Ennore,Chennai North,13.2181,80.32072
Tamil nadu,546789,North Railway Station,Chennai North,13.1599,80.29693
Tamil nadu,546503,T.H road,Chennai North,13.1665,80.30408
Tamil nadu,577217,Thiruvi - South Mada,Chennai North,13.1587,80.2989
Tamil nadu,576274,Thiruvotiyur TKS Nagar,Chennai North,13.1785,80.296952
Tamil nadu,584686,Thiruvotriyur21,Chennai North,13.1765,80.30337
Tamil nadu,585219,Tiruvotiyur TKS Nagar,Chennai North,13.1781,80.30058
Tamil nadu,546819,Ganga Kaveri Thiruvottiyur,Chennai North,13.1474,80.29914
Tamil nadu,571344,Sattangadu,Chennai North,13.1491,80.293
Tamil nadu,546848,Toll Gate,Chennai North,13.1465,80.29417
Tamil nadu,480438,Thiruvotriyur 30,Chennai North,13.1666,80.2903
Tamil nadu,546431,Dr.Allagappa Road,Chennai North,13.0816,80.25561
Tamil nadu,546605,purasaiwakkam ponappa street,Chennai North,13.0859,80.25609
Tamil nadu,546469,Purasawakkam,Chennai North,13.0874,80.25327
Tamil nadu,546272,Thandavarayan Street,Chennai North,13.0899,80.255651
Tamil nadu,546908,Chellappa Mudali Street-Otteri,Chennai North,13.0975,80.2524
Tamil nadu,546402,Choolai,Chennai North,13.0862,80.26486
Tamil nadu,546865,Choolai north,Chennai North,13.0931,80.2654
Tamil nadu,502088,Choolai Post Office,Chennai North,13.0893,80.2641
Tamil nadu,546329,Decaster main rd - Pulianthope,Chennai North,13.1028,80.26158
Tamil nadu,546415,GURUSWAMI NAGAR,Chennai North,13.098,80.26638
Tamil nadu,546419,Pattalam,Chennai North,13.0948,80.26131
Tamil nadu,546617,Perambur -jamalia,Chennai North,13.105,80.25268
Tamil nadu,546421,Perimedu,Chennai North,13.0858,80.26964
Tamil nadu,546487,Pulianthope-1,Chennai North,13.0939,80.26659
Tamil nadu,546936,Stephenson road,Chennai North,13.102,80.26608
Tamil nadu,546430,Venkideshapuram,Chennai North,13.1082,80.26382
Tamil nadu,502346,Vetenary College,Chennai North,13.0883,80.26822
Tamil nadu,668910,Armugam Street Relocation,Chennai North,13.087031,80.229252
Tamil nadu,669903,rajaji street Relocation,Chennai North,13.11762,80.250799
Tamil nadu,546833,Nandanam,Chennai South ,13.0312,80.23889
Tamil nadu,494435,West Mambalam Relocation,Chennai South ,13.033946,80.219183
Tamil nadu,528806,Ashok Nagar Raghava Colony,Chennai South ,13.0284,80.21436
Tamil nadu,546757,Guindy 2,Chennai South ,13.0114,80.21524
Tamil nadu,546824,Kannammapet,Chennai South ,13.0294,80.22401
Tamil nadu,502995,KAVERI NAGAR - SAIDAPET,Chennai South ,13.0274,80.22665
Tamil nadu,546801,Rangarajan Puram,Chennai South ,13.0134,80.23139
Tamil nadu,579137,RR Towers 1&2,Chennai South ,13.0125,80.21029
Tamil nadu,546727,Saidapet - Bazar St,Chennai South ,13.0229,80.22543
Tamil nadu,572337,Saidapet West,Chennai South ,13.0251,80.220226
Tamil nadu,575420,Saidapet West,Chennai South ,13.0216,80.2137
Tamil nadu,546864,"Saidapet,Bus Stand  ",Chennai South ,13.018,80.2232
Tamil nadu,546909,Selvarenga Raja St-Saidapet,Chennai South ,13.0122,80.22315
Tamil nadu,577530,SRINAGAR COLONY4,Chennai South ,13.0149,80.22873
Tamil nadu,546851,West Saidapet,Chennai South ,13.0281,80.21951
Tamil nadu,582341,Ashok Nagar 19,Chennai South ,13.0298,80.21198
Tamil nadu,521253,ITC Grand Chola,Chennai South ,13.011,80.220536
Tamil nadu,546910,Achuthan Nagar-Ekkatuthanagal,Chennai South ,13.0227,80.20176
Tamil nadu,546241,Choolai Pallam,Chennai South ,13.0276,80.191
Tamil nadu,546822,Ekkatuthangal Defence Colony,Chennai South ,13.0248,80.20306
Tamil nadu,502347,EKKATUTHANGAL NEW,Chennai South ,13.0208,80.201167
Tamil nadu,546845,Guindy,Chennai South ,13.0083,80.2084
Tamil nadu,585488,Kovilambakkam 19,Chennai South ,12.9355,80.178
Tamil nadu,584916,Kovilambakkam 21,Chennai South ,12.9477,80.18235
Tamil nadu,577372,KOVILAMBAKKAM10,Chennai South ,12.9342,80.174979
Tamil nadu,546549,Pallikaranai,Chennai South ,12.9454,80.2049
Tamil nadu,575426,Pallikaranai 4,Chennai South ,12.9332,80.203404
Tamil nadu,546374,Pallikarani 2,Chennai South ,12.9366,80.20721
Tamil nadu,585217,Pallikkaranai 42,Chennai South ,12.9271,80.21104
Tamil nadu,525177,"Periyarnagar, Pallikaranai",Chennai South ,12.9373,80.215
Tamil nadu,525229,"Rajam Nagar 1St Street, Kovilambakkam",Chennai South ,12.9467,80.19724
Tamil nadu,582593,Selvam Nagar Pallikkaranai,Chennai South ,12.9327,80.20695
Tamil nadu,523473,"VOC street, Kamakoodi nagar",Chennai South ,12.9376,80.20936
Tamil nadu,523631,"Gandhinagar 3Rd Main Road,Kulathur",Chennai South ,12.9424,80.19226
Tamil nadu,572341,Kamakoti Nagar,Chennai South ,12.941,80.212128
Tamil nadu,546841,Kilkattalai,Chennai South ,12.9405,80.1825
Tamil nadu,576817,Ambal Nagar_Pallikar,Chennai South ,12.9356,80.171099
Tamil nadu,576269,GOWRIWAKKAM3,Chennai South ,12.9191,80.1679
Tamil nadu,546737,Kombar Nagar 2,Chennai South ,12.912,80.18267
Tamil nadu,585216,Kovilambakkam 18,Chennai South ,12.9314,80.177929
Tamil nadu,502345,MADAVAKKAM SIVAGAMI NAGAR,Chennai South ,12.9173,80.19083
Tamil nadu,578295,Medavakkam Santhosapuram_New,Chennai South ,12.9124,80.17352
Tamil nadu,546811,Medavakkam_1,Chennai South ,12.9232,80.18824
Tamil nadu,527063,Rajakilpkkam3,Chennai South ,12.9139,80.17624
Tamil nadu,581639,RWD Palms,Chennai South ,12.9117,80.18739
Tamil nadu,523462,Sembakkam,Chennai South ,12.9199,80.15616
Tamil nadu,588845,BHEL Nagar Medavakkam,Chennai South ,12.925149,80.20278
Tamil nadu,583836,Medavakkam Relocation,Chennai South ,12.9195,80.19292
Tamil nadu,597924,Medavakkam26-_Relocation,Chennai South ,12.920285,80.196191
Tamil nadu,480957,RAJAKILPAKKAM 6,Chennai South ,12.915803,80.1803
Tamil nadu,575440,Ganapathy Madambakkam,Chennai South ,12.9049,80.16333
Tamil nadu,546499,Madambakkam,Chennai South ,12.9107,80.15111
Tamil nadu,546740,Madambakkam - Gandhi Road,Chennai South ,12.9156,80.1528
Tamil nadu,546897,Jalldampet,Chennai South ,12.9057,80.19396
Tamil nadu,575358,Madambakkam Maruthi nagar,Chennai South ,12.9034,80.15794
Tamil nadu,575441,Vengai Vasal,Chennai South ,12.9006,80.168793
Tamil nadu,575051,KaleeswariRefinery,Chennai South ,12.8958,80.181626
Tamil nadu,546946,Medavakkam - Veerabathar Nagar,Chennai South ,12.906,80.18917
Tamil nadu,575059,Ottiyampakkam,Chennai South ,12.8608,80.192446
Tamil nadu,587553,Perumbakkam 19 New,Chennai South ,12.898,80.19827
Tamil nadu,581831,Sithalapakkam New,Chennai South ,12.8823,80.19096
Tamil nadu,576378,SITTALAPAKKAM,Chennai South ,12.8869,80.1834
Tamil nadu,546509,Sudharsan Nagar- Madambakkam,Chennai South ,12.9091,80.15786
Tamil nadu,546893,Old Pallavaram,Chennai South ,12.9633,80.17237
Tamil nadu,546776,Kaliewani,Chennai South ,12.9572,80.18091
Tamil nadu,546798,Keelkatalai,Chennai South ,12.9524,80.1841
Tamil nadu,582389,Keelkatalai 25,Chennai South ,12.9567,80.17239
Tamil nadu,527246,Hindu Colony 6,Chennai South ,12.9748,80.17975
Tamil nadu,546715,Bye-Pass,Chennai South ,12.9703,80.20742
Tamil nadu,577353,Gandhi nagar,Chennai South ,12.9599,80.183873
Tamil nadu,575052,KEELKATALAI6,Chennai South ,12.9533,80.1941
Tamil nadu,586861,Kilkattalai 28,Chennai South ,12.9516,80.18902
Tamil nadu,546539,Madipakkam,Chennai South ,12.9632,80.1878
Tamil nadu,521680,Madipakkam-4,Chennai South ,12.9665,80.19946
Tamil nadu,585469,Madipakkam 36,Chennai South ,12.9635,80.20238
Tamil nadu,546577,Madipakkam Karthikeyanpuram,Chennai South ,12.9571,80.19607
Tamil nadu,546965,Madipakkam-1,Chennai South ,12.9504,80.19929
Tamil nadu,546711,Pillayar,Chennai South ,12.9645,80.1971
Tamil nadu,546376,Ram Nagar- Madipakkam,Chennai South ,12.9654,80.20476
Tamil nadu,523669,Sigamani nagar,Chennai South ,12.9546,80.20038
Tamil nadu,502746,PAMMAL - ANNA NAGAR 2,Chennai South ,12.9753,80.1415
Tamil nadu,502836,PAMMAL 3,Chennai South ,12.9735,80.13649
Tamil nadu,546286,Pammal West2,Chennai South ,12.9654,80.14082
Tamil nadu,546875,Bharthi Nagar,Chennai South ,12.9649,80.15801
Tamil nadu,464514,CHN_Airport _Cargo,Chennai South ,12.98736,80.17111
Tamil nadu,584764,Kattabomman Nagar New,Chennai South ,12.9569,80.16466
Tamil nadu,546349,Meenambakkam,Chennai South ,12.9871,80.1744
Tamil nadu,546555,Pallavaram,Chennai South ,12.9692,80.14861
Tamil nadu,502354,PALLAVARAM EAST,Chennai South ,12.9672,80.15276
Tamil nadu,502017,THERASA HIGHER SEC SCHOOL,Chennai South ,12.9697,80.143908
Tamil nadu,509224,ZAMEEN PALLAVARAM,Chennai South ,12.9673,80.16569
Tamil nadu,582346,Zameen Pallavaram 16,Chennai South ,12.9633,80.16817
Tamil nadu,546547,Chrompet,Chennai South ,12.9539,80.14507
Tamil nadu,581215,IRT Chrompet,Chennai South ,12.9468,80.15031
Tamil nadu,546863,Radhanagar Extn,Chennai South ,12.9487,80.15342
Tamil nadu,599820,Nemilicherry- Chromepet,Chennai South ,12.9478,80.164
Tamil nadu,546749,Guindy 1,Chennai South ,13.0091,80.20882
Tamil nadu,546885,Guindy Msc,Chennai South ,13.0146,80.21019
Tamil nadu,546862,Kasi Theatre Junc ,Chennai South ,13.0304,80.2078
Tamil nadu,546913,Sapthagiri Colony-Jafferkhanpet,Chennai South ,13.0306,80.20215
Tamil nadu,546754,Balaji Nagar,Chennai South ,13.0499,80.26904
Tamil nadu,546380,Besant Road,Chennai South ,13.0529,80.26897
Tamil nadu,546270,Burrah Sahib Street Mountraod,Chennai South ,13.0608,80.27055
Tamil nadu,546739,Iyya Street,Chennai South ,13.0531,80.26345
Tamil nadu,546758,Mohamed Hussain Street,Chennai South ,13.0569,80.2711
Tamil nadu,546783,Pallappan Street,Chennai South ,13.0574,80.26958
Tamil nadu,574256,Royapetta_Relocation,Chennai South ,13.0482,80.26625
Tamil nadu,546638,Royapettah-Azad Nagar,Chennai South ,13.0473,80.271
Tamil nadu,546514,Triplican South,Chennai South ,13.0542,80.27882
Tamil nadu,546544,Triplicane,Chennai South ,13.058,80.2738
Tamil nadu,549218,Zam Bazzar North,Chennai South ,13.0638,80.2703
Tamil nadu,571329,Beach Rd South,Chennai South ,13.0521,80.27879
Tamil nadu,464237,Chennai City Centre 2,Chennai South ,13.04295,80.27391
Tamil nadu,464235,Hotel Savera,Chennai South ,13.04657,80.26165
Tamil nadu,571342,Lighthouserailwaystation,Chennai South ,13.0453,80.276035
Tamil nadu,546972,R.K Salai,Chennai South ,13.0452,80.27389
Tamil nadu,546968,Hotel Mgm Grand,Chennai South ,13.0375,80.27903
Tamil nadu,669680,Ice House Relocation,Chennai South ,13.05187,80.273886
Tamil nadu,525087,Kasi Viswanath Koil Street Wm,Chennai South ,13.0353,80.22412
Tamil nadu,571313,Pondy Bazzar Rd,Chennai South ,13.0397,80.243424
Tamil nadu,578871,Ranganathan Street Relocation,Chennai South ,13.0369,80.22841
Tamil nadu,547005,Vellai Thottam,Chennai South ,13.0338,80.2261
Tamil nadu,527637,G N Chetty Road 4,Chennai South ,13.0455,80.24074
Tamil nadu,546988,G.N.Chetty Road,Chennai South ,13.0484,80.24472
Tamil nadu,547022,Hotel Arunachala,Chennai South ,13.0607,80.24069
Tamil nadu,546768,Josierstreet,Chennai South ,13.0555,80.2454
Tamil nadu,572347,Kamaraj Colony,Chennai South ,13.0502,80.220365
Tamil nadu,546991,Kodambakkam High Road,Chennai South ,13.0531,80.2427
Tamil nadu,546245,Kuzhipanthalam,Chennai South ,13.0561,80.2377
Tamil nadu,546905,Nungambakkam,Chennai South ,13.0616,80.24528
Tamil nadu,581364,Pt Rajan Salai13,Chennai South ,13.049,80.21714
Tamil nadu,546586,Rengarajapuram Rd Jn,Chennai South ,13.0469,80.22541
Tamil nadu,546664,Rethnammal Street_Rangarajapuram,Chennai South ,13.0488,80.22078
Tamil nadu,546371,UW_TN_W_1355_NSK SALAI,Chennai South ,13.0536,80.23434
Tamil nadu,579242,Valluvarkottam 7,Chennai South ,13.0544,80.23894
Tamil nadu,546907,Ashok Nagar,Chennai South ,13.0345,80.2126
Tamil nadu,546365,Bazulla Road,Chennai South ,13.0469,80.23569
Tamil nadu,577943,Postal Colony,Chennai South ,13.0377,80.21644
Tamil nadu,531727,Vasan St_V.1,Chennai South ,13.0438,80.2305
Tamil nadu,579138,VBC SOLITAIRE,Chennai South ,13.047,80.23432
Tamil nadu,597162,West_Mambalam,Chennai South ,13.043199,80.221385
Tamil nadu,546951,Virugambakkam 2,Chennai South ,13.0384,80.22092
Tamil nadu,571321,Adampakkam Ngo Colony,Chennai South ,12.9943,80.2063
Tamil nadu,502352,ADAMBAKKAM NEW,Chennai South ,12.991,80.206056
Tamil nadu,588847,Butt Road 8,Chennai South ,13.00376,80.19499
Tamil nadu,575405,Butt Road-OTA,Chennai South ,13.0009,80.19
Tamil nadu,502018,Dlf Porur,Chennai South ,13.0239,80.1739
Tamil nadu,546923,Manapakkam,Chennai South ,13.0198,80.18132
Tamil nadu,528615,Manapakkam L&T 06,Chennai South ,13.0152,80.17957
Tamil nadu,581439,Miot Hospital,Chennai South ,13.0223,80.186295
Tamil nadu,546931,Seven Well Street,Chennai South ,13.0114,80.19321
Tamil nadu,581518,Miot Hospital- Main Block,Chennai South ,13.0222,80.1868
Tamil nadu,502351,ALANDUR,Chennai South ,13.0023,80.202167
Tamil nadu,546359,Alandur,Chennai South ,13.0001,80.20653
Tamil nadu,546350,Meenampakkam Ota,Chennai South ,12.9985,80.19413
Tamil nadu,578883,Dlf Tower 1A,Chennai South ,13.0229,80.17644
Tamil nadu,578884,Dlf Tower 1B,Chennai South ,13.0233,80.17613
Tamil nadu,546229,4th Main Road Palavanthangal,Chennai South ,12.9865,80.18607
Tamil nadu,546348,Adambakkam,Chennai South ,12.9939,80.20097
Tamil nadu,577212,Adambakkam -Kaveri s,Chennai South ,12.985,80.20142
Tamil nadu,546347,Adambakkam Vel Nagar,Chennai South ,12.9898,80.20127
Tamil nadu,546268,Andal Nagar North,Chennai South ,12.9828,80.20916
Tamil nadu,525687,Chennai 2,Chennai South ,12.9809,80.20654
Tamil nadu,597864,Hotel Raddison-Relocation,Chennai South ,12.99297,80.18756
Tamil nadu,502344,Palavanthangal,Chennai South ,502344,80.18731
Tamil nadu,524801,Vv Colony,Chennai South ,12.9866,80.20547
Tamil nadu,583770,BESANT NAGAR,Chennai South ,13.0029,80.271833
Tamil nadu,546828,Besant Nagar,Chennai South ,12.9965,80.26229
Tamil nadu,546835,Kasturba Nagar,Chennai South ,12.9983,80.25382
Tamil nadu,546738,Lb Road,Chennai South ,12.9892,80.2557
Tamil nadu,546609,Thiruvanmiyur Bus Stand,Chennai South ,12.9873,80.26052
Tamil nadu,546777,Velankani Church,Chennai South ,12.9956,80.27064
Tamil nadu,572331,Ganapathy Colony(Gopalapuram),Chennai South ,13.0518,80.259462
Tamil nadu,572346,Padupet,Chennai South ,13.049,80.258733
Tamil nadu,546773,Teynampet,Chennai South ,13.0382,80.2477
Tamil nadu,546262,Teynampet-Anna Salai-1,Chennai South ,13.0342,80.24774
Tamil nadu,546829,Adayar,Chennai South ,13.0067,80.25632
Tamil nadu,596294,Ponniamman Street Relocation,Chennai South ,13.0153,80.24367
Tamil nadu,546753,Aldmass Road,Chennai South ,13.038,80.25454
Tamil nadu,546930,Poes Garden,Chennai South ,13.0417,80.25293
Tamil nadu,546854,Ttk Road-1,Chennai South ,13.0338,80.25188
Tamil nadu,546702,Alwarpet Jn,Chennai South ,13.0399,80.2581
Tamil nadu,571337,Cit Colony 2,Chennai South ,13.0401,80.2621
Tamil nadu,546857,Cp Ramasamy Road,Chennai South ,13.031,80.25671
Tamil nadu,546807,East Avenue,Chennai South ,13.0228,80.25559
Tamil nadu,546688,Ellai Amman Colony-Mylapore,Chennai South ,13.0468,80.25157
Tamil nadu,546311,Foreshore Estate,Chennai South ,13.0288,80.2762
Tamil nadu,448283,HINDUSTAN LEVER,Chennai South ,13.0245,80.2727
Tamil nadu,546847,Luz,Chennai South ,13.0389,80.26743
Tamil nadu,546254,Luz Mylapore,Chennai South ,13.0364,80.26791
Tamil nadu,546892,Mosque St,Chennai South ,13.0284,80.27074
Tamil nadu,531874,"North Mada St, Mylapore",Chennai South ,13.0344,80.2704
Tamil nadu,532086,"Balaji Nagar, Velachery Bypass Road",Chennai South ,12.9861,80.2188
Tamil nadu,546581,Dhandeeswaran Nagar,Chennai South ,12.9824,80.22205
Tamil nadu,546929,Maduvankarai,Chennai South ,13,80.21125
Tamil nadu,583769,Near Race Course Rd,Chennai South ,12.9934,80.21117
Tamil nadu,546369,Rane Velachery,Chennai South ,12.9899,80.21713
Tamil nadu,546357,Velacherry,Chennai South ,12.9745,80.2209
Tamil nadu,546257,Velacherry East - 2,Chennai South ,12.9713,80.22361
Tamil nadu,525485,Velacherry Gurunanak,Chennai South ,12.9885,80.21943
Tamil nadu,589339,VELACHERRY LAKSHMI NAGAR RELOCATION,Chennai South ,12.984034,80.21813
Tamil nadu,546422,Velachery,Chennai South ,12.9824,80.2253
Tamil nadu,574255,Velachery East_Relocation,Chennai South ,12.9783,80.22817
Tamil nadu,532091,Velachery_V.1,Chennai South ,12.9785,80.2152
Tamil nadu,546507,Vellachery Selliamman Nagar ,Chennai South ,12.9799,80.2196
Tamil nadu,529525,"Vijaya Nagar5,Velachery",Chennai South ,12.9751,80.21067
Tamil nadu,546871,Muvarasanpattu,Chennai South ,12.9654,80.18406
Tamil nadu,581451,Nanganallur 7,Chennai South ,12.9813,80.19202
Tamil nadu,571324,Nanganallur South,Chennai South ,12.974,80.188087
Tamil nadu,546394,Nanganallur-1,Chennai South ,12.9834,80.18859
Tamil nadu,546985,Nanganallur-2,Chennai South ,12.9769,80.1841
Tamil nadu,575429,Near Devi Koil,Chennai South ,12.9888,80.195012
Tamil nadu,546719,Palavanthangal 4Th Main Road,Chennai South ,12.986,80.18841
Tamil nadu,546246,Tillaiganga Street,Chennai South ,12.9886,80.19244
Tamil nadu,594494,Nanganallur-1_MGR Road Reloaction ,Chennai South ,12.97097,80.18258
Tamil nadu,585376,New Mangai Nagar,Chennai South ,12.9795,80.2009
Tamil nadu,526984,Puzhthivakkam,Chennai South ,12.9749,80.2048
Tamil nadu,574768,AMR Vandalur,Chennai South ,12.8888,80.081551
Tamil nadu,448294,Annai Arul,Chennai South ,12.9201,80.08808899
Tamil nadu,455013,DHAANISH ENGG COLLEGE,Chennai South ,12.8718,79.99536
Tamil nadu,448280,DHANALAKSHMI ENGG. COLLEGE,Chennai South ,12.9293,80.044
Tamil nadu,576276,Easwaran koil Theru_ Vandalur,Chennai South ,12.8944,80.0792
Tamil nadu,546283,Lakshmipuram-Tambaram,Chennai South ,12.9274,80.09826
Tamil nadu,532088,Mannivakkam_Karasangal,Chennai South ,12.8952,80.044
Tamil nadu,546490,Padappai,Chennai South ,12.8877,80.02374
Tamil nadu,590132,Periyar Nagar Padappai,Chennai South ,12.892617,80.02275
Tamil nadu,582768,Swamy Nagar,Chennai South ,12.9126,80.0702
Tamil nadu,577945,Tambaram kakkan Street,Chennai South ,12.9283,80.11103
Tamil nadu,546695,Tambaram West - Mullai Nagar,Chennai South ,12.9281,80.1018
Tamil nadu,546531,Vandalur,Chennai South ,12.8926,80.08361
Tamil nadu,582666,Vandalur 23,Chennai South ,12.9076,80.0633
Tamil nadu,585724,Vandalur 24 New,Chennai South ,12.8948,80.0699
Tamil nadu,582392,Vandalur 25,Chennai South ,12.9001,80.04501
Tamil nadu,481562,Padappai 15,Chennai South ,12.89095,80.008477
Tamil nadu,588875,Panchayat office Perungalathur,Chennai South ,12.91683,80.0851
Tamil nadu,546902,Arkeeswarar Temple-Chrompet,Chennai South ,12.9654,80.13365
Tamil nadu,582665,Erumaiyur New,Chennai South ,12.955,80.083
Tamil nadu,546518,Kadaperi-Tambaram,Chennai South ,12.9336,80.12364
Tamil nadu,546633,Kadapery,Chennai South ,12.9405,80.12039
Tamil nadu,575443,Kasi Garden,Chennai South ,12.9596,80.125833
Tamil nadu,546529,Mepz,Chennai South ,12.9469,80.12257
Tamil nadu,575393,MEPZ2,Chennai South ,12.9457,80.1177
Tamil nadu,585828,Nagalkeni 10,Chennai South ,12.9627,80.132211
Tamil nadu,546697,Pazhathandalam,Chennai South ,12.9645,80.08118
Tamil nadu,574759,PULIKORADUTAMBARAMBYPASS,Chennai South ,12.9469,80.1078
Tamil nadu,582594,Rajagopal Nagar New,Chennai South ,12.939,80.11464
Tamil nadu,546736,Tambaram 2,Chennai South ,12.9337,80.1247
Tamil nadu,546689,Thirumudivakkam Industrial Estate 4,Chennai South ,12.969,80.087
Tamil nadu,574618,West Tambaram,Chennai South ,12.9233,80.1091
Tamil nadu,502084,BHARATH ENGINEERING COLLEGE,Chennai South ,12.9064,80.142783
Tamil nadu,532488,Chitlapakam_V.1,Chennai South ,12.9279,80.1373
Tamil nadu,585977,Chitlapakkam 12,Chennai South ,12.9349,80.13974
Tamil nadu,546564,Chromepet Rly Station,Chennai South ,12.9463,80.13835
Tamil nadu,546498,Hasthinapuram,Chennai South ,12.9354,80.14771
Tamil nadu,546744,Hastinapuram,Chennai South ,12.9396,80.15112
Tamil nadu,546565,Kamarajpuram-Chitlapakkam,Chennai South ,12.9269,80.1545
Tamil nadu,589054,KIDS Park Tambaram,Chennai South ,12.93009,80.13603
Tamil nadu,588540,Madambakkam 30 New,Chennai South ,12.905579,80.145883
Tamil nadu,588581,Madura Kavi Street,Chennai South ,12.931311,80.132027
Tamil nadu,588848,New Chitlapakkam 10,Chennai South ,12.934616,80.14473
Tamil nadu,532093,Salaiyur_V1,Chennai South ,12.9233,80.14745
Tamil nadu,526134,"Sarvamangala Nagar, Chitlapakkam",Chennai South ,12.9327,80.14835
Tamil nadu,546956,Selaiyur West,Chennai South ,12.9233,80.13245
Tamil nadu,546524,Tambaram East,Chennai South ,12.9286,80.13458
Tamil nadu,575396,TAMBARAMSANATORIUM,Chennai South ,12.9332,80.1297
Tamil nadu,585436,Anakaputhur 16,Chennai South ,12.9837,80.12564
Tamil nadu,546285,Anakaputur - Kasturibai Nagar,Chennai South ,12.9886,80.13025
Tamil nadu,585891,HLL Colony,Chennai South ,12.9777,80.13562
Tamil nadu,546569,Kamrajnagar North-Anagaputhur,Chennai South ,12.974,80.12235
Tamil nadu,585438,New Nethaji Nagar,Chennai South ,12.9874,80.125987
Tamil nadu,546384,Pammal,Chennai South ,12.9744,80.13188
Tamil nadu,574762,Pammal3,Chennai South ,12.9779,80.129016
Tamil nadu,576379,PammalTiruneelmalaiRoad,Chennai South ,12.973,80.127712
Tamil nadu,546955,Polichalor - Bhavani Nagar,Chennai South ,12.9877,80.13864
Tamil nadu,546603,Pozhichalur 2,Chennai South ,12.9822,80.14101
Tamil nadu,523666,Pozhichalur Police Colony,Chennai South ,12.9912,80.13846
Tamil nadu,582672,Shankar Nagar New,Chennai South ,12.9646,80.12494
Tamil nadu,584400,Sri Ragavendra Nagar Pozhichalur,Chennai South ,12.9945,80.14328
Tamil nadu,546696,Thiruneer Malai Road 2,Chennai South ,12.9699,80.10326
Tamil nadu,575410,Venkateswara nagar,Chennai South ,12.9785,80.1383
Tamil nadu,578316,Athanur,Chennai South ,12.8734,80.04211
Tamil nadu,574765,CRESENTENGINEERINGCOLLEGE2,Chennai South ,12.882,80.0768
Tamil nadu,546705,G S T Road,Chennai South ,12.8461,80.06158
Tamil nadu,584413,GST Apartments,Chennai South ,12.8748,80.1082
Tamil nadu,546608,Radha Nagar GSM,Chennai South ,12.8524,80.06613
Tamil nadu,546817,Guduvancheri West,Chennai South ,12.8654,80.06387
Tamil nadu,500297,GUDUVANCHERRY_t,Chennai South ,12.8428,80.06855
Tamil nadu,585218,Guduvanchery 28,Chennai South ,12.8512,80.062217
Tamil nadu,581691,Guduvanchery west 4,Chennai South ,12.8516,80.04631
Tamil nadu,546881,"Intimate Fashons, Guduvanchery",Chennai South ,12.8284,80.07339
Tamil nadu,546815,Nandhivaram,Chennai South ,12.8424,80.06786
Tamil nadu,546294,Oorapakkam-Swamy Nagar,Chennai South ,12.8675,80.07013
Tamil nadu,527932,Potheri14,Chennai South ,12.804,80.07494
Tamil nadu,578305,Urapakkam 17,Chennai South ,12.8768,80.06408
Tamil nadu,589255,Venugopal Street Guduvanchery,Chennai South ,12.842046,80.055581
Tamil nadu,596643,Kannivakkam Guduvanchery,Chennai South ,12.80137,80.08835
Tamil nadu,599103,Urapakkam 23,Chennai South ,12.8631,80.05632
Tamil nadu,448285,BRAKES INDIA - MM NAGAR,Chennai South ,12.7779,80.032575
Tamil nadu,464513,CHN_SRM University_Idea,Chennai South ,12.821,80.0446
Tamil nadu,527912,Guduvancheri18,Chennai South ,12.8207,80.02627
Tamil nadu,546816,Kattangulathur,Chennai South ,12.8214,80.04269
Tamil nadu,527655,Kattankolathur,Chennai South ,12.8124,80.02575
Tamil nadu,575062,M.M.NagarIndustrialEstate,Chennai South ,12.7906,80.029754
Tamil nadu,548802,Maraimalai Nagar - Repeater,Chennai South ,12.7978,80.0228
Tamil nadu,502349,MM NAGAR - MANIKAVASAGAR ST,Chennai South ,12.7947,80.02597
Tamil nadu,585552,MM Nagar IE 14,Chennai South ,12.7892,80.03245
Tamil nadu,585682,MM Nagar IE 15,Chennai South ,12.7927,80.03896
Tamil nadu,585501,MM Nagar IE 16,Chennai South ,12.7941,80.023707
Tamil nadu,530069,MM NAGAR10,Chennai South ,12.7845,80.0433
Tamil nadu,576732,SRM Hostel Mess ,Chennai South ,12.8211,80.0447
Tamil nadu,576280,GUDUVANCHERY6,Chennai South ,12.838,80.05661
Tamil nadu,592836,Rajeshwari Nagar Guduvanchery,Chennai South ,12.83137811,80.05558596
Tamil nadu,546599,Kailasapuram,Chennai South ,12.8646,80.07548
Tamil nadu,448291,Kalyan Hotel,Chennai South ,12.8736,80.07836
Tamil nadu,578779,Kandigai 15,Chennai South ,12.8389,80.139714
Tamil nadu,583747,Kandigai 26,Chennai South ,12.8583,80.14468
Tamil nadu,582664,Kurinji Nagar,Chennai South ,12.914,80.08331
Tamil nadu,524809,Melakottaiyur 2,Chennai South ,12.8405,80.13454
Tamil nadu,575422,Nedumkundram,Chennai South ,12.883,80.1101
Tamil nadu,575421,Perungulathur,Chennai South ,12.8973,80.1082
Tamil nadu,585827,Ponmar 9 New,Chennai South ,12.8685,80.148253
Tamil nadu,582663,Rajendra Cholan Street,Chennai South ,12.863,80.10481
Tamil nadu,546894,Renault – Vandalur ,Chennai South ,12.8393,80.15386
Tamil nadu,448269,TVS Emerald Perungalathur,Chennai South ,12.8906,80.11266
Tamil nadu,582102,Vandalur Gate,Chennai South ,12.8957,80.0873
Tamil nadu,529830,"Vit Engg College,Chennai",Chennai South ,12.845,80.15533
Tamil nadu,584927,VOC Street 2,Chennai South ,12.8685,80.0835
Tamil nadu,529955,M.M.Nagar Industrial Estate11,Chennai South ,12.7877,80.02886
Tamil nadu,572871,Mm Nagar Industrial Estate,Chennai South ,12.7787,80.019216
Tamil nadu,574767,MMNagar2,Chennai South ,12.7756,80.0102
Tamil nadu,448289,Nemak,Chennai South ,12.7715,80.02235
Tamil nadu,546458,Bmw India Pvt Ltd,Chennai South ,12.7233,80.00766
Tamil nadu,455029,INFOSYS BUSBAY,Chennai South ,12.7351,80.00761
Tamil nadu,455028,INFOSYS GUEST HOUSE,Chennai South ,12.7319,80.0086
Tamil nadu,582662,MTC Nagar,Chennai South ,12.7905,80.00697
Tamil nadu,584909,Near Mahindra World City,Chennai South ,12.7309,79.99747
Tamil nadu,576676,Senthamangalam,Chennai South ,12.8029,79.97424
Tamil nadu,549153,Singaperumalkoil,Chennai South ,12.759,80.00337
Tamil nadu,574579,SP Koil3,Chennai South ,12.7563,80.00138
Tamil nadu,455012,TAKATA,Chennai South ,12.7013,80.00856
Tamil nadu,582671,Technaveet,Chennai South ,12.7575,80.01403
Tamil nadu,547943,Thirtheri,Chennai South ,12.7365,80.002
Tamil nadu,480161,Singaperumalkoil (Ct),Chennai South ,12.7617,80.0094
Tamil nadu,480439,Mahendra City 20,Chennai South ,12.7251,80.0154
Tamil nadu,578294,"ADORA AKSHAYA HOMES,NAVALUR_New",Chennai South ,12.8133,80.22957
Tamil nadu,448264,CARVOYENT,Chennai South ,12.8257,80.2153
Tamil nadu,546261,Hindustan Institue-North,Chennai South ,12.8066,80.228
Tamil nadu,577783,INDUS ANATHYA,Chennai South ,12.8384,80.22507
Tamil nadu,546900,Kalipattur,Chennai South ,12.823,80.23212
Tamil nadu,546895,Malabar Hotel,Chennai South ,12.8621,80.22581
Tamil nadu,546976,Navlur North,Chennai South ,12.8454,80.22581
Tamil nadu,578297,RSK Orchid Garden,Chennai South ,12.8471,80.22688
Tamil nadu,575356,Sathyabama University,Chennai South ,12.875,80.227582
Tamil nadu,575389,SHOLINGANALLUR 11,Chennai South ,12.8706,80.2279
Tamil nadu,525671,Siruseri9,Chennai South ,12.8363,80.20197
Tamil nadu,588940,TNHB Sholinganallur,Chennai South ,12.88301,80.22997
Tamil nadu,546640,"Cts, Perungudi 4",Chennai South ,12.9601,80.24545
Tamil nadu,546784,Perungudi 2,Chennai South ,12.966,80.2358
Tamil nadu,546436,Perungudi 3,Chennai South ,12.9547,80.24108
Tamil nadu,546570,Perungudi Ie,Chennai South ,12.9619,80.23934
Tamil nadu,546301,Perungudi-1,Chennai South ,12.951,80.24349
Tamil nadu,574614,Sutherlantech - Perungudi,Chennai South ,12.9532,80.2464
Tamil nadu,582060,Apollo Cancer Hospital - Srp Tools,Chennai South ,12.97986889,80.24990845
Tamil nadu,448259,CEEBROS,Chennai South ,12.9375,80.2324
Tamil nadu,464516,Chennai One,Chennai South ,12.94773,80.23222
Tamil nadu,523421,"Mettukuppam,Okkiyam Thuraipakkam",Chennai South ,12.9409,80.24189
Tamil nadu,575427,Mettupakkam_Thuraipakkam,Chennai South ,12.9395,80.2388
Tamil nadu,595865,Okkiyamthuraipakkam Relocation,Chennai South ,12.93466,80.23381
Tamil nadu,582073,Rattha Teck Tower,Chennai South ,12.9435,80.2382446
Tamil nadu,527600,Thuraipakkam,Chennai South ,12.9405,80.23202
Tamil nadu,546562,Thuraipakkam,Chennai South ,12.9429,80.23542
Tamil nadu,575435,AlathurIndustrialEstate,Chennai South ,12.6921,80.1787
Tamil nadu,524315,Chennai Pattinam,Chennai South ,12.747,80.12786
Tamil nadu,546260,Ecr Road,Chennai South ,12.7045,80.22278
Tamil nadu,584352,ECR7 New,Chennai South ,12.6882,80.21538
Tamil nadu,584549,Karunguzhipallam1,Chennai South ,12.6401,80.1708
Tamil nadu,583528,Kolattur R.F1,Chennai South ,12.7686,80.15464
Tamil nadu,546004,Krishanankaranai,Chennai South ,12.6956,80.21878
Tamil nadu,548273,Mahabalipuram 3,Chennai South ,12.6155,80.17503
Tamil nadu,584910,Motel Mamalla,Chennai South ,12.635,80.19657
Tamil nadu,575424,Nellikuppam,Chennai South ,12.7501,80.1076
Tamil nadu,546253,Thiruporur South,Chennai South ,12.6896,80.18919
Tamil nadu,546226,Tiruporrur,Chennai South ,12.722,80.18932
Tamil nadu,581690,Tiruporur 10,Chennai South ,12.73121,80.18518
Tamil nadu,448279,TURBO ENERGY,Chennai South ,12.6456,80.179
Tamil nadu,546763,1St Cross Street,Chennai South ,12.9668,80.2604
Tamil nadu,546235,Kottivakkam,Chennai South ,12.9695,80.2638
Tamil nadu,582344,Neelangarai-24,Chennai South ,12.9599,80.25272
Tamil nadu,525176,RMZ back side,Chennai South ,12.9748,80.23602
Tamil nadu,546761,Sun Tv - Perungudi,Chennai South ,12.9745,80.24603
Tamil nadu,521575,Swaminathan Nagar,Chennai South ,12.9727,80.25336
Tamil nadu,575364,AMERICAN SCHOOL,Chennai South ,12.9798,80.2488
Tamil nadu,546358,Taramani 2,Chennai South ,12.9765,80.25143
Tamil nadu,546809,Tharamani,Chennai South ,12.9835,80.23979
Tamil nadu,591380,Thiruvallur Nagar Relocation,Chennai South ,12.9763,80.26529
Tamil nadu,546256,Thiruvanmiyur (Shifting),Chennai South ,12.9762,80.2588
Tamil nadu,448267,IIT IC & SR Building,Chennai South ,12.991,80.23387
Tamil nadu,464233,IIT Madras,Chennai South ,12.99145,80.2345
Tamil nadu,448265,IIT Sabarmathi Girls hostel,Chennai South ,12.9898,80.23439789
Tamil nadu,455283,IIT-B TYPE QUARTERS,Chennai South ,12.995302,80.236778
Tamil nadu,581673,Ramanujan It City - Infinity Block,Chennai South ,12.9915,80.2489
Tamil nadu,578834,Ramanujan It City - Cambridge,Chennai South ,12.9908,80.2488
Tamil nadu,575394,Karapakkam4,Chennai South ,12.9308,80.2289
Tamil nadu,502849,OKKIYAM EAST,Chennai South ,12.9319,80.2325
Tamil nadu,524797,Okkiyam East New,Chennai South ,12.9293,80.23602
Tamil nadu,527602,Karappakam,Chennai South ,12.913,80.23347
Tamil nadu,529795,Citadines Omr,Chennai South ,12.9005,80.22659
Tamil nadu,464517,Mahindra satyam,Chennai South ,12.9106,80.22147
Tamil nadu,582070,Rattha Tek Meadows,Chennai South ,12.9064,80.226933
Tamil nadu,585466,Rattha Tek Meadows Tower C,Chennai South ,12.9058,80.226629
Tamil nadu,546237,Sattivanimuthu Street,Chennai South ,12.8888,80.2287
Tamil nadu,546265,Scope Karapakkam,Chennai South ,12.9013,80.2232
Tamil nadu,574764,Sholinganallur,Chennai South ,12.8864,80.234
Tamil nadu,577659,Sholinganallur,Chennai South ,12.9042,80.22868
Tamil nadu,576271,Sholinganallur rd,Chennai South ,12.9051,80.20733
Tamil nadu,585553,Shollinganallur 45,Chennai South ,12.89774,80.23286
Tamil nadu,502360,INJAMBAKKAM,Chennai South ,12.9152,80.24814
Tamil nadu,585320,INJAMBAKKAM 12,Chennai South ,12.9241,80.24858
Tamil nadu,581906,Injambakkam Karthik Nagar,Chennai South ,12.9253,80.25086
Tamil nadu,547016,Kandigai,Chennai South ,12.8674,80.24252
Tamil nadu,548807,Kottakuppam,Chennai South ,12.8928,80.24534
Tamil nadu,528622,Mayajaal2,Chennai South ,12.8535,80.2443
Tamil nadu,546834,Neelangarai,Chennai South ,12.9471,80.25361
Tamil nadu,582767,Nila Street,Chennai South ,12.8713,80.2435
Tamil nadu,546898,Panaiyur,Chennai South ,12.8814,80.24543
Tamil nadu,575409,Periyar St_Neelangarai,Chennai South ,12.945,80.2498
Tamil nadu,546873,Vettuvankeni,Chennai South ,12.9364,80.25283
Tamil nadu,581349,Hotel Sheratton,Chennai South ,12.7444,80.239318
Tamil nadu,546726,Kelambakkam Road,Chennai South ,12.8018,80.19578
Tamil nadu,572870,Kelambakkam South,Chennai South ,12.7841,80.218366
Tamil nadu,528834,Kovalam,Chennai South ,12.7783,80.24887
Tamil nadu,546989,Mayajaal,Chennai South ,12.8423,80.2398
Tamil nadu,585226,Mayajaal 3,Chennai South ,12.8522,80.24165
Tamil nadu,546720,Muthukadu,Chennai South ,12.8336,80.24033
Tamil nadu,585726,Near MGM New,Chennai South ,12.83,80.24152
Tamil nadu,527936,New Kelambakkam 13,Chennai South ,12.7861,80.22321
Tamil nadu,584414,Polacheri1,Chennai South ,12.8128,80.04631
Tamil nadu,593667,Senganmal Kelambakkam,Chennai South ,12.776092,80.206576
Tamil nadu,509222,TAJ FISHERMEN COVE,Chennai South ,12.7954,80.01038
Tamil nadu,575423,Thaiyur,Chennai South ,12.7818,80.2058
Tamil nadu,525486,Thiruporur North 2,Chennai South ,12.77125,80.21267
Tamil nadu,480218,Kelambakkam 22,Chennai South ,12.7799,80.2101
Tamil nadu,665726,Ma Po SI Nagar Pallikaranai,Chennai South ,12.942843,80.215834
Tamil nadu,571311,Puzhuthivakkam West-2,Chennai South ,12.9708,80.1925
Tamil nadu,669677,Kannika Puram Relocation,Chennai South ,13.00385,80.220271
Tamil nadu,669676,MM Nagar NH45 Relocation,Chennai South ,12.812148,80.028745
Tamil nadu,706576,Adyar New,Chennai South ,12.99499,80.25686
Tamil nadu,669904,Sithalapakkam Relocation,Chennai South ,12.89436,80.176886
Tamil nadu,598340,Aarupadaiveedu Medical College,Trichy,11.83045,79.78139
Tamil nadu,546037,Anna Nagar Cuddalore,Trichy,11.7504,79.77122
Tamil nadu,548231,Bahoor(Repeater),Trichy,11.80754,79.74615
Tamil nadu,548755,Gunduuppalavadi,Trichy,11.77802,79.78302
Tamil nadu,509110,Kattukuppam,Trichy,11.807472,79.779333
Tamil nadu,528629,Kuttiyankuppam,Trichy,11.82582,79.71003
Tamil nadu,548618,Pudhu Nagar,Trichy,11.80243,79.77709
Tamil nadu,546041,Rajiv Gandhi Street,Trichy,11.86558,79.794
Tamil nadu,548158,Reddy Chawadi,Trichy,11.84059,79.78825
Tamil nadu,548613,Samupillai Nagar,Trichy,11.7572,79.77346
Tamil nadu,548123,Thavalakuppam,Trichy,11.8201,79.7829
Tamil nadu,586914,Uppalavadi,Trichy,11.76451,79.77152
Tamil nadu,583719,Childrens Park,Trichy,10.41359,79.30839
Tamil nadu,598056,Cholagankudikadu 2,Trichy,10.51406,79.28683
Tamil nadu,548210,Karikadu,Trichy,10.411,79.32944
Tamil nadu,583721,KMS Lodge,Trichy,10.424811,79.303559
Tamil nadu,546026,Muthupet Road,Trichy,10.42175,79.32165
Tamil nadu,523292,New Pattukkottai State High Way,Trichy,10.43618,79.30675
Tamil nadu,586434,Pattukottai Thangavel Nagar,Trichy,10.433666,79.31244
Tamil nadu,548570,Pattukottai-2,Trichy,10.34436,79.24678
Tamil nadu,508906,Peravurani-ATC,Trichy,10.28936,79.1998
Tamil nadu,508887,Thiruchitrambalam-ATC,Trichy,10.3463,79.24658
Tamil nadu,589886,Thittakudi,Trichy,10.473391,79.336113
Tamil nadu,546048,Vadaseri Road,Trichy,10.42903,79.31576
Tamil nadu,481500,Eripakkam 2,Trichy,11.88127,79.64738
Tamil nadu,548356,Kariamanickam,Trichy,11.87042,79.63299
Tamil nadu,592750,Kondur-Mandagapattu,Trichy,11.867361,79.67513
Tamil nadu,546039,Manavelli,Trichy,11.89042,79.81284
Tamil nadu,594859,Om Sakthi Nagar-Pallithennal,Trichy,11.9011,79.7225
Tamil nadu,577026,Pandasozhanallur,Trichy,11.85857,79.64201
Tamil nadu,548554,Pangur,Trichy,11.90384,79.71089
Tamil nadu,548726,Thirubhuvanai,Trichy,11.92201,79.64639
Tamil nadu,576168,Thirubhuvanai-ATC,Trichy,11.929667,79.648467
Tamil nadu,455008,Venkateswara Medical College,Trichy,11.90341,79.70148
Tamil nadu,577317,Allur,Trichy,10.87012,78.62955
Tamil nadu,548104,Big Bazaar,Trichy,10.81903,78.69701
Tamil nadu,546157,EB Road,Trichy,10.8265,78.7015
Tamil nadu,503072,Lion Dates,Trichy,10.83505,78.70223
Tamil nadu,521616,NSB road,Trichy,10.82628,78.6982
Tamil nadu,495061,Othakadai 2,Trichy,10.77502,78.5731
Tamil nadu,548113,Palakkarai,Trichy,10.80938,78.69646
Tamil nadu,548700,Palakkarai 4,Trichy,10.81356,78.69426
Tamil nadu,455040,Ponni Delta,Trichy,10.842613,78.729566
Tamil nadu,548701,Raja tower,Trichy,10.81965,78.6928
Tamil nadu,548193,Rock Fort,Trichy,10.828433,78.694715
Tamil nadu,548142,Varaganeri,Trichy,10.8109,78.70066
Tamil nadu,481953,VasanCity1,Trichy,10.81953,78.64993
Tamil nadu,548612,Koothapakkam,Trichy,11.75045,79.74048
Tamil nadu,582514,Manjakuppam-New,Trichy,11.75879,79.75597
Tamil nadu,548848,Nellikuppam 2,Trichy,11.7823,79.6561
Tamil nadu,548611,Old Vandipalayam,Trichy,11.7293,79.75305
Tamil nadu,548828,Paderikuppam,Trichy,11.74771,79.72347
Tamil nadu,548825,Pudhupalayam,Trichy,11.76042,79.75924
Tamil nadu,548705,Tharamani Kuppam,Trichy,11.76454,79.69609
Tamil nadu,548824,Vandipalayam,Trichy,11.74361,79.74986
Tamil nadu,594066,VOC Nagar-Melpattampakkam,Trichy,11.78686,79.63406
Tamil nadu,508920,Ayyampet,Trichy,10.89333,79.18424
Tamil nadu,548118,Dharasuram,Trichy,10.94757,79.35347
Tamil nadu,480008,Gopurajapuram,Trichy,10.92156,79.27895
Tamil nadu,548275,Kabisthalam,Trichy,10.94481,79.25548
Tamil nadu,583935,KSK College,Trichy,10.94851,79.34612
Tamil nadu,548758,Pandaravadai,Trichy,10.91323,79.23707
Tamil nadu,545975,Papanasam,Trichy,10.9225,79.26326
Tamil nadu,578195,Pasupathikoil New,Trichy,10.89152,79.19273
Tamil nadu,546081,Thittai,Trichy,10.85576,79.18394
Tamil nadu,547531,Asur,Trichy,10.73875,78.85533
Tamil nadu,586787,Bhel Factory Area 1,Trichy,10.763595,78.787001
Tamil nadu,586788,Bhel Factory Area 2,Trichy,10.745317,78.786815
Tamil nadu,586789,Bhel Factory Area 3,Trichy,10.754374,78.791497
Tamil nadu,586790,Bhel Factory Area 4,Trichy,10.772613,78.79103
Tamil nadu,586791,Bhel Township Sector-C,Trichy,10.779008,78.7953
Tamil nadu,586792,Bhel Township Sector-K,Trichy,10.763809,78.794794
Tamil nadu,598424,Metropolitan Area-Trichy,Trichy,10.77494,78.82105
Tamil nadu,546134,Ordinance Factory,Trichy,10.73847,78.77944
Tamil nadu,583121,Pudhukudi New,Trichy,10.72382,78.8857
Tamil nadu,546128,Thuvakudi,Trichy,10.75194,78.80813
Tamil nadu,481159,Tirunedunkulam 2,Trichy,10.77392,78.85305
Tamil nadu,548737,Add_Kattumannarkoil_1,Trichy,11.2952,79.5567
Tamil nadu,576129,Lalpet2,Trichy,11.305204,79.55842
Tamil nadu,523293,New Kattumannarkoil,Trichy,11.28293,79.54704
Tamil nadu,548841,Rajendrasolagan,Trichy,11.2613,79.5547
Tamil nadu,583110,Senni Natham,Trichy,11.31466,79.5149
Tamil nadu,583115,Shanmuga Vilas,Trichy,11.2735,79.499306
Tamil nadu,594557,Veeranallur-Kandamangalam,Trichy,11.25794,79.53177
Tamil nadu,585119,Yasmin Complex,Trichy,11.27531,79.547453
Tamil nadu,546088,Lalgudi,Trichy,10.8741,78.81111
Tamil nadu,584216,Lalgudi-New Site,Trichy,10.88183,78.81938
Tamil nadu,481037,Maniyampatti 2,Trichy,10.99618,78.66043
Tamil nadu,495060,Manpidimangalam 2,Trichy,10.8883,78.67382
Tamil nadu,509201,Peruvalanallur,Trichy,10.922158,78.848008
Tamil nadu,548220,Police Station,Trichy,10.87083,78.82139
Tamil nadu,480849,Poonampalayam 2,Trichy,10.935827,78.685437
Tamil nadu,547502,Rajagiri,Trichy,10.83499,78.92731
Tamil nadu,588953,Ramar Street Lalgudi,Trichy,10.87695,78.809
Tamil nadu,546137,Sathamangalam,Trichy,10.8625,78.84583
Tamil nadu,480997,Thiniyam 2,Trichy,10.88647,78.89945
Tamil nadu,546068,Thirukattupalli,Trichy,10.85014,78.95708
Tamil nadu,523149,Thirupanjali,Trichy,10.928882,78.653869
Tamil nadu,593673,Ayyan Koil Street -Thanjavur,Trichy,10.80347,79.14439
Tamil nadu,548246,Cholapuram (Kumbakonam),Trichy,10.6283,79.1873
Tamil nadu,548120,Karanthai,Trichy,10.79993,79.13847
Tamil nadu,455059,KG Hospital,Trichy,10.7715,79.1367
Tamil nadu,593184,Marungai-Thanjavur,Trichy,10.77955,79.18522
Tamil nadu,582669,Nadu Nagar,Trichy,10.62505,79.16394
Tamil nadu,546075,Orathanadu,Trichy,10.62708,79.25389
Tamil nadu,481383,Orathanadu 6,Trichy,10.62017,79.24681
Tamil nadu,508899,Orathanadu-ATC,Trichy,10.62639,79.24863
Tamil nadu,548264,Poondi,Trichy,10.78009,79.25135
Tamil nadu,594180,Punnai Nallur-Thanjavur,Trichy,10.78412,79.19781
Tamil nadu,508909,Soorakottai,Trichy,10.73323,79.19474
Tamil nadu,548173,South Kollai street,Trichy,10.78971,79.14461
Tamil nadu,583587,Tanjore - Ware House,Trichy,10.742222,79.137278
Tamil nadu,577050,Tanjore BSNL,Trichy,10.772987,79.137704
Tamil nadu,548132,Thiruvarur Road,Trichy,10.78121,79.15043
Tamil nadu,509065,Chinna Kannaru Street,Trichy,11.09456,79.65
Tamil nadu,548209,Kollapuram,Trichy,10.95883,79.70731
Tamil nadu,508919,Mayiladuthurai-ATC,Trichy,11.0891,79.647878
Tamil nadu,597120,Peralam - Relocation,Trichy,10.961276,79.658838
Tamil nadu,508921,Porayaru,Trichy,11.01989,79.83496
Tamil nadu,548271,R_Nedungadu Commune Panchayat,Trichy,10.97456,79.77092
Tamil nadu,548175,Sethur,Trichy,10.93989,79.74336
Tamil nadu,548357,Thirunallar,Trichy,10.9241,79.79326
Tamil nadu,509165,Thiruvilayattam,Trichy,11.031861,79.738333
Tamil nadu,590851,Bala Nagar Pudukottai,Trichy,10.4088,78.794299
Tamil nadu,500249,Kaikurchi,Trichy,10.348,78.84781
Tamil nadu,530516,Karky Nagar New,Trichy,10.36506,78.83661
Tamil nadu,586212,KLKS Nagar,Trichy,10.37087,78.8245
Tamil nadu,509064,Nathampannai -9A,Trichy,10.39943,78.79528
Tamil nadu,584163,Pidari amman Koil,Trichy,10.39156,78.80328
Tamil nadu,598503,Pudukkottai 33,Trichy,10.37532,78.83327
Tamil nadu,527726,Pudukottai 24,Trichy,10.37827,78.79516
Tamil nadu,586433,Pudukottai Diamaond Nagar,Trichy,10.3683,78.817117
Tamil nadu,586067,Pudukottai Ponn Nagar,Trichy,10.36775,78.83229
Tamil nadu,529494,Sathyamoorthy Nagar 5,Trichy,10.36766,78.82122
Tamil nadu,530647,Ambedkar Nagar New,Trichy,10.86251,78.70147
Tamil nadu,546126,Ariyamangalam,Trichy,10.80458,78.73403
Tamil nadu,586950,Cauvery Nagar,Trichy,10.799,78.740759
Tamil nadu,589320,Karumandapam-New,Trichy,10.78359,78.66809
Tamil nadu,523241,New Chatram Bus stand,Trichy,10.83385,78.69373
Tamil nadu,495062,"P.O, Punganur 2",Trichy,10.78814,78.634
Tamil nadu,548662,Padayachi Street,Trichy,10.80629,78.69901
Tamil nadu,586208,Rajappa Nagar,Trichy,10.801089,78.734485
Tamil nadu,584374,Selva Nagar-New,Trichy,10.792594,78.669674
Tamil nadu,546132,Srirangam,Trichy,10.85667,78.68965
Tamil nadu,480841,Srirangam 2,Trichy,10.87099,78.66356
Tamil nadu,546087,Thiruvanaikaval,Trichy,10.85007,78.70403
Tamil nadu,587115,Trichy - Ariyamangalam,Trichy,10.810795,78.718981
Tamil nadu,587793,Trichy IOB Nagar,Trichy,10.791366,78.666266
Tamil nadu,577001,VOC Street,Trichy,10.79836,78.67892
Tamil nadu,598751,Adavathur East,Trichy,10.80476,78.63292
Tamil nadu,596617,Archampatty-Srirangam,Trichy,10.783937,78.580424
Tamil nadu,598418,Chunnambukaranpatty,Trichy,10.8014,78.61369
Tamil nadu,545970,Junction-TRY,Trichy,10.79982,78.681766
Tamil nadu,508903,Karumandapam-ATC,Trichy,10.78819,78.6674
Tamil nadu,546161,Kaveri Medical Center,Trichy,10.83064,78.68044
Tamil nadu,598414,Marudankakurichi,Trichy,10.83715,78.65061
Tamil nadu,546166,Near Puthur,Trichy,10.8112,78.67004
Tamil nadu,548189,Pillai Street,Trichy,10.82465,78.67696
Tamil nadu,548184,Ponvilar Nagar,Trichy,10.81178,78.68862
Tamil nadu,587953,Somarasampettai,Trichy,10.81371,78.64175
Tamil nadu,509202,Thayanur,Trichy,10.78417,78.5839
Tamil nadu,545971,Thillai Nagar,Trichy,10.81833,78.68465
Tamil nadu,546160,Trichy_BSC,Trichy,10.80456,78.67817
Tamil nadu,481051,Vayalur 2,Trichy,10.81705,78.61999
Tamil nadu,546130,Woraiyur,Trichy,10.82799,78.67792
Tamil nadu,509104,Avatty,Trichy,11.47547,79.07867
Tamil nadu,589243,Kalkolar Street-Thittakudi,Trichy,11.39982,79.126928
Tamil nadu,508892,Kunnam,Trichy,11.2353,79.02399
Tamil nadu,508912,Labbaikudigadu-Bsc,Trichy,11.3914,79.02473
Tamil nadu,509200,Olaipadi (West),Trichy,11.3266,79.08647
Tamil nadu,548837,Pennadam-2,Trichy,11.3971,79.2194
Tamil nadu,549154,Pennadam-3,Trichy,11.40106,79.23643
Tamil nadu,508884,Pennadam-ATC,Trichy,11.4037,79.23991
Tamil nadu,548788,Sendhurai,Trichy,11.253,79.1807
Tamil nadu,480205,Thirumandhurai,Trichy,11.39565,79.0023
Tamil nadu,508883,Thittakudi-ATC,Trichy,11.39923,79.12125
Tamil nadu,583127,V.Kalathur-Thiruvalandurai,Trichy,11.41473,78.94108
Tamil nadu,593722,Indhra Nagar - Andimadam,Trichy,11.33921,79.38032
Tamil nadu,548814,Karuveppillam kurichi,Trichy,11.46728,79.3217
Tamil nadu,583739,Kattukoodalur,Trichy,11.523306,79.335277
Tamil nadu,548842,Kattukoodalur Road,Trichy,11.52002,79.32925
Tamil nadu,548857,Kuppanaththam,Trichy,11.5421,79.3586
Tamil nadu,548835,Manavalanallur,Trichy,11.5222,79.2963
Tamil nadu,548255,NH_Vlm_001,Trichy,11.42965,79.33775
Tamil nadu,548813,Puthukoorapettai,Trichy,11.5218,79.3593
Tamil nadu,548834,Srimushnam (Repeater Site),Trichy,11.40072,79.40474
Tamil nadu,597483,Thennur,Trichy,11.34392,79.42017
Tamil nadu,548852,Virudhachalam - Permanent Cow Site,Trichy,11.52062,79.32132
Tamil nadu,547518,Anandha inn,Trichy,11.94139,79.82812
Tamil nadu,547954,Anna Thidal,Trichy,11.9295,79.82468
Tamil nadu,547505,Aurovill,Trichy,11.99025,79.83322
Tamil nadu,548355,Bazaar,Trichy,11.93496,79.83121
Tamil nadu,547953,Chandha Sahib St,Trichy,11.92733,79.82859
Tamil nadu,548722,Kalapet,Trichy,12.02536,79.86096
Tamil nadu,548206,Kottakuppam,Trichy,11.96973,79.8374
Tamil nadu,548778,Muthiyalpet,Trichy,11.95604,79.83326
Tamil nadu,455002,Urbon Society,Trichy,11.9341,79.835
Tamil nadu,548849,Indra Nagar,Trichy,11.61715,79.5502
Tamil nadu,595015,Kanni Koil - Vadalur,Trichy,11.546439,79.54488
Tamil nadu,583051,Keezhakollai,Trichy,11.6458,79.54194
Tamil nadu,548836,Mandarakuppam 2,Trichy,11.53969,79.4926
Tamil nadu,548832,Neyveli,Trichy,11.53806,79.48347
Tamil nadu,454993,NLC02,Trichy,11.624256,79.5189431
Tamil nadu,454992,NLC05,Trichy,11.6237,79.4981
Tamil nadu,454988,NLC25,Trichy,11.6238,79.4981
Tamil nadu,454994,NLC28,Trichy,11.6037,79.4685
Tamil nadu,594974,Periyakurichi-Neyveli,Trichy,11.53877,79.49945
Tamil nadu,597202,Vadakuththu - Neyveli Town,Trichy,11.6114,79.5489
Tamil nadu,548843,Vadalur,Trichy,11.55467,79.55571
Tamil nadu,547492,Vadalur 2,Trichy,11.54456,79.52267
Tamil nadu,526552,Vadalur West,Trichy,11.55207,79.54084
Tamil nadu,547929,Vandirayapuram,Trichy,11.58438,79.55251
Tamil nadu,509219,Chemplast,Trichy,11.643584,79.735968
Tamil nadu,583049,Kannadi,Trichy,11.55283,79.63947
Tamil nadu,509107,Krishnakuppam,Trichy,11.63706,79.63478
Tamil nadu,548826,Kurinjipadi,Trichy,11.56292,79.59514
Tamil nadu,594159,MGR Nagar-Kurinjipadi,Trichy,11.580638,79.595287
Tamil nadu,583052,Pathirakottai,Trichy,11.697889,79.628
Tamil nadu,583397,Rajakuppam,Trichy,11.524583,79.591083
Tamil nadu,509105,Ramanathankuppam,Trichy,11.617389,79.694972
Tamil nadu,583050,Reddiyar Colony,Trichy,11.559639,79.594749
Tamil nadu,548577,Ambikabathi Rice Mill,Trichy,10.59748,79.41473
Tamil nadu,548221,Javia Street,Trichy,10.70506,79.525
Tamil nadu,546093,Koothanallur-Repeater Site,Trichy,10.71096,79.51606
Tamil nadu,583124,Kothangudi,Trichy,10.69197,79.53115
Tamil nadu,546018,Mannargudi 2,Trichy,10.66367,79.45802
Tamil nadu,508898,Needamangalam,Trichy,10.76923,79.41365
Tamil nadu,528078,New Needamangalam,Trichy,10.77113,79.41747
Tamil nadu,585808,Okkanadu-Keelaiyur,Trichy,10.6284,79.32926
Tamil nadu,481745,Palaiyanur2,Trichy,10.69328,79.54807
Tamil nadu,548761,Sekarai,Trichy,10.72906,79.5266
Tamil nadu,527533,Tanjore-Pularayan Kudikadu,Trichy,10.72767,79.34449
Tamil nadu,584646,Thalayari Garden-Mannargudi,Trichy,10.66364,79.46705
Tamil nadu,583113,Thamizhar street,Trichy,10.69862,79.52603
Tamil nadu,586953,Thiruparkadal street,Trichy,10.66963,79.45499
Tamil nadu,596807,Ullikottai-Mannargudi,Trichy,10.58488,79.42019
Tamil nadu,589251,Bsnl Exchange-Jayamkondam,Trichy,11.20547,79.368529
Tamil nadu,521673,Fathima School,Trichy,11.19935,79.36611
Tamil nadu,546035,Jayamkondam,Trichy,11.20951,79.365
Tamil nadu,546002,Jayamkondam 3,Trichy,11.21192,79.38154
Tamil nadu,522878,Jayamkondam-ATC,Trichy,11.22145,79.36301
Tamil nadu,583379,Mannarsami Koil,Trichy,11.22995,79.31023
Tamil nadu,524932,Pappakudi,Trichy,11.22121,79.47221
Tamil nadu,583038,Sri Meera Mahal,Trichy,11.207099,79.4337
Tamil nadu,548217,Sripuranthan,Trichy,11.04856,79.30722
Tamil nadu,508913,T.Palur,Trichy,11.0908,79.3731
Tamil nadu,503415,Thaluthalaimedu,Trichy,11.175472,79.45894
Tamil nadu,589827,Thaththanur-Jayankondam,Trichy,11.14502,79.26297
Tamil nadu,548258,Alangudi_suurban_001,Trichy,10.36097,78.9773
Tamil nadu,595255,Ambedkar Alangudi,Trichy,10.36281,78.98271
Tamil nadu,502014,Ambukovil,Trichy,10.495208,79.110516
Tamil nadu,508989,Gandarvakottai,Trichy,10.571194,79.01225
Tamil nadu,597811,Karambakkudi,Trichy,10.43942,79.14585
Tamil nadu,594843,Near Bus stand Alangudi,Trichy,10.3649,78.9776
Tamil nadu,598083,Sundampatti 2,Trichy,10.53795,79.0353
Tamil nadu,597813,Vadakadu Alangudi,Trichy,10.35127,79.07356
Tamil nadu,503150,Vadugapatti-Trichy,Trichy,10.60739,78.99528
Tamil nadu,583047,Agaram Colony,Trichy,11.485805,79.750694
Tamil nadu,583599,Agaththiyar Koil,Trichy,11.418778,79.684139
Tamil nadu,576045,Annamalai university- Agri College,Trichy,11.38818,79.72069
Tamil nadu,547512,Bus Stand (chidambaram) to South,Trichy,11.39317,79.6948
Tamil nadu,599825,Chidambaram-41,Trichy,11.40753,79.68868
Tamil nadu,509184,Kavarapattu,Trichy,11.379056,79.746694
Tamil nadu,548846,Krm Nagar/Anna University backside,Trichy,11.384,79.713
Tamil nadu,548819,Lal Khan Street,Trichy,11.39965,79.68819
Tamil nadu,548128,Parangipettai,Trichy,11.49146,79.75576
Tamil nadu,577638,Parangipettai 2,Trichy,11.48953,79.76352
Tamil nadu,585887,Amma Park,Trichy,10.975578,79.392867
Tamil nadu,598496,Anjugam Nagar,Trichy,10.97644,79.40107
Tamil nadu,546059,Bus Stand-KUM,Trichy,10.95729,79.39049
Tamil nadu,525888,Govindapuram New,Trichy,11.00759,79.46592
Tamil nadu,574452,Kumbakonam - Palakarai_Relocation,Trichy,10.96581,79.37793
Tamil nadu,548598,Kumbakonam 2Q,Trichy,10.96722,79.39486
Tamil nadu,525258,Kumbakonam Market,Trichy,10.9687,79.3587
Tamil nadu,455057,Lanco,Trichy,10.975668,79.360458
Tamil nadu,583125,Ongara Ashramam,Trichy,10.95702,79.4172
Tamil nadu,594973,Thepperumanallur-Thirunageswaram,Trichy,10.97259,79.42906
Tamil nadu,546073,Thirunageswaram,Trichy,10.96694,79.42979
Tamil nadu,546061,Thiruvidaimaruthur,Trichy,10.99285,79.4484
Tamil nadu,546078,Thiruvidaimaruthur South,Trichy,10.98332,79.42424
Tamil nadu,548194,Gorimedu,Trichy,11.95323,79.78783
Tamil nadu,571125,Kalaivani Nagar,Trichy,11.9577,79.7955
Tamil nadu,531150,Kamban Nagar,Trichy,11.9275,79.79132
Tamil nadu,548358,Mettupalayam,Trichy,11.94583,79.78229
Tamil nadu,547944,Mugambigai nagar,Trichy,11.93221,79.79911
Tamil nadu,546036,Oacuteri Boat House,Trichy,11.9384,79.7489
Tamil nadu,548780,Sedarapet,Trichy,11.99944,79.75896
Tamil nadu,548747,Thiruchitrambalam,Trichy,12.00061,79.76845
Tamil nadu,571123,VVP Nagar-Koundapalayam,Trichy,11.942418,79.800309
Tamil nadu,548738,Ariyalur_1,Trichy,11.140993,79.073292
Tamil nadu,523042,Ariyalur-ATC,Trichy,11.14585,79.07169
Tamil nadu,589828,Illuppaiyur - Sendhurai,Trichy,11.216852,79.125744
Tamil nadu,546124,Keelapalur,Trichy,11.0394,79.0696
Tamil nadu,548215,KK Nagar,Trichy,11.14972,79.07614
Tamil nadu,586141,Krishnasami Street,Trichy,11.14641,79.08082
Tamil nadu,532055,Thelur,Trichy,11.1256,79.2132
Tamil nadu,509074,Timmur,Trichy,11.09619,79.00566
Tamil nadu,529311,Trichy-Melapalur,Trichy,11.04199,79.04008
Tamil nadu,548574,Aariyaloor,Trichy,10.495,79.55643
Tamil nadu,508911,Kottur,Trichy,10.61128,79.56435
Tamil nadu,521639,Madapuram,Trichy,10.54681,79.62917
Tamil nadu,509207,Manali,Trichy,10.57754,79.65229
Tamil nadu,583126,Mullai Illam,Trichy,10.54196,79.63041
Tamil nadu,595127,Nadubalam - Thiruvarur,Trichy,10.5194,79.63321
Tamil nadu,548580,Periyathambur,Trichy,10.66786,79.80983
Tamil nadu,548249,Thirukkuvalai,Trichy,10.6201,79.77209
Tamil nadu,508908,Thiruthuraipoondi,Trichy,10.76607,79.74022
Tamil nadu,500311,Kalamavur,Trichy,10.61056,78.76125
Tamil nadu,508901,Keeranur,Trichy,10.57297,78.78296
Tamil nadu,597863,Keeranur New,Trichy,10.58376,78.78559
Tamil nadu,598059,Meivazhi,Trichy,10.47725,78.72808
Tamil nadu,590355,Mukkanamamaippatti,Trichy,10.45163,78.677222
Tamil nadu,509084,Nachandupatti,Trichy,10.3229,78.72175
Tamil nadu,597810,Nadupatti Kalamavur,Trichy,10.60695,78.75007
Tamil nadu,583939,Perundurai,Trichy,10.2712,78.72364
Tamil nadu,586143,Pooanga Nagar,Trichy,10.36394,78.80817
Tamil nadu,546047,Pudukottai 2,Trichy,10.38646,78.81729
Tamil nadu,585841,Rajagopalapuram Post Office,Trichy,10.37605,78.804599
Tamil nadu,546013,Tanjore Rd,Trichy,10.38786,78.82824
Tamil nadu,546053,Thirumayam,Trichy,10.24496,78.74449
Tamil nadu,586631,Anbu Nagar,Trichy,10.77466,78.67636
Tamil nadu,572252,Ayyappa nagar,Trichy,10.763019,78.679299
Tamil nadu,587777,Crawford-Trichy,Trichy,10.779783,78.679851
Tamil nadu,509087,Edaimalaipatti Pudur,Trichy,10.77196,78.66673
Tamil nadu,548725,Kalaivani Street,Trichy,10.76031,78.70353
Tamil nadu,526215,Maathur,Trichy,10.70561,78.72203
Tamil nadu,548241,Mandaiyur,Trichy,10.661,78.7391
Tamil nadu,599166,Nathamadipatti,Trichy,10.76399,78.73446
Tamil nadu,582232,Railway Junction - Relocation,Trichy,10.79339,78.69056
Tamil nadu,548187,RajaRam Road,Trichy,10.75698,78.69141
Tamil nadu,585811,Sooraiyur,Trichy,10.66932,78.75195
Tamil nadu,577032,Trichy,Trichy,10.75109,78.68392
Tamil nadu,526983,Fathima Nagar-Cholapuram,Trichy,11.04876,79.41262
Tamil nadu,526146,Kbm Idhaya College,Trichy,10.95175,79.39151
Tamil nadu,584760,Kumbakonam Big Bazar St,Trichy,10.95991,79.3718
Tamil nadu,545994,Kumbakonam-3,Trichy,10.9558,79.38297
Tamil nadu,589820,Nachiyar Koil-New,Trichy,10.91904,79.44258
Tamil nadu,481382,Paruthicheri2,Trichy,10.88107,79.47568
Tamil nadu,584332,Pazhayanallur,Trichy,10.937484,79.400949
Tamil nadu,546077,Sankarapani Street(Kumbakonam-5),Trichy,10.9628,79.37296
Tamil nadu,592021,Sathanur-Thiruvidaimaruthur,Trichy,11.04672,79.46628
Tamil nadu,525480,Tanjore-Korukai,Trichy,10.92907,79.38515
Tamil nadu,527553,Thanjavur Manjakudi New,Trichy,10.83743,79.49703
Tamil nadu,527914,Thirumangalagudi (Near Suriyanar Koil),Trichy,11.02596,79.4738
Tamil nadu,548668,Thirumanjana Veedhi Main Road,Trichy,10.915187,79.446554
Tamil nadu,548754,Thirunallar Commune Panchayat,Trichy,11.02314,79.36655
Tamil nadu,495066,Thiruvisanallur 2,Trichy,11.00073,79.42482
Tamil nadu,509066,Keezha Perumallam,Trichy,11.13354,79.83526
Tamil nadu,480601,Pazhayar,Trichy,11.35342,79.81746
Tamil nadu,548230,Sirkali_urban_001,Trichy,11.2362,79.73902
Tamil nadu,545974,Sirkazhi 2,Trichy,11.2447,79.7311
Tamil nadu,529251,Sirkazhi-ATC,Trichy,11.24026,79.72326
Tamil nadu,508893,Thirumullai Vasal,Trichy,11.23958,79.83912
Tamil nadu,546008,Vaitheeswarankoil,Trichy,11.19563,79.70826
Tamil nadu,508894,Vaitheeswarankoil-ATC,Trichy,11.1906,79.71241
Tamil nadu,546023,Villiyanallur,Trichy,11.173,79.6306
Tamil nadu,546051,Adiramapattinam,Trichy,10.3398,79.3845
Tamil nadu,597684,Jambuvanodai,Trichy,10.38738,79.51145
Tamil nadu,547534,Maravakkadu,Trichy,10.37244,79.44262
Tamil nadu,548219,Muthupet Road-Q,Trichy,10.47817,79.40258
Tamil nadu,577975,Nedhaji Nagar,Trichy,10.47521,79.40347
Tamil nadu,528892,Sithamalli,Trichy,10.45646,79.50625
Tamil nadu,521674,Thiruthuraipoondi Road ,Trichy,10.40383,79.50399
Tamil nadu,455055,IICPL,Trichy,10.731,79.1047
Tamil nadu,584933,IICPT,Trichy,10.733219,79.104919
Tamil nadu,524929,Karmuhil Nagar,Trichy,10.772838,79.107036
Tamil nadu,583584,Nava Graha Koil,Trichy,10.761167,79.15133
Tamil nadu,583431,Periyar Nagar-New,Trichy,10.72051,79.074869
Tamil nadu,597579,Ravusapatty - Thanjavur,Trichy,10.70754,79.09897
Tamil nadu,587513,SBI ATM-Thanjavur,Trichy,10.7443,79.11237
Tamil nadu,583585,Shakthi Nagar,Trichy,10.764639,79.095861
Tamil nadu,525439,Sri Krishna Nagar,Trichy,10.75815,79.09379
Tamil nadu,594419,Sundharam Nagar-Thanjavur,Trichy,10.76925,79.11255
Tamil nadu,548121,Thanjavur New Bus Stand,Trichy,10.74847,79.11875
Tamil nadu,584557,Thanjavur Vinoth Street,Trichy,10.75064,79.13249
Tamil nadu,546090,Thanjavur-Pillaiyarpatti,Trichy,10.7308,79.08873
Tamil nadu,548581,Thirumalai Samuthiram,Trichy,10.73136,79.01639
Tamil nadu,546069,Vallam,Trichy,10.71688,79.06035
Tamil nadu,482066,Vallam(TP),Trichy,10.71986,79.05503
Tamil nadu,583118,Chinnavadavadi,Trichy,11.5627,79.295999
Tamil nadu,508976,Mangalampet-1,Trichy,11.63469,79.27949
Tamil nadu,523324,Mangalampet-2,Trichy,11.61029,79.23806
Tamil nadu,593821,Millath Nagar - Mangalampettai,Trichy,11.639249,79.28297
Tamil nadu,575452,National Hyway-532,Trichy,11.518808,79.337708
Tamil nadu,509103,Thondankurichi,Trichy,11.5116,79.10672
Tamil nadu,548817,Vayalur,Trichy,11.55021,79.31819
Tamil nadu,599859,Veppur,Trichy,11.52771,79.12281
Tamil nadu,548851,Vijayanagaram,Trichy,11.59758,79.31234
Tamil nadu,509186,Virudhachalam,Trichy,11.51657,79.34039
Tamil nadu,548671,Ismayil Nagar,Trichy,10.79448,78.76343
Tamil nadu,509187,Jai Nagar,Trichy,10.78418,78.78989
Tamil nadu,548699,Kathur,Trichy,10.79871,78.75133
Tamil nadu,577699,Keela Kumaresapuram,Trichy,10.78615,78.80079
Tamil nadu,522593,New BHEL Township,Trichy,10.77536,78.80315
Tamil nadu,481158,Pathalapattai 2,Trichy,10.80193,78.85095
Tamil nadu,545969,Thiruverumbur,Trichy,10.785,78.77542
Tamil nadu,591450,Thiruverumbur-Trichy,Trichy,10.804878,78.770967
Tamil nadu,587473,Trichy Cholan  Nagar,Trichy,10.801349,78.751107
Tamil nadu,585896,Trichy Kattur,Trichy,10.79498,78.74885
Tamil nadu,548585,Vengur,Trichy,10.81428,78.77148
Tamil nadu,591764,Aanandha Nagar-Thanjavur,Trichy,10.79065,79.11913
Tamil nadu,591819,Balaganapathy Nagar-Thanjavur,Trichy,10.7887,79.113419
Tamil nadu,454998,Ideal Resort,Trichy,10.8212,79.1125
Tamil nadu,577283,Kalyanapuram,Trichy,10.86917,79.11134
Tamil nadu,546064,Medical College Road,Trichy,10.77083,79.11479
Tamil nadu,480123,Nadukkadai Thiruvaiyaru,Trichy,10.87225,79.10596
Tamil nadu,584107,Old Bustand - Relocation,Trichy,10.789197,79.135219
Tamil nadu,481042,Thenperambur 2,Trichy,10.82593,79.05434
Tamil nadu,546123,Thirumalapadi,Trichy,10.8989,79.056
Tamil nadu,546029,Thirumannur,Trichy,10.93583,79.10458
Tamil nadu,589254,Edumalai Road Manachanallur,Trichy,10.916979,78.70092
Tamil nadu,546131,Manachanallur,Trichy,10.90778,78.69778
Tamil nadu,599935,Manachanallur 3,Trichy,10.92015,78.69492
Tamil nadu,481001,Marudhur 2,Trichy,10.90977,78.76922
Tamil nadu,548153,Padalur,Trichy,11.09539,78.82472
Tamil nadu,546133,Padalur (Siruganur),Trichy,11.0348,78.8089
Tamil nadu,583120,Renga Nagar,Trichy,11.243849,78.866289
Tamil nadu,546129,Samayapuram,Trichy,10.9209,78.73979
Tamil nadu,583742,Sangupet-Perambalur Nw Bs Stnd,Trichy,11.235633,78.878215
Tamil nadu,548247,Sirujanur,Trichy,11.01447,78.79637
Tamil nadu,585504,Super Nagar,Trichy,11.238607,78.851013
Tamil nadu,598558,Thathamangalam,Trichy,10.94183,78.73454
Tamil nadu,576151,Ammapettai,Trichy,10.72607,78.56049
Tamil nadu,599934,Iluppur 3,Trichy,10.51148,78.62416
Tamil nadu,481743,Karumalai 2,Trichy,10.42433,78.36276
Tamil nadu,480822,Kathavampatti 2,Trichy,10.48492,78.59277
Tamil nadu,527649,Kathireya Polytechnic-3G S,Trichy,10.61661,78.40362
Tamil nadu,583129,Kumaran traders,Trichy,10.59697,78.54208
Tamil nadu,548735,Kurinchi hotel,Trichy,10.6063,78.41908
Tamil nadu,546005,Manaparai 2,Trichy,10.607114,78.427471
Tamil nadu,481087,Maniyankurichi 2,Trichy,10.4407,78.35035
Tamil nadu,546135,Marungapuri,Trichy,10.428356,78.437032
Tamil nadu,481814,Nambanpatti 2,Trichy,10.60742,78.48742
Tamil nadu,500316,Paganur,Trichy,10.732804,78.603087
Tamil nadu,548579,Pothamatu Patti,Trichy,10.61467,78.4309
Tamil nadu,481086,Sampatti 2,Trichy,10.53465,78.4263
Tamil nadu,597814,Sevanapatti - Viralimalai,Trichy,10.6064,78.52715
Tamil nadu,583741,SJ Agencies,Trichy,10.612359,78.419694
Tamil nadu,583053,Tamilnadu Saw Mill,Trichy,10.5179,78.61125
Tamil nadu,508993,Thuvarankurichi-ATC,Trichy,10.3702,78.38636
Tamil nadu,548224,Viralimalai (Bus stand),Trichy,10.52058,78.62069
Tamil nadu,583001,Viralimalai 4,Trichy,10.607242,78.545539
Tamil nadu,592580,Koranadu-Mayiladuthurai,Trichy,11.09026,79.63881
Tamil nadu,583794,KS Pattu Centre,Trichy,11.095333,79.637278
Tamil nadu,548211,Kuthalam Road,Trichy,11.12811,79.5235
Tamil nadu,590950,Mannampandhal,Trichy,11.1028,79.68358
Tamil nadu,546063,Mayiladuthurai,Trichy,11.1,79.64868
Tamil nadu,546010,Mayiladuthurai Road,Trichy,11.0792,79.5934
Tamil nadu,546024,Mayiladuthurai-Town,Trichy,11.09382,79.644
Tamil nadu,584501,RPN Nagar,Trichy,11.1017,79.66425
Tamil nadu,577969,Thirumanjanveedi,Trichy,11.10891,79.64555
Tamil nadu,583106,Thiruvelvikudi,Trichy,11.08867,79.58603
Tamil nadu,548745,Anguchettipalayam,Trichy,11.77887,79.5277
Tamil nadu,500328,Anguchettipalayam-ATC,Trichy,11.775833,79.530278
Tamil nadu,548840,Gandhi Road (Panruti 1),Trichy,11.77796,79.54503
Tamil nadu,548859,Gandhi Road to South,Trichy,11.78336,79.53777
Tamil nadu,594484,Kanthanpalayam-Panruti,Trichy,11.79584,79.54899
Tamil nadu,548839,LN Puram,Trichy,11.778,79.55424
Tamil nadu,509120,LN Puram-ATC,Trichy,11.78884,79.55946
Tamil nadu,548833,Panruti,Trichy,11.76951,79.55111
Tamil nadu,585823,Panruti 12,Trichy,11.78316,79.55702
Tamil nadu,548827,Panruti-East( Thiruvathigai),Trichy,11.76889,79.57375
Tamil nadu,547921,Panrutti To North,Trichy,11.76528,79.56238
Tamil nadu,529410,Pondy-Mandagapattu,Trichy,11.73971,79.57742
Tamil nadu,509125,Thuraipadi,Trichy,11.79135,79.52988
Tamil nadu,549034,Arriyanattu street,Trichy,10.68083,79.85108
Tamil nadu,546022,Bus Stand,Trichy,10.77474,79.8407
Tamil nadu,546025,Busstand2,Trichy,10.76961,79.84321
Tamil nadu,546031,Karaikal,Trichy,10.9209,79.83465
Tamil nadu,547951,Kayarogan Temple-Nagai,Trichy,10.7594,79.83908
Tamil nadu,546032,Koducherry rd - NH 45A,Trichy,10.94215,79.82996
Tamil nadu,546011,Nagapattinam,Trichy,10.76417,79.84424
Tamil nadu,577704,Nagoore Dharga,Trichy,10.81972,79.84035
Tamil nadu,548225,Nagoore Dharga-Q,Trichy,10.81819,79.84158
Tamil nadu,546015,Nagore,Trichy,10.8141,79.83688
Tamil nadu,594172,Pappa Koil-Manjakollai,Trichy,10.74811,79.82259
Tamil nadu,586639,VOC Nagar,Trichy,10.775833,79.836976
Tamil nadu,503626,Anjalam,Trichy,11.07646,78.39527
Tamil nadu,583036,Devanur,Trichy,11.111799,78.4394
Tamil nadu,577047,Government Hospital,Trichy,11.15031,78.60427
Tamil nadu,584353,Konapadhai,Trichy,11.19758,78.55804
Tamil nadu,493893,M.Puthur  2,Trichy,10.983532,78.284133
Tamil nadu,548669,Musiri,Trichy,10.95039,78.44327
Tamil nadu,525212,Palakkarai-ATC,Trichy,11.15649,78.59115
Tamil nadu,481574,Perumalmalai Adivaram,Trichy,11.15247,78.62747
Tamil nadu,521710,Pettavaithalai-ATC,Trichy,10.89788,78.48148
Tamil nadu,548177,R_Thuraiyur,Trichy,11.1486,78.5958
Tamil nadu,583035,Serugudi,Trichy,11.0554,78.4172
Tamil nadu,481053,Singalandapuram 2,Trichy,11.10605,78.59024
Tamil nadu,480847,Sirugamani 46,Trichy,10.89803,78.52056
Tamil nadu,548690,Sirugamani -H/W,Trichy,10.89503,78.53344
Tamil nadu,525436,Sobanapuram New,Trichy,11.28165,78.52319
Tamil nadu,481422,Sorathur ,Trichy,11.14587,78.60886
Tamil nadu,548590,Thudayur,Trichy,10.88917,78.64626
Tamil nadu,481767,Thuraiyur 16,Trichy,11.15476,78.60328
Tamil nadu,583100,Veeramachanpatti,Trichy,11.1386,78.5188
Tamil nadu,596697,Anandham Nagar Ariyankuppam,Trichy,11.89938,79.79992
Tamil nadu,548373,Ariyankuppam,Trichy,11.89674,79.80764
Tamil nadu,548148,Avvai Nagar,Trichy,11.95097,79.81161
Tamil nadu,546040,Gangaiamman kovil st,Trichy,11.9443,79.80321
Tamil nadu,582771,Karthik Garden,Trichy,11.96622,79.79333
Tamil nadu,546042,Krishna Nagar-Pon,Trichy,11.94925,79.82267
Tamil nadu,509012,Marathandi Temple,Trichy,11.97773,79.79858
Tamil nadu,571126,Mudaliyarpet,Trichy,11.920762,79.815661
Tamil nadu,577634,Nalla's Farm House,Trichy,11.97322,79.79111
Tamil nadu,572247,Site-2,Trichy,11.958759,79.823695
Tamil nadu,547537,Sulthanpettai,Trichy,11.93504,79.81479
Tamil nadu,531149,Vivekananda School,Trichy,11.95296,79.81737
Tamil nadu,524822,Kariyapattinam 2,Trichy,10.45867,79.73914
Tamil nadu,548218,Kuruvapuram,Trichy,10.42186,79.78744
Tamil nadu,596932,Thalayannar 3,Trichy,10.53346,79.7568
Tamil nadu,528079,Vedaranyam Kadani Vayal,Trichy,10.3645,79.77937
Tamil nadu,546016,Vedaranyam North,Trichy,10.40496,79.85013
Tamil nadu,597203,Inungur Pallapatty,Trichy,10.85453,78.49008
Tamil nadu,548216,Inungur Road,Trichy,10.880538,78.50367
Tamil nadu,528898,Karupathur,Trichy,10.91072,78.37944
Tamil nadu,509209,Keeranur KLE,Trichy,10.78223,78.28066
Tamil nadu,545991,Nangavaram,Trichy,10.8699,78.5389
Tamil nadu,585803,Panikkampatty,Trichy,10.87077,78.45003
Tamil nadu,523144,Thanneerppalli,Trichy,10.92431,78.43705
Tamil nadu,527647,Trichy-Vaikainallur North- 3G S,Trichy,10.92446,78.40536
Tamil nadu,548647,Aandipalayam,Trichy,10.76228,79.68486
Tamil nadu,585979,Alagiri Colony,Trichy,10.76912,79.6383
Tamil nadu,480852,Keelamanali,Trichy,10.69894,79.63881
Tamil nadu,508918,Kizhavalur,Trichy,10.76607,79.74022
Tamil nadu,548208,KTR Estate,Trichy,10.76208,79.63356
Tamil nadu,508896,Nannilam,Trichy,10.880887,79.603056
Tamil nadu,585976,PKM Nursery,Trichy,10.77939,79.62047
Tamil nadu,548752,Pulivalam,Trichy,10.75165,79.6329
Tamil nadu,584553,Santhamangalam-New,Trichy,10.77032,79.63054
Tamil nadu,546019,Thevur,Trichy,10.72689,79.73284
Tamil nadu,546148,Thiruvarur,Trichy,10.77042,79.63653
Tamil nadu,546096,Thiruvarur South,Trichy,10.75964,79.63948
Tamil nadu,546097,Thiruvarur West,Trichy,10.777,79.62497
Tamil nadu,583393,Vaazhkkai,Trichy,10.88892,79.56383
Tamil nadu,547525,Anamalai Nagar North,Trichy,11.4009,79.7122
Tamil nadu,588983,Bhuvanagiri,Trichy,11.43844,79.632444
Tamil nadu,545999,Chidambaram-2,Trichy,11.39485,79.69016
Tamil nadu,575448,East Car Street,Trichy,11.401263,79.695901
Tamil nadu,548375,Mariyamman Kovil St,Trichy,11.39597,79.69875
Tamil nadu,588996,Pallipadai - Relocation,Trichy,11.410525,79.695122
Tamil nadu,594300,Sethiathope-Chidambaram,Trichy,11.43488,79.54689
Tamil nadu,598265,Sethiathope-Relocation,Trichy,11.43555,79.5404
Tamil nadu,548771,Temple exch,Trichy,11.39726,79.69232
Tamil nadu,500274,Thambikunallanpattinam,Trichy,11.448639,79.673386
Tamil nadu,665684,Karambakkudi-1,Trichy,10.46847,79.12437
Tamil nadu,668393,Vanniyar Palayam,Trichy,11.63812,79.68731
Tamil nadu,548790,Ariyalur 2,Trichy,11.1318,79.0718
Tamil nadu,480158,7th Cross Street,Madurai,9.92963,78.08171
Tamil nadu,584117,A. Kalappur,Madurai,10.174069,78.45807
Tamil nadu,502091,A.kalayamputhur_hw,Madurai,10.45403,77.48297
Tamil nadu,548167,Aandan Kovil Pudur,Madurai,10.96103,78.04932
Tamil nadu,549051,Agaram (TP),Madurai,10.44855,77.9352
Tamil nadu,509081,Alagappa Nagar,Madurai,9.901333,78.090833
Tamil nadu,597470,Alagumanagiri,Madurai,10.00635,78.45748
Tamil nadu,508938,ALANGANALLUR,Madurai,10.04695,78.0853
Tamil nadu,481384,Alanganallur 5,Madurai,10.04939,78.08605
Tamil nadu,508959,ALGERKOIL,Madurai,10.06574,78.21507
Tamil nadu,501747,Ambathurai,Madurai,10.271722,77.92525
Tamil nadu,549122,Ambilikai,Madurai,10.54214,77.72743
Tamil nadu,508925,ANDIPATTI,Madurai,9.998878,77.62081
Tamil nadu,509061,ANDIPATTI I,Madurai,10.005139,77.606389
Tamil nadu,525428,Andipatti Town,Madurai,10.00157,77.63213
Tamil nadu,572299,Anna Nagar DGL,Madurai,10.3689,77.9874
Tamil nadu,548101,Anna Nagar-MDU,Madurai,9.92118,78.14896
Tamil nadu,502086,Appakkarai,Madurai,9.786694,77.89489
Tamil nadu,525842,Aranmanai Puthur,Madurai,9.99535,77.48931
Tamil nadu,586201,Arasamarathu Pillaiyar Road,Madurai,10.01379,77.35364
Tamil nadu,508950,ARASARADI,Madurai,9.92019,78.09396
Tamil nadu,548064,Arasaradi,Madurai,9.9296,78.0948
Tamil nadu,508890,ARVAKURICHI,Madurai,10.77384,77.91025
Tamil nadu,454987,ASIANFBRCSVF,Madurai,11.0133,78.0715
Tamil nadu,500231,Athipalayam,Madurai,11.019722,77.899833
Tamil nadu,548937,Athiparasakthi Nagar,Madurai,9.974255,78.135709
Tamil nadu,502094,Athoor,Madurai,10.29214,77.85156
Tamil nadu,598204,Athur Karur,Madurai,10.99662,78.02871
Tamil nadu,526524,Avaniapuram Bypass,Madurai,9.87899,78.1198
Tamil nadu,547210,Avaniyapuram,Madurai,9.88233,78.11606
Tamil nadu,481580,Ayakudi 8,Madurai,10.45545,77.54736
Tamil nadu,549089,Ayyakudi 2,Madurai,10.44884,77.55316
Tamil nadu,527729,Baladhuri New,Madurai,11.0758,78.00209
Tamil nadu,549069,Bazaar Road-Dgl,Madurai,10.35944,77.97299
Tamil nadu,583982,Bhairavar Temple,Madurai,9.99804,77.34643
Tamil nadu,547202,Bodi,Madurai,10.00924,77.35042
Tamil nadu,585904,Bodi Amaravathi Nagar,Madurai,10.00231,77.347519
Tamil nadu,586070,Bodi Dass Complex,Madurai,10.00709,77.350539
Tamil nadu,547500,Bodi Nagar,Madurai,10.01103,77.35542
Tamil nadu,587116,Bodi Vetri Nagar,Madurai,10.011197,77.346261
Tamil nadu,545998,Bus Stand-Karur,Madurai,10.9621,78.06995
Tamil nadu,545986,Bye Pass Road,Madurai,10.97153,78.06299
Tamil nadu,529598,Bye Pass Road,Madurai,9.91421,78.09575
Tamil nadu,549061,Chattirapatti,Madurai,10.33933,77.84888
Tamil nadu,508940,CHELLAMPATTY,Madurai,9.94167,77.9014
Tamil nadu,584148,Chellapuram,Madurai,10.227125,77.467967
Tamil nadu,584149,Cherry Hills,Madurai,10.224869,77.474784
Tamil nadu,591475,Chettinaickenpatti (Ct),Madurai,10.41175,77.96821
Tamil nadu,481643,Chettinayakanpatti,Madurai,10.40058,77.97388
Tamil nadu,598872,Chettinayakanpatti 3,Madurai,10.39043,77.98566
Tamil nadu,547498,Chinalampatti North,Madurai,10.27935,77.92349
Tamil nadu,547339,chinammanaikenpatti,Madurai,10.07142,77.97827
Tamil nadu,594069,Chinna Anupannadi Madurai,Madurai,9.89101,78.14044
Tamil nadu,480198,Chinna kothur lns,Madurai,10.97573,78.05039
Tamil nadu,549092,Chinnalapatti 2,Madurai,10.28105,77.91881
Tamil nadu,508926,CHINNAMANNUR,Madurai,9.841389,77.379167
Tamil nadu,547401,Chinnamanur 2,Madurai,9.84162,77.38783
Tamil nadu,594173,Chinnapoolampatty Peraiyur,Madurai,9.745939,77.79364
Tamil nadu,548741,Chinthalavadi,Madurai,10.93943,78.30461
Tamil nadu,547972,Chokikulam,Madurai,9.94556,78.12903
Tamil nadu,593671,Chokkalingapuram Sithayankottai ,Madurai,10.26879,77.82934
Tamil nadu,583044,Chokkathevanpatti,Madurai,9.954699,77.869609
Tamil nadu,508927,CHOLAVANDAN,Madurai,10.0218,77.9596
Tamil nadu,509016,COLLECTOR OFFICE,Madurai,10.91846,78.09421
Tamil nadu,548929,Court Gate,Madurai,9.85333,78.48592
Tamil nadu,508941,DEVARAM (THEVARAM),Madurai,9.897278,77.279694
Tamil nadu,583984,Dharmathupatti,Madurai,9.99094,77.35115
Tamil nadu,547342,Dindhway,Madurai,9.94558,78.09698
Tamil nadu,587262,Dindigul Balakrishnapuram,Madurai,10.35539,77.99156
Tamil nadu,584722,Dindigul Maharaja Nagar,Madurai,10.392931,77.957983
Tamil nadu,586694,Dindigul Pallapatti,Madurai,10.354482,77.954667
Tamil nadu,481657,Dindugal Rd,Madurai,10.38312,78.00508
Tamil nadu,548838,Dindugal Road,Madurai,10.51967,77.94319
Tamil nadu,547215,Doak Nagar,Madurai,9.93293,78.08712
Tamil nadu,521849,E2e2 Road,Madurai,9.93619,78.13544
Tamil nadu,547187,East Veli,Madurai,9.9205,78.12457
Tamil nadu,593669,EB office Nagamalaipudukottai,Madurai,9.92733,78.04865
Tamil nadu,503029,Ellis Nagar,Madurai,9.91484,78.10633
Tamil nadu,590551,Eluvanampatty Devathanapatty,Madurai,10.13125,77.68115
Tamil nadu,508953,ERAKAPATTI,Madurai,10.2128,78.26904
Tamil nadu,503255,Erumarpatti-trichy,Madurai,10.71767,77.92994
Tamil nadu,596774,Fenner Colony Madurai,Madurai,9.93609,78.07515
Tamil nadu,548205,Four Road,Madurai,11.0694,77.99868
Tamil nadu,480271,GANDHIGRAMAM,Madurai,10.93681,78.10296
Tamil nadu,596563,Gayathri Nagar Madurai,Madurai,9.97767,78.131459
Tamil nadu,509060,GOKILA PURAM,Madurai,9.787222,77.344833
Tamil nadu,549065,Gopalpatti,Madurai,10.2575,78.11847
Tamil nadu,549059,Gopalsamy Temple,Madurai,9.91484,78.11797
Tamil nadu,586495,Gowripuram,Madurai,10.9552,78.0736
Tamil nadu,525354,Hasanathpuram,Madurai,10.34785,77.97009
Tamil nadu,548076,Holiday Home,Madurai,10.2178,77.4771
Tamil nadu,455025,HOTEL HATEWAY-NALLAN BLOCK,Madurai,9.89955,78.083059
Tamil nadu,455026,HOTEL HATEWAY-RESTAURANT,Madurai,9.9002598,78.08445
Tamil nadu,584498,Hotel Jungle Stay Thiruparankundram,Madurai,9.87273,78.06834
Tamil nadu,503020,Imayam Nagar  Supp,Madurai,9.950528,78.124
Tamil nadu,590829,Indra Nagar Palani,Madurai,10.45482,77.51396
Tamil nadu,598866,Irrendalaiparai3,Madurai,10.32286,77.99696
Tamil nadu,571161,Jaihinadapuram,Madurai,9.9039,78.10818
Tamil nadu,547206,JaiHind Puram,Madurai,9.90771,78.11057
Tamil nadu,707362,JaiHindPuram New,Madurai,9.90599,78.1092
Tamil nadu,593114,Jawahar Nagar Tirumangalam,Madurai,9.822754,77.992768
Tamil nadu,547388,Jayamangalam,Madurai,10.0962,77.6127
Tamil nadu,598949,Jivalsaragu 2,Madurai,10.28871,77.89802
Tamil nadu,547189,K.Pudur,Madurai,9.94889,78.14389
Tamil nadu,577035,K.Pudur,Madurai,9.94944,78.14191
Tamil nadu,591612,Kalai Nagar,Madurai,9.964146,78.124496
Tamil nadu,509011,KALIAMMAN KOIL STREET,Madurai,9.677694,77.243
Tamil nadu,583391,Kallanai,Madurai,10.03004,78.08587
Tamil nadu,590752,Kamaraj Nagar New,Madurai,9.864925,78.47793
Tamil nadu,547409,kambam Road,Madurai,9.98827,77.4561
Tamil nadu,577037,Kanagavel Avenue,Madurai,9.95135,78.108124
Tamil nadu,590806,Kannamangalapatti Singampunari,Madurai,10.18502,78.4126
Tamil nadu,599060,Karseri,Madurai,9.87742,78.21717
Tamil nadu,576700,Karur Road,Madurai,10.53324,77.95135
Tamil nadu,587554,Karur Sakthi Nagar,Madurai,10.94469,78.104589
Tamil nadu,480496,Kela Silaman,Madurai,9.86478,78.19311
Tamil nadu,598217,Khuzhipirai Relocation,Madurai,10.30605,78.65073
Tamil nadu,548096,KK Nagar,Madurai,9.93285,78.14424
Tamil nadu,522188,Kk Nagar,Madurai,9.9357,78.1488
Tamil nadu,548944,KK Nagar 1,Madurai,9.93291,78.14864
Tamil nadu,549074,Kodai road,Madurai,10.1842,77.9067
Tamil nadu,548895,Kodai road,Madurai,10.1844,77.9065
Tamil nadu,501706,Kodai Road Bus Stand,Madurai,10.18049,77.91214
Tamil nadu,481335,Kodimangalam 2,Madurai,9.97882,78.01432
Tamil nadu,595128,Koodal Nagar,Madurai,9.96621,78.09126
Tamil nadu,526385,Koothiarkundu,Madurai,9.86747,78.02744
Tamil nadu,576707,Koothiyar Kundu,Madurai,9.882611,78.031869
Tamil nadu,583002,Koovalapuram1,Madurai,9.69649,77.74384
Tamil nadu,585802,Kottagudi New,Madurai,9.97529,78.34895
Tamil nadu,508954,KOTTAMPATTI,Madurai,10.22303,78.37237
Tamil nadu,509085,KOVALAN NAGAR,Madurai,9.89855,78.10109
Tamil nadu,502092,Kovilpappakudi,Madurai,9.96875,78.08294
Tamil nadu,545989,Krishnarayapuram,Madurai,10.9571,78.2734
Tamil nadu,501776,Kulanampatti,Madurai,10.342806,77.99175
Tamil nadu,547392,KULLAPURAM,Madurai,10.06743,77.64417
Tamil nadu,577968,Kumarasamy Engg College,Madurai,11.05336,78.05042
Tamil nadu,547400,Kumbum 2,Madurai,9.73326,77.281
Tamil nadu,548865,KUTCHANUR,Madurai,9.87631,77.37503
Tamil nadu,599860,Landhakottai,Madurai,10.81292,78.16228
Tamil nadu,480494,Lingamanaickenpatti,Madurai,10.71059,77.88935
Tamil nadu,575469,Madurai Byepass,Madurai,9.934654,78.097927
Tamil nadu,586138,Madurai Jeeva Nagar,Madurai,9.897029,78.106699
Tamil nadu,547238,Madurai Kidney Centre & Transplantation,Madurai,9.92836,78.14753
Tamil nadu,586882,Madurai Melaanuppanadi,Madurai,9.90559,78.13619
Tamil nadu,595373,Madurai Natham Road Madurai,Madurai,9.98481,78.14458
Tamil nadu,547230,Madurai Road,Madurai,9.96527,77.79509
Tamil nadu,582358,Madurai Teppakulam,Madurai,9.90771,78.14875
Tamil nadu,586625,Madurai Viraganoor,Madurai,9.90085,78.16137
Tamil nadu,548223,Mahadhanapuram,Madurai,10.95267,78.29831
Tamil nadu,598118,Mampatti Devasthanam,Madurai,10.04188,78.50897
Tamil nadu,549027,Manamadurai,Madurai,9.7211,78.4657
Tamil nadu,547378,Manamadurai road,Madurai,9.83422,78.48383
Tamil nadu,480441,Manmari,Madurai,10.7207,77.90103
Tamil nadu,509026,MANORAMA NAGAR,Madurai,10.00225,77.352222
Tamil nadu,599380,Maruthu pandiar Nagar,Madurai,9.85487,78.5121
Tamil nadu,508928,MATTU THAVANI (OTHAKADAI),Madurai,9.95842,78.18966
Tamil nadu,545987,Mayanur,Madurai,10.9307,78.1811
Tamil nadu,508995,MEENAKSHI MISSION,Madurai,9.950278,78.165278
Tamil nadu,501723,Meenakshi Nagar,Madurai,9.897,78.123111
Tamil nadu,583593,Meenakshi Naickenpatty,Madurai,10.37722,77.95596
Tamil nadu,547295,Meenakshipuram,Madurai,9.99024,77.37173
Tamil nadu,547213,Melgudalur,Madurai,9.68418,77.2536
Tamil nadu,547201,Melur,Madurai,10.02556,78.33528
Tamil nadu,547220,Melur bus stand,Madurai,10.0324,78.3386
Tamil nadu,547243,Midapadi,Madurai,10.55967,77.39783
Tamil nadu,547216,MK University,Madurai,9.93905,78.02477
Tamil nadu,547515,Mohamadhu rabic raja bldg,Madurai,9.91464,78.11285
Tamil nadu,591620,Mohamemshapuram Tirumangalam,Madurai,9.831,77.98407
Tamil nadu,584305,"Mohammed Shah Puram, Tirumangalam",Madurai,9.83623,77.98512
Tamil nadu,547239,More patti_HW,Madurai,10.45969,78.13261
Tamil nadu,599831,Mottanampatti,Madurai,10.33928,77.96971
Tamil nadu,547916,Mudikanam,Madurai,10.87995,77.9544
Tamil nadu,586763,Muniyandi Temple Kappalur,Madurai,9.84497,78.01602
Tamil nadu,597468,Muthamizh Nagar Tottanuthu,Madurai,10.33003,77.99744
Tamil nadu,571164,Muthu Vijay Mahal,Madurai,9.9334,78.10828
Tamil nadu,583000,Muthuramalinga Puram,Madurai,9.90607,78.09088
Tamil nadu,587064,MuthuRamalingapuram,Madurai,9.90694,78.09481
Tamil nadu,547240,Nachikulam High way,Madurai,10.0651,77.9409
Tamil nadu,583578,"Nadukadu koil,Surakundu",Madurai,10.02992,78.30566
Tamil nadu,455050,NAGA DETERGENT,Madurai,10.5228,77.9295
Tamil nadu,548953,Nagal Nagar,Madurai,10.3546,77.97913
Tamil nadu,503256,Nagamballi-trichy,Madurai,10.810694,77.939
Tamil nadu,583594,Nagar Flour Mill,Madurai,10.37924,78.00047
Tamil nadu,493897,Nalakavandan Nagar 2,Madurai,10.482302,77.737427
Tamil nadu,501761,Nandavanam Patti,Madurai,10.381917,77.989056
Tamil nadu,547217,Narasingapuram,Madurai,9.96385,78.18471
Tamil nadu,547340,Narimedu South,Madurai,9.9335,78.12694
Tamil nadu,583516,Natarajapuram New,Madurai,9.9209,78.604
Tamil nadu,508923,NATHAM,Madurai,10.22483,78.22742
Tamil nadu,583630,Naveen Complex,Madurai,10.95003,78.0579
Tamil nadu,594171,Near Chettinad Cement Staff Qrs Puliyur ,Madurai,10.93447,78.15594
Tamil nadu,545990,Near Gandhigramam,Madurai,10.95667,78.10078
Tamil nadu,589242,Near ICICI Bank RM colony,Madurai,10.3753,77.97332
Tamil nadu,585898,Near Indian Overseas Bank,Madurai,10.940427,78.089938
Tamil nadu,583723,Near Rockfort,Madurai,10.35928,77.95956
Tamil nadu,598462,Neelamalakottai 2,Madurai,10.4526,77.7926
Tamil nadu,588987,Nehruji Nagar Dindigul,Madurai,10.37052,77.9779
Tamil nadu,597469,Neikarapatti,Madurai,10.44842,77.44914
Tamil nadu,598248,Nerur South,Madurai,10.99043,78.13451
Tamil nadu,548566,Nilaiyur,Madurai,9.861915,78.06078
Tamil nadu,508924,NILAKOTTAI,Madurai,10.16548,77.85102
Tamil nadu,548063,North Veli Street,Madurai,9.92646,78.11757
Tamil nadu,508902,ODAIMEDU,Madurai,10.86649,77.99561
Tamil nadu,576047,Oddanchatram,Madurai,10.48635,77.74661
Tamil nadu,577628,Oddanchatram Housing Board,Madurai,10.5025,77.74533
Tamil nadu,545997,Old Bus Stand,Madurai,10.95612,78.07664
Tamil nadu,574778,Opp to Govt High School- DGL,Madurai,10.365464,77.969269
Tamil nadu,509043,OTHAKADAI,Madurai,9.96253,78.19828
Tamil nadu,576698,OTHAKADAI,Madurai,9.96205,78.19829
Tamil nadu,549083,Ottanchatiram,Madurai,10.4874,77.7496
Tamil nadu,598125,Ovalur2,Madurai,9.91201,78.22386
Tamil nadu,525401,Oxford School,Madurai,9.860293,78.494822
Tamil nadu,547194,P&T Colony,Madurai,9.95611,78.12875
Tamil nadu,548534,Pachalur,Madurai,10.36869,77.66794
Tamil nadu,480596,pachamalanyankottai2,Madurai,10.27171,77.87494
Tamil nadu,590929,Paiyaurpillaivayal,Madurai,9.84173,78.50762
Tamil nadu,525535,Palanganatham,Madurai,9.90943,78.08926
Tamil nadu,549081,Palani - Agraharam,Madurai,10.44889,77.53049
Tamil nadu,481641,Palani 41,Madurai,10.44333,77.52979
Tamil nadu,549072,Palani Road-Dgl,Madurai,10.36556,77.97313
Tamil nadu,500232,Pallapalayam,Madurai,10.254283,78.003828
Tamil nadu,508891,PALLAPATTI,Madurai,10.723333,77.891944
Tamil nadu,598964,Pallapatti New,Madurai,10.34093,77.94581
Tamil nadu,584649,Pamban Swamigal Temple Thiruparankundram,Madurai,9.875516,78.084227
Tamil nadu,593313,Pandaram Colony Singampuneri,Madurai,10.18667,78.42247
Tamil nadu,590751,Pandeeswaran nagar,Madurai,9.83202,77.978822
Tamil nadu,591914,Pandian| Nagar Tirumangalam,Madurai,9.816385,77.988906
Tamil nadu,548933,Pandiyan Rajan Puram,Madurai,9.93992,78.09391
Tamil nadu,508952,PARAPATTI,Madurai,9.767722,78.089444
Tamil nadu,547227,Paravai,Madurai,9.96691,78.05793
Tamil nadu,586632,Pasupathi Nagar Madurai,Madurai,9.94794,78.12419
Tamil nadu,594246,Patel St Koodal Nagar Madurai,Madurai,9.961259,78.100129
Tamil nadu,548082,Peraiyur,Madurai,9.74139,77.79438
Tamil nadu,480562,Periyakulam 16,Madurai,10.13705,77.55943
Tamil nadu,547211,Periyakulam 3,Madurai,10.12701,77.54964
Tamil nadu,501781,Perumalmalai,Madurai,10.266472,77.544278
Tamil nadu,502085,Perumanganallur,Madurai,9.869111,77.82561
Tamil nadu,598940,Pillayarnattam,Madurai,10.32965,77.94341
Tamil nadu,509078,Piranmalai,Madurai,10.23374,78.4379
Tamil nadu,526821,Ponnamaravathi-Konnaiyur Site,Madurai,10.309091,78.566208
Tamil nadu,502353,Porulur,Madurai,10.59953,77.62361
Tamil nadu,588544,Pothys -Madurai,Madurai,9.91631,78.11593
Tamil nadu,586635,Prasanna Colony,Madurai,9.878088,78.114844
Tamil nadu,591763,Priyasamy Nagar,Madurai,9.888219,78.113919
Tamil nadu,508942,PUDUCHATHRAM,Madurai,10.47324,77.79162
Tamil nadu,583940,Puduppatti,Madurai,9.87848,78.43598
Tamil nadu,508910,PUDUR,Madurai,10.31683,78.47694
Tamil nadu,598244,Punnapatti Natham,Madurai,10.24026,78.2058
Tamil nadu,547190,Race Cource,Madurai,9.93243,78.1347
Tamil nadu,575457,Race Course Road- DGL,Madurai,10.364869,77.988602
Tamil nadu,546165,Railway Station-Karur,Madurai,10.96339,78.08602
Tamil nadu,501772,Rajam Nagar,Madurai,9.900333,78.099556
Tamil nadu,549126,Ram nagar,Madurai,10.3599,77.98942
Tamil nadu,666718,Ramakrishna puram Relocation,Madurai,10.964677,78.0772473
Tamil nadu,548597,Ramanujam Nagar,Madurai,10.9557,78.06806
Tamil nadu,509073,Rangapanayakan patty,Madurai,10.08436,77.7245
Tamil nadu,508957,REDDIARCHATRAM,Madurai,10.4331,77.86832
Tamil nadu,592839,Rengaraj Nagar Bus Stand Pallapatti,Madurai,10.73349,77.89253
Tamil nadu,549080,RF Road,Madurai,10.45181,77.51625
Tamil nadu,509015,ROUND ROAD,Madurai,10.35863,77.98895
Tamil nadu,584554,"Sakkimangalam, Silaiman",Madurai,9.88335,78.19482
Tamil nadu,481075,Samanatham 2,Madurai,9.86842,78.15004
Tamil nadu,481692,Sastri Nagar,Madurai,10.34467,77.99744
Tamil nadu,547335,sekkaruani to north,Madurai,9.94308,77.98746
Tamil nadu,508965,SEMBATI,Madurai,10.27694,77.87093
Tamil nadu,502087,Sennagarampatti,Madurai,10.08497,78.31642
Tamil nadu,599869,Shenbaganur Kodaikanal,Madurai,10.23298,77.50971
Tamil nadu,508951,SILAIMAN,Madurai,9.87202,78.19885
Tamil nadu,599062,Sindalagundu 2,Madurai,10.39619,77.84422
Tamil nadu,508955,SINGAMPUNERI,Madurai,10.186,78.424444
Tamil nadu,594067,sirunayakkanpatty Dindigul,Madurai,10.318203,77.957963
Tamil nadu,480844,Sithayagoundanpatti2,Madurai,9.96293,77.64811
Tamil nadu,577038,SIVAGANGAI2,Madurai,9.84918,78.48091
Tamil nadu,481823,Sivagiripatti,Madurai,10.46177,77.52627
Tamil nadu,521244,Solai Alagupuram,Madurai,9.90406,78.11694
Tamil nadu,597472,Somanathamangalam,Madurai,9.85412,78.64094
Tamil nadu,593668,Somanathamangalam Kalaiyarkoil,Madurai,9.84536,78.64471
Tamil nadu,577626,Sourashtra Womens college,Madurai,9.89981,78.07343
Tamil nadu,549123,south ranganathappuram,Madurai,10.36898,77.99476
Tamil nadu,599725,Sri Balasastha Temple,Madurai,10.11492,77.54739
Tamil nadu,586952,Sri VaniVidyalaya,Madurai,9.90771,78.116189
Tamil nadu,599399,Srinagar 2,Madurai,10.92416,78.04795
Tamil nadu,599127,Subbammal Nagar,Madurai,10.38767,78.00582
Tamil nadu,599429,Sukkaliyur|,Madurai,10.9274,78.0614
Tamil nadu,591039,Sukkangalpatti Odaipatti,Madurai,9.837259,77.431467
Tamil nadu,584911,Swami Vivekananda Nagar ,Madurai,9.95305,78.15615
Tamil nadu,599064,T Kallipatti Vagai,Madurai,10.10297,77.55056
Tamil nadu,598122,T| Kallipatti Periyakulam,Madurai,10.0967,77.5346
Tamil nadu,532433,Tamil Sangam,Madurai,9.92633,78.11427
Tamil nadu,583596,"TCE Road, Thiruparankundram",Madurai,9.88453,78.07554
Tamil nadu,549068,Thadicombu,Madurai,10.437,77.9559
Tamil nadu,586432,"Thai Nagar, Madurai",Madurai,9.90164,78.14031
Tamil nadu,584158,"Thalamuthaiah Temple, Theni",Madurai,9.895959,77.44439
Tamil nadu,582597,Thamarai Kulam New,Madurai,10.06707,77.51369
Tamil nadu,577322,Thanakkankulam,Madurai,9.89089,78.02654
Tamil nadu,545992,Thandoni,Madurai,10.93473,78.09064
Tamil nadu,598251,Thappukundu Theni,Madurai,9.92884,77.46225
Tamil nadu,501757,Tharesa Cross,Madurai,9.93247,78.09564
Tamil nadu,585897,Thendral Nagar,Madurai,10.936418,78.095206
Tamil nadu,547393,Theni,Madurai,10.01222,77.47833
Tamil nadu,589030,Theni Road Sholavandan,Madurai,10.02424,77.96076
Tamil nadu,480279,THEVASERI2,Madurai,10.07043,78.11475
Tamil nadu,547971,Thiru Nagar,Madurai,9.88139,78.05549
Tamil nadu,593518,Thiru Nagar Relocation,Madurai,9.88523,78.06067
Tamil nadu,548156,Thirukampuliyur,Madurai,10.96513,78.06053
Tamil nadu,508996,THIRUKULAMBUR,Madurai,10.20671,78.4981
Tamil nadu,547338,Thirumalai naiyakan Mahal,Madurai,9.91756,78.12546
Tamil nadu,547343,Thirumangalam road - NH 7,Madurai,9.84097,78.00648
Tamil nadu,547337,Thirumangalam south-NH 7 to north,Madurai,9.81791,77.99329
Tamil nadu,547203,Thirumangalam-Mdu,Madurai,9.82966,77.98939
Tamil nadu,508943,THIRUPAVANAM,Madurai,9.82597,78.26034
Tamil nadu,587424,"Thozilpettai, Karur New",Madurai,10.956001,78.112472
Tamil nadu,583003,Thullukkuttinayakkanur,Madurai,9.80791,77.67593
Tamil nadu,582417,Thuvarankurichi New,Madurai,10.31028,78.43881
Tamil nadu,501759,Tirumangalam_virudhunagar,Madurai,9.741133,77.981278
Tamil nadu,583385,Tirunagar2,Madurai,9.893599,78.05493
Tamil nadu,589860,Tottanampatti,Madurai,10.490049,78.044709
Tamil nadu,547970,Town Hall-Mdu,Madurai,9.91785,78.11472
Tamil nadu,508956,TUMBATTI,Madurai,10.09102,78.35618
Tamil nadu,547192,TVS Nagar,Madurai,9.9034,78.10042
Tamil nadu,481658,Unjampatti,Madurai,10.02645,77.48918
Tamil nadu,530270,Utchpatti,Madurai,9.85955,78.0288
Tamil nadu,508944,UTHAMAPALAYAM,Madurai,9.806667,77.330833
Tamil nadu,547308,UW_TN_W_0001_CHETTIKULAM,Madurai,9.97955,78.14249
Tamil nadu,547327,Uw_Tn_W_0005_Gomathipuram,Madurai,9.92377,78.15778
Tamil nadu,547346,Uw_Tn_W_1423_Karthi Mahal,Madurai,10.44562,77.52075
Tamil nadu,549118,UW_TN_W_1426_ RF road,Madurai,10.45202,77.52246
Tamil nadu,547403,UW_TN_W_1443-UW_TN_W_1443_PERIYAKAMBUR,Madurai,10.03569,77.48484
Tamil nadu,549108,UW_TN_W_1524_OIL MILL,Madurai,10.36694,77.96451
Tamil nadu,549102,UW_TN_W_1525_Kothampati,Madurai,10.3849,77.99851
Tamil nadu,549113,UW_TN_W_1531_Meenakshi nayakan patti,Madurai,10.37403,77.94903
Tamil nadu,547318,UW_TN_W_1653_Paras rd,Madurai,9.91353,78.12529
Tamil nadu,547242,UW_TN_W_1656_Sellur,Madurai,9.93879,78.12394
Tamil nadu,547299,UW_TN_W_1657_Ganagavel nagar,Madurai,9.95582,78.13883
Tamil nadu,547275,UW_TN_W_1660_Jublee town,Madurai,9.96435,78.14645
Tamil nadu,547281,UW_TN_W_1664_park town-mdu,Madurai,9.96774,78.12256
Tamil nadu,547315,UW_TN_W_1665_aanayur rd,Madurai,9.96077,78.10775
Tamil nadu,547303,UW_TN_W_1667_SANGEETH NAGAR,Madurai,9.96678,78.09748
Tamil nadu,547325,Uw_Tn_W_1669_ K Salai Pudur,Madurai,9.94236,78.10146
Tamil nadu,547283,Uw_Tn_W_1671-Uw_Tn_W_1671_Ellis Nagar,Madurai,9.91008,78.0946
Tamil nadu,547301,UW_TN_W_1672_Meenakshi nagar,Madurai,9.89277,78.11718
Tamil nadu,547334,UW_TN_W_1679_arapalayam rd-mdu,Madurai,9.93359,78.10096
Tamil nadu,547297,UW_TN_W_1681_Somasundaram Nagar,Madurai,9.91658,78.10182
Tamil nadu,547330,UW_TN_W_1682_Alagappan nagar,Madurai,9.89507,78.09932
Tamil nadu,547317,UW_TN_W_1683_Hari Vignesh Theatre,Madurai,9.90669,78.09793
Tamil nadu,547322,UW_TN_W_1686_Hotel Lakshmi,Madurai,9.91479,78.11565
Tamil nadu,547326,UW_TN_W_1689_goods shed rd,Madurai,9.92349,78.11393
Tamil nadu,547331,Uw_Tn_W_1691_Keela Annathppu St,Madurai,9.92786,78.11475
Tamil nadu,547307,UW_TN_W_1956_Alaganallur,Madurai,10.0445,78.0915
Tamil nadu,547285,UW_TN_W_1958_Thenoor,Madurai,9.9852,78.00891
Tamil nadu,547248,UW_TN_W_1959_Nagari Rd,Madurai,10.02361,77.96719
Tamil nadu,547265,UW_TN_W_1966_ Thendral nagar,Madurai,10.47381,77.78709
Tamil nadu,547250,UW_TN_W_2039_Viralipatti thottam,Madurai,10.28927,78.04832
Tamil nadu,549105,UW_TN_W_2040-UW_TN_W_2040_REDDIYAPATTI,Madurai,10.32302,78.0077
Tamil nadu,547251,UW_TN_W_2041_Kamalapuram,Madurai,10.23217,77.90606
Tamil nadu,547266,UW_TN_W_2042_Somuthapatti,Madurai,10.21766,78.28998
Tamil nadu,547309,UW_TN_W_2047_Visakarice mill,Madurai,10.04785,78.04309
Tamil nadu,547246,UW_TN_W_2051_Chellampatti -H/W,Madurai,9.94298,77.89938
Tamil nadu,547268,UW_TN_W_2053_Tirumangalam Chekanurani Rd,Madurai,9.85619,77.97714
Tamil nadu,547279,UW_TN_W_2054_NATHAJI NAGAR -MUD,Madurai,9.87424,78.02578
Tamil nadu,549111,UW_TN_W_2092_Pannaikadu,Madurai,10.27691,77.62714
Tamil nadu,547324,UW_TN_W_2335_Gandhi nagar,Madurai,10.00469,77.35439
Tamil nadu,547316,UW_TN_W_2371_Lourdhu nagar,Madurai,9.95856,78.13444
Tamil nadu,549096,VADAGADU,Madurai,10.45758,77.72984
Tamil nadu,548855,VADAPALANJI,Madurai,9.904,78.00022
Tamil nadu,585822,Vadaveeranaickenpatty,Madurai,10.043279,77.50372
Tamil nadu,599830,Vadaveeranaickenpatty 2,Madurai,10.01102,77.49504
Tamil nadu,508946,VADIPATTI,Madurai,10.08199,77.96763
Tamil nadu,547398,Vadugapatti 2,Madurai,10.0992,77.5825
Tamil nadu,590567,Vagaikulam,Madurai,9.987006,78.114819
Tamil nadu,598425,Vaighadam 2,Madurai,10.05628,77.61181
Tamil nadu,481693,Valakkaipatti,Madurai,10.33446,78.00345
Tamil nadu,576697,Valar Nagar/uthangudi,Madurai,9.94407,78.17585
Tamil nadu,501707,Valar Nagar/uthangudi,Madurai,9.944056,78.175694
Tamil nadu,598536,Valayankulam,Madurai,9.8288,78.10589
Tamil nadu,481824,Valkaradu 1,Madurai,9.99423,77.48443
Tamil nadu,593116,Vallabai Street Madurai,Madurai,9.95924,78.123882
Tamil nadu,583526,Valuthani Pudukkulam,Madurai,9.761313,78.391073
Tamil nadu,548943,Vandiyur Main Road,Madurai,9.91662,78.14923
Tamil nadu,582233,Vangal - New,Madurai,11.040601,78.11894
Tamil nadu,599065,Vangapalayam,Madurai,10.98328,78.07234
Tamil nadu,596847,Varpattu Ponnamaravathi,Madurai,10.28247,78.53653
Tamil nadu,508945,VATALAGUNDU,Madurai,10.16362,77.7573
Tamil nadu,547514,Vedapattai Street - Dindugal,Madurai,10.34589,77.97927
Tamil nadu,481640,Vedapatti,Madurai,10.34182,77.98399
Tamil nadu,549076,Vedasandur,Madurai,10.5322,77.9439
Tamil nadu,549085,Vedasandur 2,Madurai,10.528686,77.950725
Tamil nadu,598926,Vedasandur 9,Madurai,10.54254,77.9445
Tamil nadu,481579,Veerapandi 6,Madurai,9.96378,77.43446
Tamil nadu,548884,Velvankottai,Madurai,10.4233,78.0581
Tamil nadu,508914,VENGAMEDU ; KARUR,Madurai,10.97712,78.07742
Tamil nadu,593092,Villangudi Bus Stop Madurai,Madurai,9.952821,78.085201
Tamil nadu,508889,VILLAPURAM,Madurai,9.90655,78.1245
Tamil nadu,526380,Vishalakshi Nagar,Madurai,9.9502,78.0874
Tamil nadu,531827,Vittalnaickenpatti,Madurai,10.47923,77.9475
Tamil nadu,508958,WEST PONAGARAM,Madurai,9.928947,78.106141
Tamil nadu,549071,YMR Patti,Madurai,10.36271,77.98236
Tamil nadu,549019, METTILPATTI,Tirunelveli,9.33482,78.08483
Tamil nadu,530109, New Kuthukalvalasai,Tirunelveli,8.97766,77.2785
Tamil nadu,591815,5th Street| Aranthangi,Tirunelveli,10.16344,78.99683
Tamil nadu,549147,Aasaripalayam,Tirunelveli,8.17446,77.38972
Tamil nadu,480163,Kaliappa Nagar,Tirunelveli,9.43733,77.78084
Tamil nadu,509042,ADIKARAVILLAKKU,Tirunelveli,9.58898,78.61273
Tamil nadu,549115,Agastheeswaram,Tirunelveli,8.10028,77.52213
Tamil nadu,575472,Agraharam road,Tirunelveli,9.370012,78.82136
Tamil nadu,587423,Ajeez  Nagar,Tirunelveli,9.516766,78.098689
Tamil nadu,480733,alagappapuram 12,Tirunelveli,8.98592,77.26627
Tamil nadu,577158,Alagapuram,Tirunelveli,10.08419,78.78873
Tamil nadu,583789,Madhan Plastics,Tirunelveli,9.469986,77.776651
Tamil nadu,582995,Alaguneri,Tirunelveli,8.755599,77.71074
Tamil nadu,481005,alangulam 11,Tirunelveli,8.86958,77.4828
Tamil nadu,596619,Alapirandan Aranthangi,Tirunelveli,10.19397,78.98498
Tamil nadu,597925,Maraneri,Tirunelveli,9.44384,77.7422
Tamil nadu,548073,AMARAVATHI_PURAM,Tirunelveli,10.01566,78.76873
Tamil nadu,583580,OPR Nagar,Tirunelveli,9.429399,77.797799
Tamil nadu,583597,Paranaickenpatty,Tirunelveli,9.41209,77.78616
Tamil nadu,547258,Ambasamudram,Tirunelveli,8.70778,77.45556
Tamil nadu,587037,Sathur Mettupatti New,Tirunelveli,9.35327,77.915196
Tamil nadu,589859,Ammanpuram Tiruchendur,Tirunelveli,8.56372,78.06582
Tamil nadu,584509,Sathur Pudupalayam,Tirunelveli,9.344098,77.920831
Tamil nadu,527383,Ammapattinam,Tirunelveli,10.01759,79.22544
Tamil nadu,582765,Anbunagar Extn,Tirunelveli,8.6974,77.74993
Tamil nadu,548869,Andipatti,Tirunelveli,8.87825,77.4565
Tamil nadu,548984,Anjugramam - NH Jn,Tirunelveli,8.14618,77.56982
Tamil nadu,586137,Anna Veedhi Tirunelveli,Tirunelveli,8.70483,77.70421
Tamil nadu,572293,Annanagar,Tirunelveli,8.812763,78.129201
Tamil nadu,549151,Aralvaimozhi 2,Tirunelveli,8.2544,77.52111
Tamil nadu,593721,Aranmanaisiruvayal Kallal,Tirunelveli,9.98908,78.66308
Tamil nadu,508905,ARANTANGI,Tirunelveli,10.16879,78.99701
Tamil nadu,546052,Aranthangi 3,Tirunelveli,10.17219,78.98842
Tamil nadu,548536,Ariyakudi,Tirunelveli,10.04494,78.78406
Tamil nadu,583932,Aroma Nagar,Tirunelveli,8.67076,77.7189
Tamil nadu,508886,ARSAKULAM,Tirunelveli,10.19628,79.101
Tamil nadu,508932,ARUMUGANERI,Tirunelveli,8.568778,78.095583
Tamil nadu,594073,Arunachalam colony Tirunelveli,Tirunelveli,8.720708,77.776011
Tamil nadu,548563,Aruppu Kottai _Sayalkudi_1,Tirunelveli,9.40308,78.26242
Tamil nadu,481637,Aruppukkottai 72,Tirunelveli,9.5331,78.10488
Tamil nadu,547877,Aruppukottai,Tirunelveli,9.50424,78.09715
Tamil nadu,501745,Aruppukottai Near Gh,Tirunelveli,9.502861,78.100361
Tamil nadu,501732,Aruppukottai-new Bus Stand,Tirunelveli,9.51825,78.095194
Tamil nadu,588955,Asirwatham Nagar Nagercoil,Tirunelveli,8.19085,77.41258
Tamil nadu,455000,ATCTYRES,Tirunelveli,8.8379,77.7365
Tamil nadu,547384,Athalakanmai,Tirunelveli,10.06988,78.72146
Tamil nadu,509203,Athinathapuram,Tirunelveli,8.60489,77.92545
Tamil nadu,547876,Sattur,Tirunelveli,9.35799,77.91681
Tamil nadu,596762,Authoor Relocation,Tirunelveli,8.62337,78.06936
Tamil nadu,548862,Avaraikulam_Hw,Tirunelveli,8.23475,77.5797
Tamil nadu,525831,Sithurajapuram,Tirunelveli,9.430083,77.789325
Tamil nadu,508900,AVUDAYAR KOIL,Tirunelveli,10.07299,79.04566
Tamil nadu,577323,Ayansingampatti,Tirunelveli,8.66681,77.44428
Tamil nadu,585001,Azhagiyamandapam Reloaction,Tirunelveli,8.26242,77.29726
Tamil nadu,549137,Azhahiyapandipuram,Tirunelveli,8.29681,77.25694
Tamil nadu,547879,Siva kasi East,Tirunelveli,9.44917,77.81326
Tamil nadu,509215,Azhangamparai,Tirunelveli,8.17853,77.29817
Tamil nadu,582999,"Barathi Nagar, Tirupathur",Tirunelveli,10.11679,78.60427
Tamil nadu,548998,Bathrakaliyamman Kovil Street,Tirunelveli,8.80854,78.14412
Tamil nadu,572297,Beach Road Junction,Tirunelveli,8.16439,77.4328
Tamil nadu,508949,BOOTHAPANDI,Tirunelveli,8.274531,77.44673
Tamil nadu,548995,BRAYANT NAGAR,Tirunelveli,8.78934,78.13103
Tamil nadu,586438,Brayant Nagar West,Tirunelveli,8.791429,78.129736
Tamil nadu,547845,Bus stand-TVLY,Tirunelveli,8.72993,77.71028
Tamil nadu,584507,Sivakasi Mani Nagar,Tirunelveli,9.44059,77.799708
Tamil nadu,509006,C.N.VILLAGE,Tirunelveli,8.722278,77.699194
Tamil nadu,547843,Car Street,Tirunelveli,8.72535,77.68521
Tamil nadu,509054,CGE COLONY,Tirunelveli,8.789806,78.14125
Tamil nadu,509216,Chathancode,Tirunelveli,8.29443,77.14917
Tamil nadu,586772,Sivakasi Nachiyar Puram New,Tirunelveli,9.465339,77.7856
Tamil nadu,587295,Srii Gokul International,Tirunelveli,9.43191,77.7852
Tamil nadu,583586,Thirupathi Nagar New,Tirunelveli,9.462059,77.77105
Tamil nadu,509052,CHENPAKE'S ROAD,Tirunelveli,8.711111,77.738139
Tamil nadu,582747,Cherakulam,Tirunelveli,8.57005,77.817049
Tamil nadu,508947,CHERAN MAHADEVI,Tirunelveli,8.684406,77.56755
Tamil nadu,549035,Chettikulam,Tirunelveli,8.16605,77.644
Tamil nadu,547294,Chettinad,Tirunelveli,10.1713,78.7772
Tamil nadu,577717,Chinna Mayakulam,Tirunelveli,9.23226,78.74651
Tamil nadu,549003,Chockampatti,Tirunelveli,9.12576,77.36113
Tamil nadu,599936,Colachal 2,Tirunelveli,8.17347,77.25623
Tamil nadu,455032,COSTEL ENERGEN 1,Tirunelveli,8.911779,78.14476
Tamil nadu,455033,COSTEL ENERGEN 2,Tirunelveli,8.906949,78.1421
Tamil nadu,509053,CURUSPURAM,Tirunelveli,8.813083,78.155556
Tamil nadu,547394,Cutralam,Tirunelveli,8.935,77.27674
Tamil nadu,584506,Darling Nagar Park,Tirunelveli,8.724968,77.763549
Tamil nadu,455046,DCW 1,Tirunelveli,8.5935,78.0925
Tamil nadu,455045,DCW 2,Tirunelveli,8.5903,78.0886
Tamil nadu,547259,Devakottai,Tirunelveli,9.94604,78.82514
Tamil nadu,549063,Devakottai 2,Tirunelveli,9.93875,78.81887
Tamil nadu,547496,Devakottai PLS Road,Tirunelveli,9.95467,78.82391
Tamil nadu,508962,DEVIPATTINAM,Tirunelveli,9.47327,78.89495
Tamil nadu,481074,Devipattinam 5,Tirunelveli,9.46747,78.89458
Tamil nadu,480585,Devis Puram,Tirunelveli,8.84177,78.14504
Tamil nadu,590547,Dhanakkarkulam3,Tirunelveli,8.232904,77.633517
Tamil nadu,577539,EKAMBARAMPURAM,Tirunelveli,8.70068,77.440346
Tamil nadu,548517,Elanji,Tirunelveli,8.96061,77.28114
Tamil nadu,595042,Elavuvilai Killiyur,Tirunelveli,8.27615,77.21597
Tamil nadu,576327,Eral2,Tirunelveli,8.633625,78.01974
Tamil nadu,549132,Ethamozhi,Tirunelveli,8.12097,77.3891
Tamil nadu,508960,ETTAYAPURAM,Tirunelveli,9.14366,77.98936
Tamil nadu,594393,Ettayapuram Road Tuticorin,Tirunelveli,8.82898,78.12799
Tamil nadu,549042,Ettayapuram-2,Tirunelveli,9.146879,78.001433
Tamil nadu,548066,Ezhudesam,Tirunelveli,8.2726,77.1431
Tamil nadu,584206,Faisal Nagar,Tirunelveli,9.37297,78.835879
Tamil nadu,576147,Fridaymarket,Tirunelveli,8.151764,77.33555
Tamil nadu,521631,Gandhi Nagar New,Tirunelveli,9.50436,78.11071
Tamil nadu,509050,GANDHIJI STREET,Tirunelveli,9.54494,78.5915
Tamil nadu,599832,Vettilaiyurani,Tirunelveli,9.41637,77.81027
Tamil nadu,582994,Gopalasamudram New,Tirunelveli,8.708929,77.64027
Tamil nadu,598363,Gunaramanallur 7,Tirunelveli,8.92069,77.35098
Tamil nadu,589825,Guruvarpatti,Tirunelveli,9.205219,78.145099
Tamil nadu,547828,Harbour - Tuticorin,Tirunelveli,8.74903,78.16708
Tamil nadu,455039,"HARI & CO,",Tirunelveli,8.77292,78.11547
Tamil nadu,590990,Herbo Care New,Tirunelveli,10.09747,78.760189
Tamil nadu,584923,Hindu Temple Panaikudi,Tirunelveli,8.321559,77.573908
Tamil nadu,548999,HITAYAPURAM FOURTH GATE,Tirunelveli,8.8108,78.1335
Tamil nadu,528055,Virudhunagar Etturvattam,Tirunelveli,9.3932,77.91509
Tamil nadu,598383,Ilayangudi5,Tirunelveli,9.63207,78.63341
Tamil nadu,526360,West Car St,Tirunelveli,9.45084,77.79396
Tamil nadu,597563,Indra Nagar,Tirunelveli,8.94509,77.29203
Tamil nadu,548078,Ilupaiyurani rd,Tirunelveli,9.18404,77.88163
Tamil nadu,593884,Iruveli Sayalgudi,Tirunelveli,9.17076,78.43982
Tamil nadu,548910,ITTAMOZHI,Tirunelveli,8.39303,77.8491
Tamil nadu,583931,Jahir Hussain Nagar,Tirunelveli,8.83883,78.15118
Tamil nadu,583579,Kalugumalai New,Tirunelveli,9.16322,77.84742
Tamil nadu,455009,JAYAVILAS ARK,Tirunelveli,9.500593,78.19095
Tamil nadu,587163,Jtel Internet,Tirunelveli,8.312919,77.224111
Tamil nadu,584565,Kovil Patty Annai Theresa Nagar,Tirunelveli,9.16165,77.86662
Tamil nadu,509205,Kachanvillai,Tirunelveli,8.573306,78.015778
Tamil nadu,547528,Kadayam Perumpattu,Tirunelveli,8.86191,77.35129
Tamil nadu,547841,Kadayanallur,Tirunelveli,9.08799,77.34792
Tamil nadu,549056,Kadayanallur2,Tirunelveli,9.08418,77.34728
Tamil nadu,576320,Kadayanllur3,Tirunelveli,9.08146,77.35009
Tamil nadu,547851,Kalakkad,Tirunelveli,8.51449,77.55669
Tamil nadu,547839,Kovilpatti,Tirunelveli,9.17021,77.86972
Tamil nadu,548143,Kaliyakkavilai,Tirunelveli,8.33385,77.1722
Tamil nadu,595254,Kalkulam Kanniyakumari,Tirunelveli,8.30615,77.28703
Tamil nadu,547847,Kalladaikurichi,Tirunelveli,8.68507,77.46194
Tamil nadu,547426,Kalladaikurichi 2,Tirunelveli,8.68205,77.47104
Tamil nadu,594177,Kallurani Tenkasi,Tirunelveli,8.906262,77.35826
Tamil nadu,548902,Kovilpatti_Urban_001,Tirunelveli,9.1862,77.8857
Tamil nadu,548079,Lakshmipuram,Tirunelveli,9.17185,77.85836
Tamil nadu,548080,Near Bus stand,Tirunelveli,9.17856,77.86976
Tamil nadu,577025,Kamaraj Nagar,Tirunelveli,9.52729,78.10552
Tamil nadu,509166,KAMARAJ NAGAR,Tirunelveli,8.831556,78.13925
Tamil nadu,529247,Kambaneri,Tirunelveli,9.069679,77.378343
Tamil nadu,548894,Kamuthi_R,Tirunelveli,9.41646,78.36408
Tamil nadu,549140,Kanchirakode,Tirunelveli,8.30152,77.23571
Tamil nadu,590675,Kandamangalam Tenkasi,Tirunelveli,8.921654,77.33905
Tamil nadu,548067,Kandanvillai,Tirunelveli,8.20618,77.33773
Tamil nadu,586962,Kandasamypuram,Tirunelveli,8.79082,78.117409
Tamil nadu,547832,Kanishlam Pudur,Tirunelveli,8.55201,78.06948
Tamil nadu,549141,Kaniyakumari 3,Tirunelveli,8.09832,77.5452
Tamil nadu,599824,Kanjampuram Ezhudesam,Tirunelveli,8.28018,77.15935
Tamil nadu,548551,Kannirajapuram,Tirunelveli,9.12274,78.41715
Tamil nadu,581204,Kanyakumari Govt Med College,Tirunelveli,8.17382,77.39646
Tamil nadu,586626,Karaikudi Subramaniyapuram,Tirunelveli,10.08359,78.78288
Tamil nadu,548051,Karaikudi-1,Tirunelveli,10.07381,78.77326
Tamil nadu,548075,Karaikudi-4,Tirunelveli,10.0599,78.7724
Tamil nadu,509027,KARAIYUR,Tirunelveli,10.13717,78.56976
Tamil nadu,508929,KARIAPATTI,Tirunelveli,9.67579,78.10237
Tamil nadu,598240,Kariapatti (TP),Tirunelveli,9.6767,78.10602
Tamil nadu,595256,Puthukiramam Kovilpatti,Tirunelveli,9.17935,77.88751
Tamil nadu,549149,Kattuvalai,Tirunelveli,8.29122,77.2711
Tamil nadu,598073,Kayalpattinam 11,Tirunelveli,8.57493,78.12926
Tamil nadu,548872,Kayamali Road,Tirunelveli,8.485979,78.04662
Tamil nadu,547516,KAYAMOZHI,Tirunelveli,8.50815,78.04484
Tamil nadu,548083,kayathar,Tirunelveli,8.9479,77.77991
Tamil nadu,481010,Keela Earmalpuram 2,Tirunelveli,8.67449,77.42694
Tamil nadu,548898,Keelachevalpatti_R,Tirunelveli,10.17944,78.66444
Tamil nadu,577023,Keelakarai Addl 1,Tirunelveli,9.23728,78.79271
Tamil nadu,549049,Keezhapavur (TP),Tirunelveli,8.89124,77.42157
Tamil nadu,598415,Keezhapavur 2,Tirunelveli,8.9091,77.39523
Tamil nadu,547358,Kilakarai,Tirunelveli,9.23208,78.78486
Tamil nadu,481587,Kilakarai New,Tirunelveli,9.23167,78.78058
Tamil nadu,481904,Kilaseval Patti 2,Tirunelveli,10.18658,78.66459
Tamil nadu,548985,KODIMUNAI,Tirunelveli,8.17897,77.23869
Tamil nadu,509056,KOKKARAKULAM,Tirunelveli,8.724062,77.714621
Tamil nadu,549133,Kollangodu,Tirunelveli,8.29813,77.1178
Tamil nadu,548951,Kollengonde 2,Tirunelveli,8.3112,77.1256
Tamil nadu,548908,Villiseri,Tirunelveli,9.06422,77.79775
Tamil nadu,547844,Konganathan parai (Repeater Site ),Tirunelveli,8.63751,77.71896
Tamil nadu,598868,Koomapatty,Tirunelveli,9.64879,77.5996
Tamil nadu,548966,Koondankulam,Tirunelveli,8.192948,77.708554
Tamil nadu,547868,KOOTHAMPULI,Tirunelveli,8.7236,78.06526
Tamil nadu,481162,Korampallam 2,Tirunelveli,8.78246,78.08635
Tamil nadu,583837,Kottai amman Temple,Tirunelveli,9.94239,78.82388
Tamil nadu,594511,Kottaiyur Karaikudi,Tirunelveli,10.11075,78.78876
Tamil nadu,548926,NH_RJP_001,Tirunelveli,9.55825,77.6918
Tamil nadu,548925,NH_TMG_002,Tirunelveli,9.64636,77.78271
Tamil nadu,481018,Panduthanpatti 2,Tirunelveli,9.48621,77.67335
Tamil nadu,548071,krishnan kovil,Tirunelveli,8.19354,77.42668
Tamil nadu,574805,Krishnapuram,Tirunelveli,9.09266,77.34814
Tamil nadu,592587,Krishnapuram Tirunelveli,Tirunelveli,8.68601,77.803749
Tamil nadu,508963,KTC COLONY,Tirunelveli,8.713972,77.77325
Tamil nadu,591441,KTC Nagar Thoothukkudi,Tirunelveli,8.821389,78.135768
Tamil nadu,508948,KULACHAL,Tirunelveli,8.179083,77.256111
Tamil nadu,480619,Kulachal 4,Tirunelveli,8.17381,77.26457
Tamil nadu,547831,Kulasekarapattanam,Tirunelveli,8.40168,78.05414
Tamil nadu,508936,KULASEKHARAM,Tirunelveli,8.3592,77.29002
Tamil nadu,548967,Kulithurai road,Tirunelveli,8.31024,77.21145
Tamil nadu,547433,KulKottai,Tirunelveli,8.86349,77.82082
Tamil nadu,548957,Kullu Vallai,Tirunelveli,8.13564,77.4517
Tamil nadu,547836,KUMBIKULAM,Tirunelveli,8.34129,77.7357
Tamil nadu,588972,Kunnathoor Kanniyakumari,Tirunelveli,8.273453,77.184929
Tamil nadu,547128,Kuzhithurai,Tirunelveli,8.31972,77.20701
Tamil nadu,598088,Kuzhithurai 2,Tirunelveli,8.36741,77.18143
Tamil nadu,549116,Kuzhithurai 2,Tirunelveli,8.3136,77.19829
Tamil nadu,527056,S.Ramachandrapuram,Tirunelveli,9.60018,77.67695
Tamil nadu,547414,Law College,Tirunelveli,8.71965,77.7591
Tamil nadu,594855,Link Road Palappallam,Tirunelveli,8.21725,77.2544
Tamil nadu,547884,Srivilliputhur,Tirunelveli,9.51632,77.63174
Tamil nadu,522065,Madhina Nagar ,Tirunelveli,9.08956,77.34112
Tamil nadu,586069,Magilchi Vinayagar Koil,Tirunelveli,8.683086,77.73928
Tamil nadu,583021,Mahilchi Nagar New,Tirunelveli,8.67976,77.7372
Tamil nadu,572294,Main Bazar,Tirunelveli,8.81305,78.1483
Tamil nadu,594519,Main Road Lalakudiyiruppu,Tirunelveli,8.99826,77.22025
Tamil nadu,594299,Manali Road Thakkalai,Tirunelveli,8.25328,77.31227
Tamil nadu,577034,Thangam Lodge,Tirunelveli,9.51428,77.63092
Tamil nadu,596698,Manamelkudi Road Aranthangi,Tirunelveli,10.16235,78.98777
Tamil nadu,547903,UW_TN_W_2293_ car st-Sri Valliputhur,Tirunelveli,9.51068,77.63244
Tamil nadu,586066,Maravan Kuduiyeruppu,Tirunelveli,8.154472,77.428111
Tamil nadu,598320,Maravankudiyeruppu Relocation,Tirunelveli,8.153515,77.41909
Tamil nadu,548535,Mariyur,Tirunelveli,9.14944,78.53656
Tamil nadu,547223,Marthandam Bus stand,Tirunelveli,8.30234,77.2232
Tamil nadu,587536,Marthandam Relocation,Tirunelveli,8.306936,77.22387
Tamil nadu,547427,Maruthamputhur,Tirunelveli,8.83089,77.51377
Tamil nadu,547434,Mattalamparai,Tirunelveli,8.90783,77.33173
Tamil nadu,576054,Mayakulam,Tirunelveli,9.23292,78.752077
Tamil nadu,577380,Mayamankurichi,Tirunelveli,8.8838,77.50613
Tamil nadu,480824,MAYAMANKURICHI-2,Tirunelveli,8.90818,77.49549
Tamil nadu,500296,Meerankulam,Tirunelveli,8.555028,77.859417
Tamil nadu,548876,Mel Nalanthula,Tirunelveli,8.48074,78.02025
Tamil nadu,549054,Mela Authoor,Tirunelveli,8.61246,78.063604
Tamil nadu,597482,Mela Bazar Road Pathamadai,Tirunelveli,8.67023,77.59203
Tamil nadu,509063,MELA MEYANA PURAM,Tirunelveli,8.933664,77.342884
Tamil nadu,509030,MELAAYAKUDI,Tirunelveli,9.51164,78.57148
Tamil nadu,584920,Melachathiram,Tirunelveli,9.53991,78.58628
Tamil nadu,585551,Melagaram,Tirunelveli,8.953154,77.300816
Tamil nadu,594523,Mettukudiyeruppu Anjugrammam,Tirunelveli,8.14151,77.56618
Tamil nadu,548962,MG Auditorium,Tirunelveli,8.2663,77.28902
Tamil nadu,549138,Monday market,Tirunelveli,8.20189,77.30328
Tamil nadu,549044,Moolachal,Tirunelveli,8.25805,77.30404
Tamil nadu,530646,Moolakothalam HB New,Tirunelveli,9.36754,78.82281
Tamil nadu,481416,Mullai Nagar,Tirunelveli,8.82368,78.14685
Tamil nadu,586497,Mullakadu ,Tirunelveli,8.728961,78.121299
Tamil nadu,595473,Mulluvilai Road Palappallam,Tirunelveli,8.2521,77.184467
Tamil nadu,548974,Munanjipatti,Tirunelveli,8.51893,77.79885
Tamil nadu,549043,Munchirai,Tirunelveli,8.28542,77.17664
Tamil nadu,548537,Mupandhal RW,Tirunelveli,8.26163,77.54873
Tamil nadu,584205,Mustafa food,Tirunelveli,9.36085,78.85268
Tamil nadu,480272,Muthammal Colony,Tirunelveli,8.81688,78.1244
Tamil nadu,527172,Muthirakurichi,Tirunelveli,8.234371,77.311947
Tamil nadu,668759,MUTHUKALATHUR POST Relocation,Tirunelveli,9.34782,78.51532
Tamil nadu,585721,Muthupattinam New,Tirunelveli,10.07311,78.76332
Tamil nadu,530396,Muthur Reddiarpatti,Tirunelveli,8.66266,77.71869
Tamil nadu,549022,Muthuraman Theru,Tirunelveli,10.07216,78.7678
Tamil nadu,583517,Muthusamy puram New,Tirunelveli,9.36147,78.02694
Tamil nadu,577041,Nadar St,Tirunelveli,8.81017,78.1546
Tamil nadu,500307,Nagachi,Tirunelveli,9.32097,78.99658
Tamil nadu,597923,Ammaiyappapuram,Tirunelveli,9.38987,77.50923
Tamil nadu,548981,Nagaladi,Tirunelveli,8.70161,77.44938
Tamil nadu,548062,Nagarcoil-5,Tirunelveli,8.16054,77.42678
Tamil nadu,509029,NAINAR STREET,Tirunelveli,8.569111,78.126639
Tamil nadu,526106,Nandagopalapuram Rd,Tirunelveli,8.8125,78.14381
Tamil nadu,508990,NANGUNERI,Tirunelveli,8.490139,77.661972
Tamil nadu,547890,Chatrapatti,Tirunelveli,9.4168,77.60097
Tamil nadu,547872,NARIKUDI (FPO),Tirunelveli,9.58799,78.30667
Tamil nadu,508933,NAZARET,Tirunelveli,8.559465,77.97289
Tamil nadu,547421,Nazerath 2,Tirunelveli,8.55363,77.96994
Tamil nadu,547204,Nazerath 3,Tirunelveli,8.56764,77.9825
Tamil nadu,589246,Near Bank of India Nagercoil,Tirunelveli,8.178811,77.420393
Tamil nadu,593663,Near BPCL Vilathikulam,Tirunelveli,9.130208,78.16146
Tamil nadu,594070,Near Co|op Bank Keeramangalam,Tirunelveli,10.286619,79.0985
Tamil nadu,592052,Near Lakshminarayana Koil,Tirunelveli,8.76289,77.74149
Tamil nadu,582992,Near MDT College,Tirunelveli,8.72552,77.647413
Tamil nadu,547233,Near Padhara Kudi,Tirunelveli,10.077067,78.745946
Tamil nadu,547888,Near Ramalinga Mills - SH 42,Tirunelveli,9.49829,78.12595
Tamil nadu,548924,Near Tiruppalaikkudi,Tirunelveli,9.56433,78.8615
Tamil nadu,586766,Chatrapatti Rajapalayam,Tirunelveli,9.418669,77.6019
Tamil nadu,547429,Nettur road,Tirunelveli,8.86903,77.50381
Tamil nadu,481331,Nettur-2,Tirunelveli,8.91585,77.53221
Tamil nadu,598366,Cholapuram3,Tirunelveli,9.38586,77.54572
Tamil nadu,530110,New Kilakadayam,Tirunelveli,8.838461,77.384883
Tamil nadu,592108,New Kulapuram Bus Stop Kanniyakumari,Tirunelveli,8.31569,77.14435
Tamil nadu,598365,Kaalavaasal 2,Tirunelveli,9.37971,77.66102
Tamil nadu,547826,NGO Colony,Tirunelveli,8.79931,78.13292
Tamil nadu,587214,NGO colony 1,Tirunelveli,8.69238,77.737
Tamil nadu,595738,Ngo Colony|Nellai Relocation,Tirunelveli,8.68761,77.73706
Tamil nadu,595724,NH 32 Ramanathapuram,Tirunelveli,9.37162,78.86531
Tamil nadu,548923,NH_DVK_001,Tirunelveli,9.86903,78.8508
Tamil nadu,547882,PSK Nagar,Tirunelveli,9.43528,77.56465
Tamil nadu,548882,PSK nagar,Tirunelveli,9.43758,77.5654
Tamil nadu,548917,NH_TUT_001,Tirunelveli,8.90108,78.10474
Tamil nadu,549139,North street,Tirunelveli,8.31665,77.223
Tamil nadu,547234,Pudupalayam,Tirunelveli,9.42629,77.5778
Tamil nadu,548557,Ottangadu,Tirunelveli,8.418769,78.018988
Tamil nadu,508966,OTTAPIDARAM,Tirunelveli,8.913278,78.021111
Tamil nadu,577042,P&T Colony,Tirunelveli,8.7997,78.11276
Tamil nadu,509055,P.N.T.COLONY,Tirunelveli,8.792028,78.111806
Tamil nadu,592755,Painkulam Vilavancode,Tirunelveli,8.250122,77.174317
Tamil nadu,591905,Palakkal Pudhu kudi Ambasamudram,Tirunelveli,8.747979,77.45949
Tamil nadu,547413,Palayamkottai,Tirunelveli,8.70382,77.73097
Tamil nadu,548262,Palayamkottai,Tirunelveli,8.71421,77.73303
Tamil nadu,548915,Palayampatti,Tirunelveli,9.38438,78.1046
Tamil nadu,586767,Palayampatti New,Tirunelveli,9.529688,78.100832
Tamil nadu,547218,Pallathur,Tirunelveli,10.14666,78.8004
Tamil nadu,548968,Pallayadi,Tirunelveli,8.269187,77.25117
Tamil nadu,547364,Panaikulam (Repeater Site ),Tirunelveli,9.36674,78.9486
Tamil nadu,547842,Panakudi (Repeater Site ),Tirunelveli,8.32131,77.5797
Tamil nadu,589259,Panavilai Kanniyakumari,Tirunelveli,8.18394,77.24754
Tamil nadu,508967,PANCHALAKURICHI,Tirunelveli,8.933417,78.037417
Tamil nadu,587298,Pandagasalai,Tirunelveli,8.708375,77.752717
Tamil nadu,508968,PANDALKUDI,Tirunelveli,9.39209,78.10591
Tamil nadu,508961,RAJAPALAYAM,Tirunelveli,9.44175,77.560222
Tamil nadu,549052,Samusigapuram,Tirunelveli,9.40384,77.57767
Tamil nadu,548904,Parakkai Junction,Tirunelveli,8.16007,77.44119
Tamil nadu,575934,Paramakudi,Tirunelveli,9.543,78.59339
Tamil nadu,547356,Paramakudi,Tirunelveli,9.53924,78.59389
Tamil nadu,547365,Paramakudi 2,Tirunelveli,9.54817,78.5836
Tamil nadu,583725,Sanjive Malai,Tirunelveli,9.436669,77.570876
Tamil nadu,587704,Parasuramapuram,Tirunelveli,9.081185,77.347539
Tamil nadu,597812,Paravakkottai Aranthangi,Tirunelveli,10.25829,79.02325
Tamil nadu,591058,Pasukidaivilai Vickramasingapuram,Tirunelveli,8.720374,77.384527
Tamil nadu,592380,Pechiparai Road Thirunanthikarai,Tirunelveli,8.391157,77.297671
Tamil nadu,589858,Periakulam,Tirunelveli,9.14141,78.5854
Tamil nadu,547858,Periya pallivasal Road,Tirunelveli,9.08136,77.35453
Tamil nadu,548069,Periyar nagar.,Tirunelveli,8.08187,77.54892
Tamil nadu,547345,Perumalpuram,Tirunelveli,8.70068,77.7428
Tamil nadu,502090,Perungarai,Tirunelveli,9.589972,78.50653
Tamil nadu,547852,Perungudi,Tirunelveli,8.27748,77.5841
Tamil nadu,548990,Pettai,Tirunelveli,8.7401,77.6638
Tamil nadu,547867,PICHIVILLAI,Tirunelveli,8.47704,78.0668
Tamil nadu,531052,Pillaivillai,Tirunelveli,8.50628,77.9735
Tamil nadu,598087,Pillaiyarkulam,Tirunelveli,9.72722,78.20701
Tamil nadu,598103,Pitchivilai|,Tirunelveli,8.47288,78.07382
Tamil nadu,593670,Play Ground Pallathur,Tirunelveli,10.15163,78.80486
Tamil nadu,509059,PLEASANT NAGAR,Tirunelveli,8.186694,77.409833
Tamil nadu,528477,Ponbethi-Tanjur,Tirunelveli,9.95587,79.08739
Tamil nadu,583583,Poon Nagar,Tirunelveli,10.0648,78.7985
Tamil nadu,548954,Poviyoor,Tirunelveli,8.11685,77.49292
Tamil nadu,598082,Solaiseri3,Tirunelveli,9.34399,77.55137
Tamil nadu,547901,UW_TN_W_1913_sature,Tirunelveli,9.40521,77.48183
Tamil nadu,509062,PSN COLLEGE OF ENGINEERING,Tirunelveli,8.639528,77.640667
Tamil nadu,582740,"Pudhu Nagar, Paramakudi",Tirunelveli,9.55501,78.592699
Tamil nadu,501786,Vadakarai,Tirunelveli,9.335579,77.622454
Tamil nadu,593369,Pudur Ilayangudi,Tirunelveli,9.64473,78.628506
Tamil nadu,531438,PUDUVAYAL,Tirunelveli,10.10153,78.84578
Tamil nadu,480586,Pulierranghy,Tirunelveli,8.34705,77.27981
Tamil nadu,480969,Vadakarai2,Tirunelveli,9.3453,77.63915
Tamil nadu,548871,Viswanathaperi,Tirunelveli,9.33275,77.44981
Tamil nadu,548864,Achampatti,Tirunelveli,9.03453,77.6605
Tamil nadu,480741,Athurallipallam 2,Tirunelveli,9.26671,77.40865
Tamil nadu,481024,Puliyangulam 2,Tirunelveli,9.50278,78.15398
Tamil nadu,594839,Punitha Valanar Alayam Thangachimadam,Tirunelveli,9.28794,79.24937
Tamil nadu,596618,Azhakunatchiyapuram New,Tirunelveli,9.14315,77.63096
Tamil nadu,547372,Puttikdal,Tirunelveli,9.70152,78.88669
Tamil nadu,598867,R S Mangalam 3,Tirunelveli,9.63835,78.84032
Tamil nadu,521719,Geethalaya Theatre,Tirunelveli,9.18662,77.53735
Tamil nadu,508964,RADHAPURAM,Tirunelveli,8.26355,77.68546
Tamil nadu,480251,Raghunathapuram relocation,Tirunelveli,9.29921,78.92236
Tamil nadu,586916,Rahmaniapuram,Tirunelveli,9.0897,77.344799
Tamil nadu,528756,Railway Road Arupukottai,Tirunelveli,9.51824,78.10419
Tamil nadu,525438,Jaisri Textiles,Tirunelveli,9.17814,77.54333
Tamil nadu,547862,Kalugumalai 2,Tirunelveli,9.15279,77.70901
Tamil nadu,509023,RAJIV NAGAR,Tirunelveli,9.5275,78.095722
Tamil nadu,548952,Ram Nagar,Tirunelveli,9.95921,78.81121
Tamil nadu,547829,Ramachiyapuram,Tirunelveli,8.78319,78.09285
Tamil nadu,480745,manalur 2,Tirunelveli,9.22634,77.55472
Tamil nadu,547357,Ramanathapuram,Tirunelveli,9.37368,78.82993
Tamil nadu,527911,Ramanathapuram New,Tirunelveli,9.55004,78.60083
Tamil nadu,549039,Ramanpudur,Tirunelveli,8.16597,77.42368
Tamil nadu,547859,Ramayanpatti Road,Tirunelveli,8.74805,77.70354
Tamil nadu,523066,Rameshwaram,Tirunelveli,9.28342,79.29721
Tamil nadu,547366,Rameshwaram 2,Tirunelveli,9.27683,79.31064
Tamil nadu,590559,Ranasingapuram Tirupathur,Tirunelveli,10.09793,78.5824
Tamil nadu,577039,Ravanasamudram,Tirunelveli,8.80022,77.37634
Tamil nadu,547361,RS Mangalam,Tirunelveli,9.63493,78.848
Tamil nadu,594160,S Main Road Tirunelveli,Tirunelveli,8.68764,77.74092
Tamil nadu,548870,Naranapuram,Tirunelveli,9.25741,77.42696
Tamil nadu,509007,SAMAYAPALLIVASAL STREET,Tirunelveli,8.72125,77.736722
Tamil nadu,481076,Puliyangudi 12,Tirunelveli,9.17619,77.40215
Tamil nadu,596410,Sanganapuram T|Karungulam,Tirunelveli,8.18673,77.59835
Tamil nadu,599100,Puliyangudi 18,Tirunelveli,9.18335,77.39118
Tamil nadu,599773,Puliyangudi 22,Tirunelveli,9.17681,77.38975
Tamil nadu,599933,Puliyangudi 33,Tirunelveli,9.16241,77.39382
Tamil nadu,509009,R.S.K.P ROAD,Tirunelveli,9.180556,77.395778
Tamil nadu,547423,Sankarnagar 2,Tirunelveli,8.79501,77.7182
Tamil nadu,547506,sankarnagar to east,Tirunelveli,8.77832,77.71867
Tamil nadu,583987,Sannmarga Sangam,Tirunelveli,9.954049,78.83063
Tamil nadu,508935,SANTHANKULAM,Tirunelveli,8.446724,77.91327
Tamil nadu,509014,SANGUPURAM,Tirunelveli,9.175203,77.532403
Tamil nadu,547436,Sathankulam,Tirunelveli,8.44333,77.9116
Tamil nadu,547848,Sankaran koil,Tirunelveli,9.17382,77.53347
Tamil nadu,547420,Sankarankovil 2,Tirunelveli,9.17092,77.54088
Tamil nadu,480440,Sathya Tecnosoft,Tirunelveli,8.73974,78.03725
Tamil nadu,480746,Vagaikulam 2,Tirunelveli,9.16221,77.65114
Tamil nadu,455047,VEERACHAMY COLLEGE,Tirunelveli,9.1775,77.4243
Tamil nadu,547354,SAYALKUDI,Tirunelveli,9.16764,78.4509
Tamil nadu,547830,SB Colony_tuticorin,Tirunelveli,8.81861,78.14299
Tamil nadu,547869,SEBATHAIYAPURAM,Tirunelveli,8.68306,78.04556
Tamil nadu,548863,Seethaparpanallur_Hw,Tirunelveli,8.78904,77.606
Tamil nadu,548996,Seevalaperi,Tirunelveli,8.79238,77.8103
Tamil nadu,583941,Selvamarthur,Tirunelveli,8.335247,77.858645
Tamil nadu,597927,Semmarikulam,Tirunelveli,8.46163,78.03707
Tamil nadu,480832,Vellayanaikottai 2,Tirunelveli,9.21894,77.4138
Tamil nadu,585840,Senjai Karaikudi,Tirunelveli,10.05301,78.76815
Tamil nadu,595786,Senthuran Nagar Nagercoil,Tirunelveli,8.16763,77.43772
Tamil nadu,597928,Servaikaranmadam,Tirunelveli,8.70553,78.05346
Tamil nadu,548988,Shanti Nagar,Tirunelveli,8.72794,77.75419
Tamil nadu,548994,SHIVARAJAPURAM,Tirunelveli,8.76266,77.64168
Tamil nadu,549078,Simon Nagar,Tirunelveli,8.17931,77.41208
Tamil nadu,596608,Simon Nagar Ramayanpatti,Tirunelveli,8.76835,77.68457
Tamil nadu,575467,Simon nagar temple,Tirunelveli,8.173276,77.414311
Tamil nadu,521254,Site -1  ,Tirunelveli,8.71024,77.72818
Tamil nadu,526649,Alagarsamy Street,Tirunelveli,9.5895,77.95644
Tamil nadu,593314,Sithirai thotta Sambavar Vadagarai,Tirunelveli,9.00041,77.389841
Tamil nadu,481638,Allampatti,Tirunelveli,9.56466,77.96342
Tamil nadu,577447,Kamaraj Nagar,Tirunelveli,9.57876,77.95853
Tamil nadu,500312,Kasireddiyapatti,Tirunelveli,9.51528,77.94272
Tamil nadu,547522,Nagakada bazar,Tirunelveli,9.58543,77.95549
Tamil nadu,481639,Pandian Nagar 1,Tirunelveli,9.5998,77.97021
Tamil nadu,598270,Sivanthipuram 3,Tirunelveli,8.709,77.41596
Tamil nadu,584155,SMSV Boys High School,Tirunelveli,10.06267,78.76884
Tamil nadu,547887,Ramamoorthy road,Tirunelveli,9.58601,77.96434
Tamil nadu,586919,Somanathapuram Road New,Tirunelveli,9.56099,78.56658
Tamil nadu,598417,Sornapuram Mettu Street,Tirunelveli,8.9594,77.3226
Tamil nadu,548991,South Balabaghya Street,Tirunelveli,8.7399,77.71134
Tamil nadu,547827,SPIC Nagar,Tirunelveli,8.73861,78.1209
Tamil nadu,525373,Spic Nagar,Tirunelveli,8.742582,78.130557
Tamil nadu,508934,SRI VAIKUNDAM,Tirunelveli,8.63028,77.91022
Tamil nadu,547905,UW_TN_W_1439_ROSALPATTY,Tirunelveli,9.58471,77.97427
Tamil nadu,547891,UW_TN_W_1441_Sriman Narayanamadam Panickar Trust,Tirunelveli,9.58098,77.95385
Tamil nadu,586810,Subbaiahpuram,Tirunelveli,8.79664,78.13727
Tamil nadu,581832,Sungakadai Relocation,Tirunelveli,8.19644,77.39403
Tamil nadu,577048,Surandai North,Tirunelveli,8.98337,77.42426
Tamil nadu,549136,Suseendaram,Tirunelveli,8.15583,77.46618
Tamil nadu,549144,Susindram Y junction (NH 47),Tirunelveli,8.152855,77.478879
Tamil nadu,525396,Tanjore-Singavanam,Tirunelveli,10.096754,79.178585
Tamil nadu,547849,Tenkasi,Tirunelveli,8.9584,77.30965
Tamil nadu,598557,Tenkasi 25,Tirunelveli,8.96306,77.30297
Tamil nadu,549077,Thakkali,Tirunelveli,8.24318,77.31754
Tamil nadu,599775,Thalavaipuram|SimonNagar,Tirunelveli,8.16773,77.42038
Tamil nadu,584935,VHNSN college,Tirunelveli,9.57531,77.96986
Tamil nadu,547360,Thankatchimadam,Tirunelveli,9.285071,79.25142
Tamil nadu,577243,Thassim Beebi Colleg,Tirunelveli,9.24609,78.78015
Tamil nadu,598314,Thatchavayal,Tirunelveli,9.95889,78.83228
Tamil nadu,572245,Thayagaraja nagar,Tirunelveli,8.710369,77.76642
Tamil nadu,548556,Thennama Nagar,Tirunelveli,10.104,78.60058
Tamil nadu,548558,Therakalpudur,Tirunelveli,8.19969,77.4526
Tamil nadu,598426,Therku Kallidaikurichi,Tirunelveli,8.652,77.48636
Tamil nadu,574806,Thimmarajapuram,Tirunelveli,8.734781,77.750815
Tamil nadu,576153,Thirikoodapuram,Tirunelveli,9.123386,77.355486
Tamil nadu,547850,Thiruchendur,Tirunelveli,8.49958,78.11722
Tamil nadu,547412,Thiruchendur Rd,Tirunelveli,8.72688,77.73569
Tamil nadu,571116,Thirumalai nagar,Tirunelveli,8.69819,77.756
Tamil nadu,526800,Virudhanagar Railway Station,Tirunelveli,9.59134,77.96071
Tamil nadu,547875,Virudhunagar,Tirunelveli,9.59375,77.95486
Tamil nadu,585844,Virudhunagar Annai Nagar,Tirunelveli,9.566041,77.981237
Tamil nadu,586139,Virudhunagar Compost Road,Tirunelveli,9.57281,77.9594
Tamil nadu,586437,Virudhunagar Hanuman Nagar,Tirunelveli,9.570999,77.96318
Tamil nadu,548072,THONDI,Tirunelveli,9.74736,79.0214
Tamil nadu,586147,Virudhunagar Pandian Nagar,Tirunelveli,9.59528,77.9686
Tamil nadu,548897,Virudhunagar-2,Tirunelveli,9.585938,77.951476
Tamil nadu,508931,THUTHUKUDIÂ Â Â Â Â Â Â Â Â ,Tirunelveli,8.800361,78.088944
Tamil nadu,480583,Tirparapu 5,Tirunelveli,8.38373,77.28375
Tamil nadu,529893,Tirunelveli Bypass,Tirunelveli,8.6748,77.74448
Tamil nadu,547379,Tirupattur (karaikudi),Tirunelveli,10.1122,78.6057
Tamil nadu,586431,TSMO Nagar,Tirunelveli,8.707519,77.72267
Tamil nadu,548893,Ambalapul,Tirunelveli,9.44527,77.5528
Tamil nadu,584505,Tuticorin FCI,Tirunelveli,8.786746,78.111717
Tamil nadu,455284,Tuticorin Port,Tirunelveli,8.74808,78.21651
Tamil nadu,509217,Uthirancode,Tirunelveli,8.35963,77.22141
Tamil nadu,501743,Ambalapuli Bazar,Tirunelveli,9.447528,77.555972
Tamil nadu,586760,Avarampatti Rajapalayam,Tirunelveli,9.465394,77.554628
Tamil nadu,547371,UW_TN_W_0018_KOORISAATHA TEMPLE,Tirunelveli,9.36663,78.82778
Tamil nadu,547314,UW_TN_W_0026_Vikramasingapuram 4,Tirunelveli,8.71165,77.39425
Tamil nadu,547244,UW_TN_W_1435_Aruppukottai,Tirunelveli,9.51067,78.09795
Tamil nadu,547906,UW_TN_W_1436_rajiv nagar,Tirunelveli,9.52879,78.0973
Tamil nadu,509025,BY PASS ROAD,Tirunelveli,9.50583,77.63167
Tamil nadu,509028,IDAYA POTTAL STREET,Tirunelveli,9.51724,77.62816
Tamil nadu,583726,INTUC Nagar,Tirunelveli,9.431904,77.558966
Tamil nadu,584024,Kongalapuram,Tirunelveli,9.45374,77.565569
Tamil nadu,548856,New Bus stand,Tirunelveli,9.45353,77.5542
Tamil nadu,509031,NGO COLONY,Tirunelveli,9.50899,77.63772
Tamil nadu,598559,Rajapalayam New,Tirunelveli,9.4711,77.60471
Tamil nadu,547526,UW_TN_W_2065_sithalakundu,Tirunelveli,9.5092,78.17957
Tamil nadu,583792,Saravana Tex,Tirunelveli,9.478819,77.581369
Tamil nadu,586637,Thoppupatti Rajapalayam ,Tirunelveli,9.44318,77.55169
Tamil nadu,548560,Thottiapatti Road,Tirunelveli,9.470251,77.571649
Tamil nadu,480498,Vadakattuppatti 2,Tirunelveli,10.18396,78.88695
Tamil nadu,587751,Vadakkankulam Relocation,Tirunelveli,8.26196,77.607199
Tamil nadu,582766,"Vadakku Ilanthaikulam, Karungulam",Tirunelveli,8.986689,77.76508
Tamil nadu,548979,Vadakku Karukurichi,Tirunelveli,8.68241,77.54235
Tamil nadu,589248,Vadakoor Aralvaimozhi,Tirunelveli,8.2575,77.52249
Tamil nadu,577321,Ammapatti,Tirunelveli,9.46234,77.90746
Tamil nadu,549040,Vadasery-Nagercoil.,Tirunelveli,8.19361,77.43299
Tamil nadu,548565,Nehru Rastha Road,Tirunelveli,9.45399,77.79737
Tamil nadu,594175,Vaithilingapuram Tenkasi,Tirunelveli,8.878,77.381
Tamil nadu,595721,Vallam Tirunelveli,Tirunelveli,8.9707,77.26214
Tamil nadu,547373,valliur to east,Tirunelveli,8.39521,77.61371
Tamil nadu,549216,Valliyur,Tirunelveli,8.38375,77.61458
Tamil nadu,547035,Valliyur,Tirunelveli,8.38195,77.60877
Tamil nadu,585903,Varasithi Vinayagar Temple,Tirunelveli,8.70791,77.71073
Tamil nadu,575471,Vasanth Palace road,Tirunelveli,9.368305,78.846085
Tamil nadu,547376,Vasavi Mahal -Near BSNL,Tirunelveli,10.06347,78.76681
Tamil nadu,549038,Vasavi Mahal to east,Tirunelveli,10.06743,78.76702
Tamil nadu,589257,Vattakkarai Nagercoil,Tirunelveli,8.162074,77.42294
Tamil nadu,547435,Vedadri Nagar,Tirunelveli,8.72645,77.6757
Tamil nadu,547363,Vedalai (Repeater Site ),Tirunelveli,9.2725,79.1081
Tamil nadu,599096,Sathyamoorthy House,Tirunelveli,9.48204,77.79878
Tamil nadu,590868,Veerapandianpattinam New,Tirunelveli,8.5192,78.112699
Tamil nadu,530521,Veerapandiyapattinam,Tirunelveli,8.5451,78.10339
Tamil nadu,594124,Veerapuli Kulasekaram,Tirunelveli,8.36808,77.29817
Tamil nadu,586430,"Velavar Colony, Tirunelveli",Tirunelveli,8.702157,77.757358
Tamil nadu,583588,Velipattinam,Tirunelveli,9.37352,78.8446
Tamil nadu,548960,Vellamadam,Tirunelveli,8.21577,77.47
Tamil nadu,592363,Vellayan Thoppu Kanniyakumari,Tirunelveli,8.1089,77.512829
Tamil nadu,583598,Sengamalapatti,Tirunelveli,9.47579,77.83985
Tamil nadu,549114,Vepamoodu,Tirunelveli,8.18208,77.42903
Tamil nadu,582859,Sithamanaickenpatti,Tirunelveli,9.5889,77.79994
Tamil nadu,588906,Vettunimadam Nagercoil,Tirunelveli,8.184274,77.430146
Tamil nadu,547883,Sivakasi,Tirunelveli,9.44993,77.79708
Tamil nadu,583937,Vikramasingapuram,Tirunelveli,8.70871,77.376949
Tamil nadu,527051,Thiruthangal,Tirunelveli,9.47736,77.78336
Tamil nadu,584765,Villukuri Nagerkovil,Tirunelveli,8.207994,77.357542
Tamil nadu,549037,Vinz College & Engg Tech,Tirunelveli,8.19854,77.38204
Tamil nadu,509218,Virivilai,Tirunelveli,8.274888,77.15834
Tamil nadu,598013,Thiruthangal (M),Tirunelveli,9.4953,77.78344
Tamil nadu,598236,Thiruthangal 3,Tirunelveli,9.51894,77.79229
Tamil nadu,547911,Thiruttangal-2,Tirunelveli,9.488391,77.810685
Tamil nadu,597926,Tulukkapatti2,Tirunelveli,9.44239,77.92397
Tamil nadu,547382,UW_TN_W_0013_MIG Colony-mdu,Tirunelveli,9.48065,77.81064
Tamil nadu,547288,UW_TN_W_0015_CORONATION COLONY,Tirunelveli,9.45698,77.8024
Tamil nadu,547902,UW_TN_W_1450_Srivellipudur rd,Tirunelveli,9.460758,77.782568
Tamil nadu,547907,UW_TN_W_1451_nwe bypass road,Tirunelveli,9.45216,77.80625
Tamil nadu,547909,UW_TN_W_1452_Vallar nagar,Tirunelveli,9.47692,77.8029
Tamil nadu,595017,VVR Nagar Sayalgudi,Tirunelveli,9.16293,78.44281
Tamil nadu,587158,Water tank Road Perumalpuram,Tirunelveli,8.7034,77.734366
Tamil nadu,526016,Vadamalpuram Town,Tirunelveli,9.48279,77.80901
Tamil nadu,509167,WEST NEYYOOR,Tirunelveli,8.1985,77.283361
Tamil nadu,576958,WGC Colony,Tirunelveli,8.80441,78.15089
Andhra Pradesh,563040,Yerramukhapally,Kurnool,14.47238,78.83434
Andhra Pradesh,563046,Pulivendula,Kurnool,14.41915,78.22627
Andhra Pradesh,563050,Kadapa-4,Kurnool,14.47068,78.82255
Andhra Pradesh,563049,Kadapa-5,Kurnool,14.4824,78.82965
Andhra Pradesh,563018,PRODDATUR-3,Kurnool,14.75271,78.54884
Andhra Pradesh,563028,Pendlimarry,Kurnool,14.44306,78.64039
Andhra Pradesh,563030,Lakireddypally,Kurnool,14.18796,78.6976
Andhra Pradesh,563027,Vemula ,Kurnool,14.36874,78.32158
Andhra Pradesh,563023,Thondur,Kurnool,14.57489,78.283
Andhra Pradesh,563034,Pullampeta,Kurnool,14.11995,79.20908
Andhra Pradesh,563058,S.N Colony-2,Kurnool,14.05252,78.75174
Andhra Pradesh,565138,Chennur (Cdp),Kurnool,14.56506,78.80157
Andhra Pradesh,563051,Ravindernagar,Kurnool,14.47625,78.81476
Andhra Pradesh,532025,Railway colony - cuddapah,Kurnool,14.45345,78.84476
Andhra Pradesh,563057,JNTU Road,Kurnool,14.42742,78.22804
Andhra Pradesh,563055,Kamalapuram X Road,Kurnool,14.5837,78.6598
Andhra Pradesh,563068,Nosam,Kurnool,14.98627,78.39703
Andhra Pradesh,563015,NEHRU NAGAR Cuddapah,Kurnool,14.47604,78.84006
Andhra Pradesh,563006,Rajampet- 2,Kurnool,14.20186,79.15652
Andhra Pradesh,563031,T.Sundupalli,Kurnool,13.98334,78.91026
Andhra Pradesh,563012,Biradavolu,Kurnool,14.33507,78.7739
Andhra Pradesh,563009,Near Sai baba Temple (CDP),Kurnool,14.37057,78.46008
Andhra Pradesh,563014,KODUR-Reddypally,Kurnool,13.95819,79.36052
Andhra Pradesh,563013,Rajampet-3,Kurnool,14.19075,79.1567
Andhra Pradesh,563004,Gandhi Bazar South,Kurnool,14.7535,78.54205
Andhra Pradesh,563005,Christian Colony,Kurnool,14.76231,78.55114
Andhra Pradesh,563136,Vivekananda Colony,Kurnool,14.75823,78.56156
Andhra Pradesh,563124,Devuni Kadapa,Kurnool,14.4936,78.8357
Andhra Pradesh,563129,"near rly station, yerraguntla",Kurnool,14.64339,78.53744
Andhra Pradesh,563144,Porumamilla,Kurnool,15.00724,78.98537
Andhra Pradesh,575512,NGO Colony,Kurnool,14.46731,78.85669
Andhra Pradesh,563152,Proddutur,Kurnool,14.73821,78.57944
Andhra Pradesh,563149,"4 road junction, yerraguntal ",Kurnool,14.63729,78.54132
Andhra Pradesh,565244,"HYD_CHN_3, Kukkala doddi",Kurnool,13.7865,79.41916
Andhra Pradesh,565130,B.G.R KALYANA MANDAPAM,Kurnool,14.74366,78.56368
Andhra Pradesh,563039,Annamayya Circle,Kurnool,14.47527,78.82967
Andhra Pradesh,563052,Almaspet,Kurnool,14.48408,78.81566
Andhra Pradesh,572802,Shivanandpuram,Kurnool,14.45183,78.83919
Andhra Pradesh,572756,GURUKULA VIDYALAYA PEETHAM,Kurnool,14.46624,78.83734
Andhra Pradesh,575513,Marriapuram,Kurnool,14.47181,78.80898
Andhra Pradesh,574994,YARRAGYNTA,Kurnool,14.63284,78.54698
Andhra Pradesh,577392,Shastri Nagar,Kurnool,14.46605,78.81505
Andhra Pradesh,577356,Jmj College,Kurnool,14.44198,78.8916
Andhra Pradesh,577357,Bapuji Nagar,Kurnool,14.72121,78.73396
Andhra Pradesh,577807,Rayachoti-2,Kurnool,14.05171,78.75143
Andhra Pradesh,577809,Rayachoti-Ramapuram,Kurnool,14.04988,78.74093
Andhra Pradesh,577960,Kagitalapenta,Kurnool,14.46783,78.8176
Andhra Pradesh,578598,Proddutur-1,Kurnool,14.75756,78.55676
Andhra Pradesh,505685,Rajampet,Kurnool,14.1972,79.16201
Andhra Pradesh,505586,Housing Board Colony,Kurnool,14.45889,78.82845
Andhra Pradesh,505589,Rajareddy Colony,Kurnool,14.47058,78.82752
Andhra Pradesh,505693,Devuni kadapa,Kurnool,14.493369,78.836003
Andhra Pradesh,505740,Rameswaram,Kurnool,14.744917,78.538083
Andhra Pradesh,505939,Rayachoti -1,Kurnool,14.06078,78.75173
Andhra Pradesh,503505,"Usman Nagar, Rajampet",Kurnool,14.198727,79.159266
Andhra Pradesh,505940,Railway Koduru,Kurnool,13.959143,79.349773
Andhra Pradesh,505951,"Ravindra Nagar, Kadapa",Kurnool,14.47416,78.81718
Andhra Pradesh,505887,Mainroad-Badwel,Kurnool,14.732357,79.059481
Andhra Pradesh,524387,Alankarpalli (Bsnl) ,Kurnool,14.49856,78.79332
Andhra Pradesh,523248,Dattasai_Complx_Bkm_Strt_Kdp,Kurnool,14.48091,78.82325
Andhra Pradesh,525099,"Chinna Choke, Bypass",Kurnool,14.46905,78.84832
Andhra Pradesh,525253,Andhra Jyothi (Bsnl),Kurnool,14.52616,78.79187
Andhra Pradesh,525098,Sbi Colony_Kdp,Kurnool,14.48123,78.80755
Andhra Pradesh,525100,Dorasanipally Bypass,Kurnool,14.74945,78.52651
Andhra Pradesh,562938,Chittoor 2,Tirupathi,13.20124,79.09388
Andhra Pradesh,564122,Moon Land,Tirupathi,14.4507,79.98399
Andhra Pradesh,564124,SBS Kalyana mandapam,Tirupathi,14.46024,79.99439
Andhra Pradesh,564128,Patan Street,Tirupathi,14.4458,79.97344
Andhra Pradesh,562945,Chittoor 1,Tirupathi,13.21674,79.10014
Andhra Pradesh,564127,Balaji Nagar (Nlr),Tirupathi,14.44928,79.99539
Andhra Pradesh,562952,VELLORE ROAD,Tirupathi,13.19124,79.09446
Andhra Pradesh,562944,Chandragiri,Tirupathi,13.58899,79.3193
Andhra Pradesh,564132,Kondayapalem,Tirupathi,14.42098,79.97269
Andhra Pradesh,562947,Puttoor ,Tirupathi,13.43092,79.56139
Andhra Pradesh,562948,Renigunta 2,Tirupathi,13.52454,79.53514
Andhra Pradesh,562953,Chittoor 3,Tirupathi,13.21546,79.11594
Andhra Pradesh,562946,Bandharlapally,Tirupathi,13.32957,79.10079
Andhra Pradesh,562966,Kalyani - 2,Tirupathi,13.63648,79.41571
Andhra Pradesh,564136,Kavali - 2,Tirupathi,14.91185,79.98522
Andhra Pradesh,564137,Pernadu (Rep),Tirupathi,13.791,80.1533
Andhra Pradesh,562905,SARALA ARCADE-2,Tirupathi,13.63889,79.42619
Andhra Pradesh,562881,Vayalpadu,Tirupathi,13.63478,78.62753
Andhra Pradesh,562927,Bakarapeta ,Tirupathi,13.65509,79.15822
Andhra Pradesh,564117,Vinjamuru,Tirupathi,14.83894,79.57847
Andhra Pradesh,562972,Madanapally-2,Tirupathi,13.56047,78.50989
Andhra Pradesh,562978,Sawanpally,Tirupathi,13.2285,79.09707
Andhra Pradesh,530932,Sawanpally,Tirupathi,13.22876,79.11124
Andhra Pradesh,562934,Satyaveedu,Tirupathi,13.43647,79.95415
Andhra Pradesh,564142,BALAJI NAGAR-2 (Nlr),Tirupathi,14.449,79.99165
Andhra Pradesh,562904,Gollapalle (Chtr),Tirupathi,13.59433,79.38139
Andhra Pradesh,564144,Harinatha Puram,Tirupathi,14.43858,79.9883
Andhra Pradesh,565139,Kadiri Main Road,Tirupathi,13.57193,78.50034
Andhra Pradesh,565124,PUTTOOR (Nr sai baba temple),Tirupathi,13.44682,79.55437
Andhra Pradesh,562986,Peddagopanpalle,Tirupathi,12.70794,78.37782
Andhra Pradesh,564275,Nr Gudur rly station,Tirupathi,14.14551,79.84326
Andhra Pradesh,562975,Nr. Jyothi Theatre circle,Tirupathi,13.633,79.4161
Andhra Pradesh,564269,OZILI,Tirupathi,14.0038,79.9033
Andhra Pradesh,562974,Palamaneru-2,Tirupathi,13.20362,78.74715
Andhra Pradesh,564147,Pedda Bazar,Tirupathi,14.45256,79.97915
Andhra Pradesh,562982,POYYA,Tirupathi,13.78597,79.75556
Andhra Pradesh,562968,Pulivanigunta,Tirupathi,13.62719,79.45026
Andhra Pradesh,564896,Naidupeta - Vinnamala Village,Tirupathi,13.90643,79.90419
Andhra Pradesh,562950,MURUGAMBATTU X RD,Tirupathi,13.24766,79.11404
Andhra Pradesh,564140,Stone House pet,Tirupathi,14.45454,79.99509
Andhra Pradesh,562977,SVIMS,Tirupathi,13.63769,79.4102
Andhra Pradesh,562981,Thada road,Tirupathi,13.74679,79.70876
Andhra Pradesh,562976,Venkatagiri Chitttor,Tirupathi,13.20022,78.89401
Andhra Pradesh,562993,Thenepalle (Rep),Tirupathi,13.372,79.0861
Andhra Pradesh,562989,BURMA STREET,Tirupathi,13.55475,78.50351
Andhra Pradesh,564276,Gudur (Bazar Street),Tirupathi,14.14818,79.85268
Andhra Pradesh,564277,KOLLAMITTA VILLAGE,Tirupathi,13.70399,80.0213
Andhra Pradesh,562996,SRINIVASAPURAM  (OVR Kalyanamandapam),Tirupathi,13.62902,79.43796
Andhra Pradesh,563003,Jyothi Theatre circle,Tirupathi,13.6307,79.4191
Andhra Pradesh,564274,GUDIPALLIPADU,Tirupathi,14.45287,80.04487
Andhra Pradesh,565107,Bairagipetteda (Near Police station),Tirupathi,13.61662,79.41682
Andhra Pradesh,565114,KRISHNA PURAM (Chittor),Tirupathi,13.67822,79.55491
Andhra Pradesh,565116,Kukkalapalle,Tirupathi,13.19206,79.05712
Andhra Pradesh,563118,Tirupathi (Satyanarayanapuram),Tirupathi,13.65147,79.43086
Andhra Pradesh,563119,DI Road,Tirupathi,13.22039,79.09939
Andhra Pradesh,563125,Arogyavaram,Tirupathi,13.58089,78.52014
Andhra Pradesh,564886,Thada,Tirupathi,13.58876,80.03474
Andhra Pradesh,564895,APHB Colony (Nellore),Tirupathi,14.38939,79.96145
Andhra Pradesh,565128,Palamner,Tirupathi,13.2001,78.7497
Andhra Pradesh,564897,Musunuru,Tirupathi,14.87425,79.9874
Andhra Pradesh,565147,KAVERY NAGAR,Tirupathi,14.41437,79.93365
Andhra Pradesh,531726,KESAVAYAGUNTA,Tirupathi,13.61975,79.42482
Andhra Pradesh,571170,Dadi Vari Street,Tirupathi,14.4529,79.97453
Andhra Pradesh,572576,Bliss,Tirupathi,13.62634,79.4345
Andhra Pradesh,575506,LAWYER'S COLONY,Tirupathi,13.22615,79.10794
Andhra Pradesh,575657,NEAR srikalahasti Bridge Road,Tirupathi,13.7511,79.70214
Andhra Pradesh,575520,"S.V.High School, Indra N",Tirupathi,13.62723,79.41216
Andhra Pradesh,575508,Behind RTC Depo,Tirupathi,13.216917,79.090844
Andhra Pradesh,575505,MITOOR STREET,Tirupathi,13.2136,79.10399
Andhra Pradesh,576211,Bhavani Nagar,Tirupathi,13.63974,79.42065
Andhra Pradesh,564892,Chemudugunta Nellore,Tirupathi,14.39443,79.93475
Andhra Pradesh,575509,JAYACHANDRA COLONY,Tirupathi,13.23533,79.11642
Andhra Pradesh,574991,PANTAPALEM (NEAR MUTTU,Tirupathi,14.265881,80.048714
Andhra Pradesh,575516,MBT Road,Tirupathi,13.36145,78.57288
Andhra Pradesh,575658,Ramireddy pallem,Tirupathi,13.60222,79.93863
Andhra Pradesh,577159,DR MAHAL Road,Tirupathi,13.62246,79.42427
Andhra Pradesh,577882,Nanadanam Guest Hosu,Tirupathi,13.68551,79.35046
Andhra Pradesh,577898,Anand Theatre,Tirupathi,13.20728,79.09942
Andhra Pradesh,505580,Nalanda Nagar,Tirupathi,13.61427,79.38858
Andhra Pradesh,505718,Church Street,Tirupathi,13.21798,79.09506
Andhra Pradesh,505756,Basinikonda,Tirupathi,13.5461,78.51411
Andhra Pradesh,505822,Kandaleru Dam,Tirupathi,14.300346,79.638964
Andhra Pradesh,505828,Gajulamandhyam,Tirupathi,13.59548,79.51296
Andhra Pradesh,505879,Tirupati high way,Tirupathi,13.62463,79.27502
Andhra Pradesh,505880,Pedda araveedu,Tirupathi,13.657748,78.944322
Andhra Pradesh,505881,Murakambattu,Tirupathi,13.24647,79.11841
Andhra Pradesh,505882,Chambakur road,Tirupathi,13.54801,78.50241
Andhra Pradesh,505883,SBS Kalyanamandapam,Tirupathi,14.462229,79.992511
Andhra Pradesh,505888,Rebala,Tirupathi,14.52922,79.894093
Andhra Pradesh,505890,Old kasipatnam,Tirupathi,14.542643,79.876918
Andhra Pradesh,505889,PILER-1,Tirupathi,13.646148,78.949759
Andhra Pradesh,520840,Kaloor Vill,Tirupathi,13.60214,79.34146
Andhra Pradesh,521006,"Shantinagar, Tirupati",Tirupathi,13.64922,79.42001
Andhra Pradesh,522870,Varadaraj Nagar (Relocation Site),Tirupathi,13.64415,79.41868
Andhra Pradesh,523191,Nalagampalle_5681,Tirupathi,13.20502,78.94145
Andhra Pradesh,523211,"Yella Manda Cross ( Kadapa Road),",Tirupathi,13.66481,78.94428
Andhra Pradesh,523210,"Kothaindlu, Pgr",Tirupathi,13.37302,78.56879
Andhra Pradesh,523147,"Durganagar Colony, Ctr",Tirupathi,13.19509,79.08821
Andhra Pradesh,523302,"Bans The Hotel, Ctr",Tirupathi,13.23638,79.08698
Andhra Pradesh,520915,"Govt. I.T.I.(Boys& Girls), Nellore ",Tirupathi,14.477621,79.989022
Andhra Pradesh,525228,Mallam,Tirupathi,13.95612,80.11738
Andhra Pradesh,526572,Indira Nagar- Nellore,Tirupathi,14.90148,79.98038
Andhra Pradesh,503044,Tirupati By Pass road,Tirupathi,13.64833,79.45067
Andhra Pradesh,503123,Chinna Bazar,Tirupathi,14.455046,79.980309
Andhra Pradesh,503327,Santhinagar-nellore,Tirupathi,14.441266,79.971324
Andhra Pradesh,522322,Janathapeta,Tirupathi,14.922039,79.985401
Andhra Pradesh,523281,"Ysr Colony, Damindu",Tirupathi,13.61398,79.4636
Andhra Pradesh,527072,V Kota,Tirupathi,12.99972,78.49242
Andhra Pradesh,527231,Madhuranagar,Tirupathi,14.43538,79.9924
Andhra Pradesh,527943,Gudur,Tirupathi,14.15055,79.8404
Andhra Pradesh,528909,Nr Sri Venugopala Swamy College,Tirupathi,14.45086,80.00246
Andhra Pradesh,529589,Shanthi Nagar -Kovvur Nl,Tirupathi,14.50499,79.98547
Andhra Pradesh,529603,S B R PURAM,Tirupathi,13.480416,79.516305
Andhra Pradesh,529419,Nawab Pet,Tirupathi,14.46227,79.99893
Andhra Pradesh,529912,Chandrapur Nagar-Airtel,Tirupathi,14.40288,79.93414
Andhra Pradesh,530487,"SV Zoological park, Tirupathi",Tirupathi,13.62142,79.36421
Andhra Pradesh,578619,Ratnam College (Reloc),Tirupathi,14.35438,80.07185
Andhra Pradesh,579303,Koti Reddy Circle,Kurnool,14.46276,78.82165
Andhra Pradesh,578933,Perumalla Palli Bus Stop,Tirupathi,13.61349,79.34882
Andhra Pradesh,579571,KB Layout (Varadharaja nagar),Tirupathi,13.64368,79.41591
Andhra Pradesh,580992,Aims (Teaching And Non Teaching Staff Building),Tirupathi,13.25172,79.11537
Andhra Pradesh,580973,Aims (Girls And Boys Hostel),Tirupathi,13.25161,79.11325
Andhra Pradesh,581064,"D Mart, tirupati",Tirupathi,13.64871,79.44445
Andhra Pradesh,581368,Kakatiya Nagar,Tirupathi,13.62515,79.43049
Andhra Pradesh,581132,Janardhan colony,Tirupathi,14.48334,80.00504
Andhra Pradesh,580914,Vki_Cross Roads,Tirupathi,13.94853,79.593999
Andhra Pradesh,445056,SATYAGIRI GH,Tirupathi,13.682,79.35094444
Andhra Pradesh,445057,MADHAVANILAYAM,Tirupathi,13.67616667,79.35138889
Andhra Pradesh,445059,ANNAMAYA BHAVAN,Tirupathi,13.67558333,79.34808333
Andhra Pradesh,445060,PARAG MILKS,Tirupathi,13.15436,78.75622
Andhra Pradesh,445061,SIDARTHA COLLEGE,Tirupathi,13.42711,79.57502
Andhra Pradesh,445062,TIRUMALA DAIRY PASUPATHUR,Tirupathi,13.211651,78.61118
Andhra Pradesh,445213,HOTEL LEO,Tirupathi,14.43539,79.969548
Andhra Pradesh,445215,AUDISANKARA COLLEGE,Tirupathi,14.166249,79.85995
Andhra Pradesh,445303,PENVERPRODUCTS,Tirupathi,14.04678,79.87783
Andhra Pradesh,445307,EMAMIBIOTECH,Tirupathi,14.26157,80.07213
Andhra Pradesh,456176,AUROBINDO_UNIT-X,Tirupathi,13.899671,79.818605
Andhra Pradesh,580918,Nl_Srihari Nagar,Tirupathi,14.43923,79.98338
Andhra Pradesh,580917,Nl_Ramji Nagar,Tirupathi,14.44005,79.99275
Andhra Pradesh,581228,Nl_Ramalingapuram,Tirupathi,14.44367,79.98665
Andhra Pradesh,578821,Apollo Institute Of Medical Sciences,Tirupathi,13.250788,79.114723
Andhra Pradesh,582258,"Prakash Nagar,Cuddapah",Kurnool,14.45821,78.83658
Andhra Pradesh,581509,SPW polytecnic college,Tirupathi,13.62102,79.38938
Andhra Pradesh,582605,Palmner,Tirupathi,13.19766,78.74352
Andhra Pradesh,581944,Nl-Vengalarao Nagar,Tirupathi,14.41421,79.94827
Andhra Pradesh,582274,Tuda Quarters,Tirupathi,13.66236,79.47639
Andhra Pradesh,582604,Korramenugunta,Tirupathi,13.62823,79.43529
Andhra Pradesh,583075,Melupatla,Tirupathi,13.37407,78.57775
Andhra Pradesh,583141,Renigunta-Chittoor,Tirupathi,13.64102,79.50896
Andhra Pradesh,583212,Bujabuja Nellore,Tirupathi,14.38695,79.94179
Andhra Pradesh,583211,Thambuganipalle,Tirupathi,13.22392,78.98808
Andhra Pradesh,583069,"Murakambattu,Nr Virupakshi Amman Temple",Tirupathi,13.24639,79.12289
Andhra Pradesh,583068,Isakapalem,Tirupathi,14.54289,79.89258
Andhra Pradesh,582975,Karankathapuram,Tirupathi,13.31782,79.56262
Andhra Pradesh,585029,Nlrugattupalle,Tirupathi,13.57075,78.50627
Andhra Pradesh,585548,Renigunta (Tirupati)_Relocation,Tirupathi,13.63679,79.5025
Andhra Pradesh,585467,Thodlamitta,Tirupathi,13.67483,79.51179
Andhra Pradesh,585307,Utukur,Kurnool,14.45308,78.81013
Andhra Pradesh,584842,"Srinivasa Nagar, Prodduttor",Kurnool,14.74633,78.5573
Andhra Pradesh,584301,Tekkemitta_Nellore,Tirupathi,14.43989,79.97505
Andhra Pradesh,585652,South Raju Palem,Tirupathi,14.44979,80.01982
Andhra Pradesh,585763,Sudalagunta Sugars(New),Tirupathi,13.70798,79.82835
Andhra Pradesh,585316,RAM NAGAR,Tirupathi,14.46729,80.01202
Andhra Pradesh,584341,Putturu City Centre_Reloc,Tirupathi,13.43872,79.55122
Andhra Pradesh,580970,Taj Gateway - Tirupathi,Tirupathi,13.60771,79.43767
Andhra Pradesh,584845,Vempalli,Kurnool,14.3646,78.46135
Andhra Pradesh,584403,Mclance Road_Reloc,Tirupathi,14.45571,79.97362
Andhra Pradesh,587372,"Tiruchanur,Police Station",Tirupathi,13.60483,79.45023
Andhra Pradesh,587373,"Mini Bypass Road, Rajula Complex",Tirupathi,14.410105,79.96338
Andhra Pradesh,585758,SV Auto Nagar,Tirupathi,13.62709,79.45702
Andhra Pradesh,587087,Jammalamadugu relocation,Kurnool,14.844267,78.382378
Andhra Pradesh,588231,Bandapalli,Tirupathi,13.308154,79.11365
Andhra Pradesh,588339,SUGANE ST,Kurnool,13.95609,79.35194
Andhra Pradesh,589025,Muthyalapadu,Tirupathi,14.119867,79.898609
Andhra Pradesh,589023,Burlavari Palem,Tirupathi,14.026111,80.091581
Andhra Pradesh,589007,Jallipeta,Tirupathi,13.17482,78.72748
Andhra Pradesh,589032,TC AGRAHARAM,Tirupathi,13.562307,79.543721
Andhra Pradesh,589033,Muddumudi,Tirupathi,13.79038,79.66628
Andhra Pradesh,589006,Madamala,Tirupathi,13.802638,79.585398
Andhra Pradesh,589026,Kanipaka patnam,Tirupathi,13.26613,79.05949
Andhra Pradesh,589613,Palakendram center|venkatagiri,Tirupathi,13.95912,79.59656
Andhra Pradesh,589250,Chinna Eetivakam,Tirupathi,13.485039,79.965437
Andhra Pradesh,590041,Gantavuru,Tirupathi,13.1976,78.7601
Andhra Pradesh,590164,Melmoi,Tirupathi,13.244983,78.737443
Andhra Pradesh,590165,Madhavaram_village,Tirupathi,13.173316,79.066716
Andhra Pradesh,590343,Mulakalacheruvu,Tirupathi,13.798789,78.266769
Andhra Pradesh,590344,Lebur Bit | II,Tirupathi,14.482358,80.076219
Andhra Pradesh,591710,Jagadampalli | Raliway Koduru,Kurnool,13.963744,79.350708
Andhra Pradesh,591059,Sriharikota Rd | Pulicat Nagar,Tirupathi,13.697116,80.038056
Andhra Pradesh,591720,Ramireddikandiga,Tirupathi,13.19067,79.23542
Andhra Pradesh,591912,Thorur | Chittoor,Tirupathi,13.463964,79.568369
Andhra Pradesh,592645,Konapalle,Tirupathi,13.1786,79.05575
Andhra Pradesh,591264,Nagari | Relocation site,Tirupathi,13.318182,79.588979
Andhra Pradesh,589923,Nalagampalle,Tirupathi,13.220365,78.93252
Andhra Pradesh,591610,Munagamakulakotturu,Tirupathi,13.328041,79.612549
Andhra Pradesh,590026,Prashanth Nagar_Madanapalle,Tirupathi,13.563851,78.503303
Andhra Pradesh,593335,Krishnapuram,Tirupathi,13.016703,78.496444
Andhra Pradesh,593317,Pandur,Tirupathi,13.521603,79.911212
Andhra Pradesh,592291,LR PALLI,Tirupathi,14.610158,79.6201
Andhra Pradesh,593360,Paidela,Kurnool,14.9194,78.54457
Andhra Pradesh,593489,Javali Street |Palamaner,Tirupathi,13.202923,78.743819
Andhra Pradesh,583911,Kadapa (M Corp. + OG),Kurnool,14.49918,78.7734
Andhra Pradesh,591173,Annareddypalem,Tirupathi,14.578337,80.094192
Andhra Pradesh,591274,Graddagunta,Tirupathi,13.645848,80.016476
Andhra Pradesh,593985,C|Kothapalle,Kurnool,14.70078,79.0534
Andhra Pradesh,594491,Kottha Kaluva,Tirupathi,14.46941,80.037443
Andhra Pradesh,594674,Sathambakam | Chittoor,Tirupathi,13.29244,79.15705
Andhra Pradesh,595009,Vempally |Kadapa,Kurnool,14.36499,78.45587
Andhra Pradesh,595504,Mudipalle,Tirupathi,13.29114,79.5558
Andhra Pradesh,595326,Mahadevapalle,Kurnool,14.206052,78.516202
Andhra Pradesh,594525,Mini Bypass Rd | Venkatramapuram| NLR,Tirupathi,14.45106,79.98813
Andhra Pradesh,595482,Beripalle,Tirupathi,13.1838,78.997
Andhra Pradesh,595359,Sunkesulapalle| Dammanapalle,Kurnool,15.031887,79.003469
Andhra Pradesh,592744,Burujupalli | Galiveedu,Kurnool,14.021191,78.515923
Andhra Pradesh,595836,Boyanapalli,Kurnool,14.21966,79.13723
Andhra Pradesh,595465,Tatiparthi|,Tirupathi,14.515063,79.768936
Andhra Pradesh,595990,Patha Arooru | Chavarambakam|,Tirupathi,13.362739,79.673366
Andhra Pradesh,596145,Kotala Village,Tirupathi,13.608857,79.28631
Andhra Pradesh,596511,Kuppam Eng College,Tirupathi,12.723546,78.359547
Andhra Pradesh,596629,Santhapet |Chittoor,Tirupathi,13.228366,79.088174
Andhra Pradesh,595588,Vakadu | Kalluru,Tirupathi,14.00218,80.084874
Andhra Pradesh,596321,Andalamaala,Tirupathi,14.042362,80.114142
Andhra Pradesh,596628,Kopparthi,Kurnool,14.48026,78.755382
Andhra Pradesh,597019,Reniguntha_21,Tirupathi,13.63784,79.50548
Andhra Pradesh,597165,Sarvarkhanpet,Kurnool,14.64851,78.77747
Andhra Pradesh,596452,Almaspet|Kadapa,Kurnool,14.488873,78.8117
Andhra Pradesh,596748,Gangavaram |Kovuru ,Tirupathi,14.494001,79.9586
Andhra Pradesh,596812,Chellayapalem,Tirupathi,14.518843,79.890151
Andhra Pradesh,595535,Allur Mandal|Juvvaladinne,Tirupathi,14.7477,80.0979
Andhra Pradesh,597444,Gandhi nagar|Narsapuram,Kurnool,13.953286,79.351229
Andhra Pradesh,596510,Puttampalli|Kadapa,Kurnool,14.4597,78.8554
Andhra Pradesh,596778,Munalapudi |ReddyPalem,Tirupathi,14.608567,79.888389
Andhra Pradesh,597805,Kumara Venkatapuram|Venugopalapuram,Tirupathi,13.628604,79.904839
Andhra Pradesh,597014,Muruganpalli,Tirupathi,13.223718,79.12051
Andhra Pradesh,594405,Rk Nagar | Nellore,Tirupathi,14.450308,80.006822
Andhra Pradesh,598234,Keenatam Palli,Tirupathi,13.136002,79.040078
Andhra Pradesh,598229,Palakuru,Tirupathi,13.328022,79.066568
Andhra Pradesh,598233,Gollapalle|Chittoor,Tirupathi,13.146715,79.015792
Andhra Pradesh,598228,Chinnavaradaya Palli,Kurnool,14.747571,78.604603
Andhra Pradesh,598170,Sri Potti Sriramulu| Nellore,Tirupathi,14.75937,79.93763
Andhra Pradesh,598498,Majara Kothapalle,Tirupathi,13.192703,79.03585
Andhra Pradesh,598497,Nagavaram,Kurnool,14.006583,79.36682
Andhra Pradesh,563010,Rayachoti-4,Kurnool,14.05875,78.75565
Andhra Pradesh,563056,Railway Kodur,Kurnool,13.95367,79.35365
Andhra Pradesh,575654,Bhagath Singh Nagar Colony,Kurnool,14.44793,78.80904
Andhra Pradesh,505850,Pedda Komerlla/ChinnaKomarala,Kurnool,14.919173,78.346897
Andhra Pradesh,564126,Buchireddy Palem,Tirupathi,14.53611,79.88062
Andhra Pradesh,562943,Vidya Nagar,Tirupathi,13.62199,79.38719
Andhra Pradesh,562963,Bangarupalem,Tirupathi,13.19745,78.91099
Andhra Pradesh,564135,Podalkur,Tirupathi,14.3867,79.7327
Andhra Pradesh,564143,GUDUR-3,Tirupathi,14.15448,79.84943
Andhra Pradesh,564120,Kudds Complex (NELLORE),Tirupathi,14.4031,79.94829
Andhra Pradesh,562990,M.G.R STREET,Tirupathi,13.21349,79.0965
Andhra Pradesh,574181,RENIGUNTA(ANPCHI0068)_RELOCATION,Tirupathi,13.63386,79.49274
Andhra Pradesh,505773,Tummuru,Tirupathi,13.94259,79.89536
Andhra Pradesh,505827,Maurakmbattu,Tirupathi,13.24408,79.11444
Andhra Pradesh,505891,Sullurupeta,Tirupathi,13.687595,80.005027
Andhra Pradesh,524954,Nelatur( Ap Jenco),Tirupathi,14.336838,80.12531
Andhra Pradesh,505848,Kondapuram,Tirupathi,14.991261,79.681225
Andhra Pradesh,564268,Sullurpet 3,Tirupathi,13.70925,79.99876
Andhra Pradesh,505654,ANUMASAMUDRAMPETA,Tirupathi,14.68929,79.67539
Andhra Pradesh,564283,Vidyanagar-kota,Tirupathi,14.02742,80.03516
Andhra Pradesh,598362,Tangedu Palle,Kurnool,14.391377,78.478817
Andhra Pradesh,590589,Basinikonda| Madanapalle,Tirupathi,13.549495,78.505788
Andhra Pradesh,597527,Revenue colony,Tirupathi,13.607724,79.429128
Andhra Pradesh,599146,Marripadu,Tirupathi,13.70212,78.674255
Andhra Pradesh,480292,Akkarampalle| Tirupati|ULS,Tirupathi,13.64299,79.43878
Andhra Pradesh,480689,Mallaiah Gunta Katta|Tirupati|ULS,Tirupathi,13.63339,79.42419
Andhra Pradesh,480415,Dodda Puram Tirupati|ULS,Tirupathi,13.63396,79.42085
Andhra Pradesh,480437,Near Garuda Nagar Rd no|2 | ULS,Tirupathi,13.61004,79.40586
Andhra Pradesh,480343,Near New Life Fellowship|ULS,Tirupathi,13.68235,79.49717
Andhra Pradesh,480345,N G Palli| Madanapalle|ULS,Tirupathi,13.57311,78.50343
Andhra Pradesh,599408,Mylavaram| Khaderabad|ULS,Kurnool,14.85516,78.329443
Andhra Pradesh,599715,Annapusastrulla palli,Kurnool,14.789714,78.669794
Andhra Pradesh,597316,Parameshwari Nagar |Nellore,Tirupathi,14.451312,79.96705
Andhra Pradesh,480428,Co|operative Colony| Kadapa|ULS,Kurnool,14.47789,78.83114
Andhra Pradesh,481340,Sivarama Krishna Nagar| Badvel|ULS,Kurnool,14.72252,79.06121
Andhra Pradesh,481858,SKD Nagar| Pileru|ULS,Tirupathi,13.65088,78.94766
Andhra Pradesh,481891,Neerugattupalle Village| Chittoor,Tirupathi,13.5678,78.4969
Andhra Pradesh,481522,Almaspet|ULS,Kurnool,14.47518,78.81882
Andhra Pradesh,481357,Pappula Veedhi|ULS,Tirupathi,14.45995,79.99172
Andhra Pradesh,481341,Ammavarishala Street| Ashok Nagar|ULS,Kurnool,14.74569,79.06332
Andhra Pradesh,480409,Eguvakunta,Kurnool,14.00943,78.56258
Andhra Pradesh,481338,Sainagar|ULS,Tirupathi,13.70208,80.01579
Andhra Pradesh,481303,2nd St| Renigunta|ULS,Tirupathi,13.6427,79.50616
Andhra Pradesh,481465,Sree Sainath Nagar| Tirupati|ULS,Tirupathi,13.62389,79.28985
Andhra Pradesh,481528,Madhav Puram|ULS,Tirupathi,13.65308,79.43879
Andhra Pradesh,481523,Singalagunta|ULS,Tirupathi,13.64162,79.41451
Andhra Pradesh,481524,Mangalam| Tirupati|ULS,Tirupathi,13.656,79.4578
Andhra Pradesh,481527,Ravindra Nagar| Kadapa|ULS,Kurnool,14.47249,78.81494
Andhra Pradesh,481525,Maruthi Nagar| Tirupati|ULS,Tirupathi,13.63566,79.43417
Andhra Pradesh,481468,Dhanalakshmi Nagar|ULS,Tirupathi,13.616,79.40932
Andhra Pradesh,481726,Btr Puram|Uls,Tirupathi,13.66061,79.45931
Andhra Pradesh,481851,Maruthinagar| Chittoor,Tirupathi,13.57337,78.49645
Andhra Pradesh,481867,Old Pet| Palamaner|Uls,Tirupathi,13.19765,78.74997
Andhra Pradesh,481729,CTM Rd| Madanapalle|ULS,Tirupathi,13.55075,78.50033
Andhra Pradesh,481026,Erragudi,Kurnool,14.99138,78.21554
Andhra Pradesh,481725,Gayathrinagar|ULS,Tirupathi,13.20019,79.08973
Andhra Pradesh,481526,Chakali St| VRC Centre|ULS,Tirupathi,14.44895,79.98199
Andhra Pradesh,481727,Umma Reddy Gunta|ULS,Tirupathi,14.42401,79.97126
Andhra Pradesh,481636,Kapatipalem /Shanthapet /ULS,Tirupathi,14.45795,79.98252
Andhra Pradesh,495006,8th Cross Rd| Sri Krishna Nagar,Tirupathi,13.61476,79.40682
Andhra Pradesh,480688,Mangalam| Tirupati|ULS,Tirupathi,13.65141,79.45705
Andhra Pradesh,494947,SPMVV Humanities Block,Tirupathi,13.61503,79.39511
Andhra Pradesh,480294,Ayesha Nagar| Kadapa,Kurnool,14.48834,78.81679
Andhra Pradesh,481922,Near Annamacharya Inst| Boyanapalli|ULS,Kurnool,14.22567,79.13907
Andhra Pradesh,481918,Mbt Road| Palamaneru,Tirupathi,13.20367,78.7575
Andhra Pradesh,495322,Nehru Nagar| Cuddapah|ULS,Kurnool,14.843684,78.379847
Andhra Pradesh,563041,Vasavi Nagar,Kurnool,14.46203,78.82529
Andhra Pradesh,563048,Mydukuru ,Kurnool,14.72471,78.73322
Andhra Pradesh,564123,UTI building,Tirupathi,14.43419,79.96867
Andhra Pradesh,564115,Kavali,Tirupathi,14.91885,79.99326
Andhra Pradesh,562917,Kasipentla,Tirupathi,13.5295,79.2234
Andhra Pradesh,505790,Kalakada,Tirupathi,13.8248,78.78715
Andhra Pradesh,505849,Rudra Kota,Tirupathi,14.978565,80.005509
Andhra Pradesh,456169,Kadapa,Kurnool,14.477491,78.823477
Andhra Pradesh,456201,Nellore-3,Tirupathi,14.46603,79.99217
Andhra Pradesh,584078,Idea bsc,Tirupathi,13.63199,79.42277
Andhra Pradesh,563054,Veprala,Kurnool,14.85499,78.34801
Andhra Pradesh,565143,Basavapuram,Kurnool,14.7082,78.87834
Andhra Pradesh,563053,Jamalamadugu-2,Kurnool,14.8618,78.3805
Andhra Pradesh,565135,JAMALAMADUGU-1,Kurnool,14.83941,78.37945
Andhra Pradesh,523250,Watr_Tank_Parnapalli_Road_Plvl,Kurnool,14.42088,78.21917
Andhra Pradesh,562882,Choudepally,Tirupathi,13.43225,78.69143
Andhra Pradesh,562930,Yerpedu ,Tirupathi,13.69396,79.59708
Andhra Pradesh,564272,Jeellapatur,Tirupathi,13.84411,79.83762
Andhra Pradesh,562903,Punganuru-2,Tirupathi,13.36141,78.56818
Andhra Pradesh,531084,K.R.Palayem colony,Tirupathi,13.69693,80.03795
Andhra Pradesh,505753,Pathikonda,Tirupathi,13.18304,78.63496
Andhra Pradesh,505970,Krishnapatnam,Tirupathi,14.279733,80.101622
Andhra Pradesh,563044,Rajampeta,Kurnool,14.19398,79.15857
Andhra Pradesh,563047,Kodur,Kurnool,13.95823,79.35109
Andhra Pradesh,563026,Vempally,Kurnool,14.36691,78.45652
Andhra Pradesh,563020,Produtur-4,Kurnool,14.75041,78.56052
Andhra Pradesh,563132,RAYACHOTI  (Masapeta),Kurnool,14.06989,78.75501
Andhra Pradesh,563017,SLV Lodge (Kadapa-1 Re loc),Kurnool,14.47957,78.82237
Andhra Pradesh,562942,Madanapally,Tirupathi,13.55181,78.50181
Andhra Pradesh,564129,Naidupeta,Tirupathi,13.91008,79.89745
Andhra Pradesh,562954,Pakala,Tirupathi,13.439,79.12636
Andhra Pradesh,562879,Pileru,Tirupathi,13.65258,78.94251
Andhra Pradesh,562932,Chittor-4,Tirupathi,13.21067,79.09307
Andhra Pradesh,564146,KALIGIRI,Tirupathi,14.82729,79.68961
Andhra Pradesh,562980,PANAGAL ROAD,Tirupathi,13.75094,79.69381
Andhra Pradesh,562969,R.C. Road,Tirupathi,13.6268,79.41592
Andhra Pradesh,562937,Sarala Arcade,Tirupathi,13.63218,79.42274
Andhra Pradesh,564130,Kovvur - Nellore,Tirupathi,14.49871,79.98618
Andhra Pradesh,564894,Nawab Peta,Tirupathi,14.45452,80.0061
Andhra Pradesh,505791,Chinnamandem,Kurnool,13.93826,78.68302
Andhra Pradesh,505842,Dakkili,Tirupathi,14.109289,79.552407
Andhra Pradesh,481731,Bodumalluvaripalle|ULS,Tirupathi,13.65332,78.94788
Andhra Pradesh,495330,Near Head Post office|ULS,Tirupathi,13.20475,78.744878
Andhra Pradesh,495258,Korramenugunta| Tirupati|ULS,Tirupathi,13.62839,79.43553
Andhra Pradesh,481857,Pileru|AP|ULS,Tirupathi,13.65864,78.93423
Andhra Pradesh,521753,Suchirs Spanish Villa Community,Hyderabad-1,17.270273,78.42552
Andhra Pradesh,520984,Aiport Road_Nh7,Hyderabad-1,17.242874,78.383062
Andhra Pradesh,505615,Kollapadakalla,Hyderabad-1,17.081876,78.3665
Andhra Pradesh,505821,Kollahpur,Hyderabad-1,16.073364,78.257902
Andhra Pradesh,505801,Maganoor,Hyderabad-1,16.460588,77.424292
Andhra Pradesh,505806,Lingala,Hyderabad-1,16.270961,78.512576
Andhra Pradesh,525483,Rajiv Chowk,Hyderabad-1,16.36208,78.06243
Andhra Pradesh,527838,Vengal Rao Colony,Hyderabad-1,16.35214,78.05818
Andhra Pradesh,527853,Veerannapeta-Airtel,Hyderabad-1,16.74205,77.9777
Andhra Pradesh,530588,Kalwakurthy – Mahabubnagar,Hyderabad-1,16.6678,78.48569
Andhra Pradesh,564652,Ghansi Bazar,Hyderabad-1,17.27862,78.40662
Andhra Pradesh,573751,"Near Navjeevan Hospital, Shamshabad",Hyderabad-1,17.26387,78.38631
Andhra Pradesh,564793,Jedcherla,Hyderabad-1,16.76256,78.14372
Andhra Pradesh,565206,Nagerkurnool,Hyderabad-1,16.48744,78.31373
Andhra Pradesh,564794,"shivashakti Nagr, Mehboob Nagar",Hyderabad-1,16.73615,77.99372
Andhra Pradesh,565209,Makthal,Hyderabad-1,16.50442,77.51811
Andhra Pradesh,565208,Gadwal,Hyderabad-1,16.23377,77.80123
Andhra Pradesh,565202,Kothakota,Hyderabad-1,16.37538,77.94044
Andhra Pradesh,564786,Addakal,Hyderabad-1,16.50176,77.91928
Andhra Pradesh,564801,ASLAM KHAN STREET,Hyderabad-1,16.74421,77.98663
Andhra Pradesh,565221,CHOWK BAZAR,Hyderabad-1,16.74854,77.49725
Andhra Pradesh,565223,Fazal Banda colony,Hyderabad-1,16.74805,78.14936
Andhra Pradesh,564787,Gattu,Hyderabad-1,16.11988,77.57498
Andhra Pradesh,565210,Kalwakurthy-2,Hyderabad-1,16.67148,78.49035
Andhra Pradesh,565159,KASIPUR,Hyderabad-1,15.86389,78.10256
Andhra Pradesh,565220,Kothakota road,Hyderabad-1,16.36442,78.05537
Andhra Pradesh,564807,Koukuntla,Hyderabad-1,16.51961,77.86296
Andhra Pradesh,564799,Palem (NH-7),Hyderabad-1,16.4031,77.94262
Andhra Pradesh,564802,Teacher's colony,Hyderabad-1,16.48638,78.30484
Andhra Pradesh,565224,VALLUR,Hyderabad-1,16.80555,78.07975
Andhra Pradesh,564810,YAKTA PUR,Hyderabad-1,16.1521,77.9268
Andhra Pradesh,564811,Bochuveerapur,Hyderabad-1,16.09737,77.95405
Andhra Pradesh,564812,NATELLY,Hyderabad-1,16.25881,77.95761
Andhra Pradesh,565218,RPT_Mojerla,Hyderabad-1,16.4442,77.9722
Andhra Pradesh,564790,Raghupathipeta,Hyderabad-1,16.51406,78.47989
Andhra Pradesh,565203,Nandigam (MBNR),Hyderabad-1,17.12118,78.25005
Andhra Pradesh,565212,NANDIGAMA(MAHBUB NGR),Hyderabad-1,17.13233,78.27047
Andhra Pradesh,565213,KAVERAMMAPETA,Hyderabad-1,16.7772,78.13336
Andhra Pradesh,564804,GAJULAPETA,Hyderabad-1,16.0112,77.66333
Andhra Pradesh,565214,WILLIAMKONDA,Hyderabad-1,16.2957,77.9508
Andhra Pradesh,565058,Shasha Butta,Hyderabad-1,16.74734,78.00713
Andhra Pradesh,565238,SHADNAGAR,Hyderabad-1,17.0601,78.20509
Andhra Pradesh,565240,NARAYANPET,Hyderabad-1,16.74124,77.5036
Andhra Pradesh,565063,Timmasanipalli,Hyderabad-1,16.76132,78.01079
Andhra Pradesh,530988,Kalwakurthy,Hyderabad-1,16.669,78.497
Andhra Pradesh,569597,SHAMSHABAD,Hyderabad-1,17.26286,78.39002
Andhra Pradesh,569598,Shamshabad town,Hyderabad-1,17.25999,78.39722
Andhra Pradesh,569599,Shamshabad-3,Hyderabad-1,17.26161,78.38228
Andhra Pradesh,565241,"Gollapally, Shamshabad",Hyderabad-1,17.23735,78.39916
Andhra Pradesh,569896,THIMMAPUR-4,Hyderabad-1,17.18746,78.30505
Andhra Pradesh,575020,Nagaram,Hyderabad-1,17.18349,78.39118
Andhra Pradesh,579516,Siddapur,Hyderabad-1,17.05264,78.35466
Andhra Pradesh,580721,Ravipakula,Hyderabad-1,16.41724,78.40585
Andhra Pradesh,580716,Chinnadarapally Mahabubnagar,Hyderabad-1,16.75279,77.98206
Andhra Pradesh,579485,Kulkacherala,Hyderabad-1,17.02589,77.84268
Andhra Pradesh,580617,Pochannapet,Hyderabad-1,16.97596,78.31316
Andhra Pradesh,580851,Konapur,Hyderabad-1,16.900529,78.55605
Andhra Pradesh,445159,JULAKAL,Hyderabad-1,15.97626,77.79624
Andhra Pradesh,445160,PADMARAM,Hyderabad-1,17.08299,77.96035
Andhra Pradesh,445161,SALKARPET,Hyderabad-1,16.4398,78.22566
Andhra Pradesh,445162,YADIREDDIPALLI,Hyderabad-1,16.56072,78.37405
Andhra Pradesh,445163,VINJAMUR,Hyderabad-1,16.76818,77.70809
Andhra Pradesh,445164,MUTCHINTALA,Hyderabad-1,16.52735,77.81217
Andhra Pradesh,445165,POTHAREDDIPALLE,Hyderabad-1,16.52559,78.52258
Andhra Pradesh,445166,PULIMAMIDI,Hyderabad-1,16.58553,77.58988
Andhra Pradesh,445169,SIRSWADA,Hyderabad-1,16.63585,78.34317
Andhra Pradesh,445170,KETHEPALLE,Hyderabad-1,16.20213,78.15178
Andhra Pradesh,445171,NARLAPURAM,Hyderabad-1,16.15967,78.38029
Andhra Pradesh,445172,VELJALA,Hyderabad-1,16.82519,78.36317
Andhra Pradesh,445173,"CHINTAKUNTA,MAHABOOB NAGAR",Hyderabad-1,16.25452,78.07017
Andhra Pradesh,445175,CHITYAL,Hyderabad-1,16.40443,77.53396
Andhra Pradesh,445176,RAJSRIGARLAPADU,Hyderabad-1,16.06953,77.96141
Andhra Pradesh,445177,VELTUR,Hyderabad-1,16.50895,78.66808
Andhra Pradesh,445178,CHINCHODE,Hyderabad-1,17.0301,78.10523
Andhra Pradesh,445179,CHINTHAREVULA,Hyderabad-1,16.30449,77.70525
Andhra Pradesh,445180,IRWIN,Hyderabad-1,16.78984,78.70395
Andhra Pradesh,445181,POTHEPALLY,Hyderabad-1,16.70882,78.58955
Andhra Pradesh,445182,VATHUGUNDLA,Hyderabad-1,16.81272,77.55738
Andhra Pradesh,445185,KODGAL,Hyderabad-1,16.82185,78.22417
Andhra Pradesh,445186,THUMMELLA,Hyderabad-1,15.89366,77.75155
Andhra Pradesh,445187,RACHUR,Hyderabad-1,16.75525,78.45292
Andhra Pradesh,445188,RAMAKRISHNAPURAM,Hyderabad-1,16.27381,77.91311
Andhra Pradesh,445189,KONDAREDDIPALLI,Hyderabad-1,16.6327,78.56475
Andhra Pradesh,445191,YEDULA,Hyderabad-1,16.3197,78.23268
Andhra Pradesh,445192,KOLLAMPALLE,Hyderabad-1,16.68104,77.62784
Andhra Pradesh,445193,GATLAKHANPUR,Hyderabad-1,16.48248,77.98743
Andhra Pradesh,445194,MAILARAM,Hyderabad-1,16.21627,78.22847
Andhra Pradesh,445195,CHEEPUNUTHALA,Hyderabad-1,16.90201,78.44027
Andhra Pradesh,445196,UMITYALA,Hyderabad-1,16.22371,77.57667
Andhra Pradesh,445197,PEDDAKADUMURU,Hyderabad-1,16.42175,77.67265
Andhra Pradesh,445199,GOPALAPURAM,Hyderabad-1,16.06743,78.21151
Andhra Pradesh,445200,VELGONDA,Hyderabad-1,16.56093,78.18909
Andhra Pradesh,445201,RAMCHANDRAPUR,Hyderabad-1,16.69805,77.89788
Andhra Pradesh,445202,BEKKAM,Hyderabad-1,16.05124,78.10993
Andhra Pradesh,445204,BEEROLE,Hyderabad-1,16.20543,77.88348
Andhra Pradesh,445205,KOTHUR,Hyderabad-1,17.13839,78.21935
Andhra Pradesh,445206,VENKESHWARAM VILLAGE,Hyderabad-1,16.42923,78.90855
Andhra Pradesh,465312,Sparsh Hydroponic Farms,Hyderabad-1,16.93291,78.44566
Andhra Pradesh,456072,Maheswara pyramid,Hyderabad-1,16.97152,78.53346
Andhra Pradesh,465335,AUROBINDO Jadcherla2,Hyderabad-1,16.82946,78.13542
Andhra Pradesh,456074,Aurobindo,Hyderabad-1,16.82746,78.13825
Andhra Pradesh,586499,Simhagiri,Hyderabad-1,16.75799,77.98588
Andhra Pradesh,586730,Enkammaguda,Hyderabad-1,17.080321,78.195154
Andhra Pradesh,586100,Bhageeratha Colony,Hyderabad-1,16.73416,78.00303
Andhra Pradesh,586823,HB Colony_Gadwal,Hyderabad-1,16.22535,77.81653
Andhra Pradesh,588718,Mutpoor Chukkammet,Hyderabad-1,17.15159,78.0683
Andhra Pradesh,589444,Teachers Colony| Mahbubnagar,Hyderabad-1,16.746487,78.009737
Andhra Pradesh,589701,Setty Complex Rajendra Nagar,Hyderabad-1,16.75249,78.00145
Andhra Pradesh,589704,Clock Tower X road,Hyderabad-1,16.74517,77.98766
Andhra Pradesh,589924,Old palamur,Hyderabad-1,16.732352,77.996867
Andhra Pradesh,589702,Padmavathi_Colony_Mahbubnagar,Hyderabad-1,16.74913,78.01682
Andhra Pradesh,590612,Teelair,Hyderabad-1,16.614438,77.752287
Andhra Pradesh,587700,Rallaguda_Relocation,Hyderabad-1,17.264559,78.375193
Andhra Pradesh,590535, Teachers Colony| Achampet,Hyderabad-1,16.39765,78.63118
Andhra Pradesh,590614,Lakshmi Nagar | Mahbubnagar,Hyderabad-1,16.756287,78.021186
Andhra Pradesh,590610,Janampeta,Hyderabad-1,16.628386,77.983348
Andhra Pradesh,590928,Tharnikal,Hyderabad-1,16.625769,78.454665
Andhra Pradesh,590537,Hanumanpura | Palamoor,Hyderabad-1,16.730311,77.984809
Andhra Pradesh,592145,KOTHUR PS,Hyderabad-1,17.14235,78.28538
Andhra Pradesh,591789, Indira Nagar| Jadcherla,Hyderabad-1,16.769874,78.13178
Andhra Pradesh,592312,Desitekayal,Hyderabad-1,16.453158,78.33958
Andhra Pradesh,591927,Uyalawada,Hyderabad-1,16.503699,78.286817
Andhra Pradesh,591755,JADCHERLA,Hyderabad-1,16.76342,78.153162
Andhra Pradesh,592779,SANGALA,Hyderabad-1,16.238573,77.75037
Andhra Pradesh,592924,MADDUR,Hyderabad-1,15.93418,77.90503
Andhra Pradesh,593216,Bonkur,Hyderabad-1,15.9215,77.96155
Andhra Pradesh,593130,PASPUL,Hyderabad-1,16.621035,77.710535
Andhra Pradesh,593315,KAMSANIPALLI,Hyderabad-1,16.502626,78.606684
Andhra Pradesh,593333,Rampur_Mahbubnagar,Hyderabad-1,16.850908,78.405487
Andhra Pradesh,593332,Chennaram PG,Hyderabad-1,16.373331,78.567542
Andhra Pradesh,593330,Kolkulapally,Hyderabad-1,16.91113,78.725062
Andhra Pradesh,593490,Kothapally_Pullikal,Hyderabad-1,15.95819,77.55257
Andhra Pradesh,592076,Vijaya Nagar Colony| Near Railway Gate,Hyderabad-1,17.057693,78.21185
Andhra Pradesh,593724,Venkatapur S,Hyderabad-1,16.159938,78.017448
Andhra Pradesh,593193,kothapalli,Hyderabad-1,16.28181,77.79477
Andhra Pradesh,594138,Chowdarapalle,Hyderabad-1,16.633006,77.868442
Andhra Pradesh,592301,Narllapur Kolhapur Rd,Hyderabad-1,16.106637,78.318497
Andhra Pradesh,594542,Ekrajguda | Fortune Butterfly City,Hyderabad-1,16.99342,78.48294
Andhra Pradesh,595050,Bandoniguda | Mallapur,Hyderabad-1,17.18956,78.22824
Andhra Pradesh,594541,Eshwar Colony,Hyderabad-1,17.058895,78.201164
Andhra Pradesh,595112,Tumainpet,Hyderabad-1,16.39517,78.53702
Andhra Pradesh,595454, Shah Saheb Gutta| Mahbubnagar,Hyderabad-1,16.73563,78.01016
Andhra Pradesh,595289,Kuchcherkal,Hyderabad-1,16.864499,78.137342
Andhra Pradesh,595315,Dhoolpet| Narayanpet,Hyderabad-1,16.750075,77.492353
Andhra Pradesh,595634,Basaveshwara Colony |Makthal,Hyderabad-1,16.511314,77.506773
Andhra Pradesh,596103,Duddarapalli,Hyderabad-1,16.22228,77.79192
Andhra Pradesh,595492,Elkatta| Shadnagar,Hyderabad-1,17.07436,78.1553
Andhra Pradesh,595989,Mannapur,Hyderabad-1,16.25346,77.69465
Andhra Pradesh,595713,KARKALPAHAD,Hyderabad-1,16.952457,78.518656
Andhra Pradesh,595461,Kollapur Rd| Narsaipalle,Hyderabad-1,16.183345,78.24405
Andhra Pradesh,596544,Nandinne,Hyderabad-1,16.21021,77.5027
Andhra Pradesh,595587,Nellikonda,Hyderabad-1,16.464338,78.315438
Andhra Pradesh,595489,Keshava nager/ Makthal,Hyderabad-1,16.499849,77.514365
Andhra Pradesh,590532,Kristan Pally | Monnappugutta,Hyderabad-1,16.748893,77.984792
Andhra Pradesh,596147,Raigadda| Wanaparthy,Hyderabad-1,16.364613,78.062352
Andhra Pradesh,597536,Ravindranagar |Mahbubnagar,Hyderabad-1,16.753333,78.019697
Andhra Pradesh,597018,Vallabh Naga |Mahbubnagar,Hyderabad-1,16.73618,77.989379
Andhra Pradesh,597567,Rajapet| Atmakur,Hyderabad-1,16.359783,77.9983
Andhra Pradesh,597596,Ummenthyal,Hyderabad-1,17.135212,78.014271
Andhra Pradesh,597835,Mudireddypalli|Raipalle,Hyderabad-1,16.843842,78.161152
Andhra Pradesh,597832,GUDLANARVA,Hyderabad-1,16.541972,78.23186
Andhra Pradesh,597865,FOTIMAPUR,Hyderabad-1,17.16952,78.27695
Andhra Pradesh,598184,Polisettipally,Hyderabad-1,16.392679,78.604596
Andhra Pradesh,598182,Palcherla,Hyderabad-1,16.272067,77.727477
Andhra Pradesh,598448,Jinnaram,Hyderabad-1,16.54508,77.7355
Andhra Pradesh,505655,PEDDASHAPUR,Hyderabad-1,17.217506,78.335513
Andhra Pradesh,505835,Gudigandla,Hyderabad-1,16.57281,77.633686
Andhra Pradesh,564791,MAHABOOBNAGAR-2,Hyderabad-1,16.75353,78.0162
Andhra Pradesh,564809,AMASTAPUR,Hyderabad-1,16.70617,78.04036
Andhra Pradesh,576559,Mahaboob nagar-1 (Relocation),Hyderabad-1,16.75001,77.99387
Andhra Pradesh,577383,Vatavrlapally,Hyderabad-1,16.24374,78.80257
Andhra Pradesh,599167,Konkala,Hyderabad-1,15.950606,77.799593
Andhra Pradesh,599252,Badepalle|ULS,Hyderabad-1,16.75554,78.14871
Andhra Pradesh,599528,APGVB Bank| Bhuthpur|ULS,Hyderabad-1,16.700044,78.049569
Andhra Pradesh,599479,Near Renuka Yellamma Temple| Marikal|ULS,Hyderabad-1,16.60098,77.729779
Andhra Pradesh,599714,POLKAMPALLE,Hyderabad-1,16.638012,78.019814
Andhra Pradesh,599496,Near Nakshatra Society| Siddanthi|ULS,Hyderabad-1,17.2695,78.39458
Andhra Pradesh,480295,Shalipur,Hyderabad-1,16.00357,78.05125
Andhra Pradesh,481095,Badepalle| Jadcherla|ULS,Hyderabad-1,16.75457,78.1411
Andhra Pradesh,599291,h no|3|72| Kothur|ULS,Hyderabad-1,17.1476,78.28809
Andhra Pradesh,599405,Near LIC office| Nagarkurnool|ULS,Hyderabad-1,16.48844,78.31549
Andhra Pradesh,480413,Nagarkurnool|ULS,Hyderabad-1,16.48642,78.30904
Andhra Pradesh,505601,Nagaram,Hyderabad-1,17.183333,78.391474
Andhra Pradesh,505772,Charakonda,Hyderabad-1,16.692012,78.709255
Andhra Pradesh,565207,Wanaparthy,Hyderabad-1,16.35838,78.06332
Andhra Pradesh,564800,Mehboob Nagar-3 Housing board (Rep),Hyderabad-1,16.75683,78.04664
Andhra Pradesh,564797,Atmakur (Mbnr),Hyderabad-1,16.3401,77.8007
Andhra Pradesh,564805,Peddadinne,Hyderabad-1,16.10315,77.84052
Andhra Pradesh,577867,UPPARU,Hyderabad-1,16.3151,77.65802
Andhra Pradesh,577207,Domala Penta,Hyderabad-1,16.0991,78.89708
Andhra Pradesh,565245,Mohan Mill,Hyderabad-1,16.2361,77.7919
Andhra Pradesh,565237,Gadwal,Hyderabad-1,16.23667,77.81213
Andhra Pradesh,576725,"Dharmagiri,Shamshabad",Hyderabad-1,17.26087,78.43507
Andhra Pradesh,565205,Shadnagar,Hyderabad-1,17.06537,78.2057
Andhra Pradesh,565061,pebbair,Hyderabad-1,16.20643,77.99365
Andhra Pradesh,564092,BODHAN,Hyderabad-2,18.6549,77.89346
Andhra Pradesh,531083,Yellareddy-2,Hyderabad-2,18.1983,78.01329
Andhra Pradesh,563882,NIJAMABAD - 3,Hyderabad-2,18.668678,78.090062
Andhra Pradesh,563880,NIJAMABAD - 1,Hyderabad-2,18.688373,78.113703
Andhra Pradesh,563888,Nizambad - 5,Hyderabad-2,18.66966,78.0968
Andhra Pradesh,563885,Nizambad - 6,Hyderabad-2,18.6811,78.11258
Andhra Pradesh,564069,BHAIMSA,Hyderabad-2,19.10147,77.96458
Andhra Pradesh,564091,Balkonda,Hyderabad-2,18.87248,78.34431
Andhra Pradesh,563921,Biknoor,Hyderabad-2,18.18232,78.39985
Andhra Pradesh,564100,Bichkunda,Hyderabad-2,18.40094,77.7016
Andhra Pradesh,563958,Ashok Nagar - Armoor,Hyderabad-2,18.79283,78.2715
Andhra Pradesh,564104,Banswada-2,Hyderabad-2,18.3872,77.8692
Andhra Pradesh,563898,Bheemgal-2,Hyderabad-2,18.69925,78.44107
Andhra Pradesh,564085,Gujjargalli,Hyderabad-2,19.11289,77.96016
Andhra Pradesh,564089,NYALKAL-2,Hyderabad-2,18.63322,78.09552
Andhra Pradesh,564099,Nandipeta-2,Hyderabad-2,18.87688,78.15048
Andhra Pradesh,564093,Narsi Road ,Hyderabad-2,18.66244,77.88513
Andhra Pradesh,564103,Pitlum,Hyderabad-2,18.2223,77.8239
Andhra Pradesh,564094,Shakkar nagar,Hyderabad-2,18.6681,77.90308
Andhra Pradesh,563883,Subash Nagar (NZBD),Hyderabad-2,18.68437,78.10443
Andhra Pradesh,563887,GURBA BADI ROAD-UNITECH,Hyderabad-2,18.68106,78.09633
Andhra Pradesh,564097,Gundaram,Hyderabad-2,18.71497,78.06603
Andhra Pradesh,564113,Mudhole,Hyderabad-2,18.97209,77.91063
Andhra Pradesh,563961,ARMOOR (APHB COLONY),Hyderabad-2,18.79359,78.29464
Andhra Pradesh,563960,RR NAGAR,Hyderabad-2,18.78584,78.29206
Andhra Pradesh,564110,CHATANAY COLONY,Hyderabad-2,18.38334,77.87491
Andhra Pradesh,563956,ADLOOR,Hyderabad-2,18.35784,78.3288
Andhra Pradesh,563884,Subhashnagar (Hamalwadi NZBD),Hyderabad-2,18.68176,78.10571
Andhra Pradesh,564086,Namdevwada,Hyderabad-2,18.682,78.0984
Andhra Pradesh,563896,Mothe,Hyderabad-2,18.69475,78.4495
Andhra Pradesh,563924,Behind kamareddy Bustand,Hyderabad-2,18.3243,78.3277
Andhra Pradesh,563955,KAMAREDDY-4,Hyderabad-2,18.32843,78.33848
Andhra Pradesh,531081,BICHKUNDA-3,Hyderabad-2,18.40158,77.7065
Andhra Pradesh,531717,Rpt_Karawadi,Hyderabad-2,18.42224,78.16936
Andhra Pradesh,572604,Mallepalli,Hyderabad-2,18.67797,78.0862
Andhra Pradesh,572075,Ahmadpura,Hyderabad-2,18.67429,78.0881
Andhra Pradesh,573223,ITI Arasapally,Hyderabad-2,18.68059,78.07396
Andhra Pradesh,565101,RANJAL 2 (Satapur),Hyderabad-2,18.7604,77.9252
Andhra Pradesh,577206,Nizamabad (Bodhan Bus Stand),Hyderabad-2,18.67088,78.08618
Andhra Pradesh,577364,Padma Nagar,Hyderabad-2,18.66033,78.09945
Andhra Pradesh,577105,Vinayaknagar,Hyderabad-2,18.66739,78.10893
Andhra Pradesh,505677,"Arya Nagar, Nizambad",Hyderabad-2,18.65768,78.118541
Andhra Pradesh,505554,Kotigiri,Hyderabad-2,18.5756,77.81992
Andhra Pradesh,505645,PADGAL,Hyderabad-2,18.832469,78.375945
Andhra Pradesh,505742,"Gayatri Nagar, Nizamabad",Hyderabad-2,18.663346,78.09809
Andhra Pradesh,505744,"Arya Nagar, Kamareddy",Hyderabad-2,18.320898,78.328658
Andhra Pradesh,505762,Bibipet,Hyderabad-2,18.208481,78.525808
Andhra Pradesh,521811,Gandhi chowk-TTS:L,Hyderabad-2,18.67425,78.096903
Andhra Pradesh,525752,Arsapally2,Hyderabad-2,18.67781,78.073749
Andhra Pradesh,530485,Near Megamart,Hyderabad-2,18.67426,78.098339
Andhra Pradesh,530552,Arsapally (Airtel),Hyderabad-2,18.67203,78.08239
Andhra Pradesh,579495,Ramchandrapally,Hyderabad-2,18.770176,78.216856
Andhra Pradesh,579575,Phulong_Nzb,Hyderabad-2,18.66936,78.10273
Andhra Pradesh,580714,Ahmedpura Colony_Nzb,Hyderabad-2,18.66975,78.08074
Andhra Pradesh,585634,Khanapur_airtel,Hyderabad-2,18.700556,78.092215
Andhra Pradesh,586268,Satish Nagar_airtel,Hyderabad-2,18.678337,78.067977
Andhra Pradesh,585633,Arsapally-Nizamabad,Hyderabad-2,18.683236,78.078956
Andhra Pradesh,587257,"Sarangapur, Nizamabad",Hyderabad-2,18.689505,78.061012
Andhra Pradesh,587967,Ambedkar Colony NZB,Hyderabad-2,18.679395,78.092379
Andhra Pradesh,587833,"Hanuman Mandir,Bhaimsa",Hyderabad-2,19.11211,77.9574
Andhra Pradesh,590038,MR Gardens,Hyderabad-2,18.78672,78.3031
Andhra Pradesh,591758,Nehru Nagar | Jankampet,Hyderabad-2,18.70589,78.03897
Andhra Pradesh,591290,Quilla Rd | Nizamabad,Hyderabad-2,18.66868,78.08781
Andhra Pradesh,592818,Pallikonda,Hyderabad-2,18.670154,78.4786
Andhra Pradesh,593090,NEARBY POST OFFICE|Mudhole,Hyderabad-2,18.978432,77.906378
Andhra Pradesh,592880,Kothapally,Hyderabad-2,18.90682,78.369406
Andhra Pradesh,592646,Degaon,Hyderabad-2,18.848153,78.257813
Andhra Pradesh,593341,Taroda,Hyderabad-2,19.011405,77.934316
Andhra Pradesh,593279,Baswapur,Hyderabad-2,18.505234,77.818729
Andhra Pradesh,590609,Raikur,Hyderabad-2,18.602851,77.857045
Andhra Pradesh,594643,Kachapur,Hyderabad-2,18.20099,78.45494
Andhra Pradesh,594335,Nagaram| Nizamabad,Hyderabad-2,18.650441,78.06782
Andhra Pradesh,595357,Panta Khurd | Lakmapur,Hyderabad-2,18.63758,77.84624
Andhra Pradesh,595446, Venkateshwara Colony |Bodhan,Hyderabad-2,18.66688,77.88394
Andhra Pradesh,595299,Kodicherla |Doodgaon,Hyderabad-2,18.982863,78.384291
Andhra Pradesh,596681,Mullangi,Hyderabad-2,18.774967,78.098693
Andhra Pradesh,592827,Merdepalle,Hyderabad-2,18.830644,78.23018
Andhra Pradesh,597016,Kotagiri,Hyderabad-2,18.573164,77.827333
Andhra Pradesh,596624,ARP CAMP,Hyderabad-2,18.69987,77.95136
Andhra Pradesh,597144,Chimanpally | Pandimadugu,Hyderabad-2,18.547873,78.540133
Andhra Pradesh,597402,Badsi,Hyderabad-2,18.565415,78.135302
Andhra Pradesh,597319,Tekriyal,Hyderabad-2,18.343504,78.307261
Andhra Pradesh,597317,CSI Saint Peters Church St|Mahalaxmi Colony,Hyderabad-2,18.78444,78.28832
Andhra Pradesh,597833,NDCC BANK |Dharpally,Hyderabad-2,18.5722,78.369
Andhra Pradesh,598883,TIRMALAPUR,Hyderabad-2,18.58447,77.77621
Andhra Pradesh,598499,LIMBA KURDH,Hyderabad-2,19.152078,78.047054
Andhra Pradesh,563963,Varni  ,Hyderabad-2,18.53139,77.89674
Andhra Pradesh,530926,KAMAREDDY-4,Hyderabad-2,18.33328,78.33503
Andhra Pradesh,577868,Perkit,Hyderabad-2,18.79227,78.30819
Andhra Pradesh,505616,Gutpa,Hyderabad-2,18.774176,78.199139
Andhra Pradesh,505646,THIMMAPUR,Hyderabad-2,19.11187,78.07179
Andhra Pradesh,598464,Hanmajipet |Paidimal,Hyderabad-2,18.43681,78.00341
Andhra Pradesh,599071,Mamidipally| Armur|ULS,Hyderabad-2,18.7768,78.2976
Andhra Pradesh,599492,Arsapally2|ULS,Hyderabad-2,18.667482,78.073482
Andhra Pradesh,599233,Gadkole|Ramadugu,Hyderabad-2,18.5407,78.42501
Andhra Pradesh,599493,Gautamnagar|ULS,Hyderabad-2,18.69394,78.110761
Andhra Pradesh,480021,Banswada|ULS,Hyderabad-2,18.38577,77.86556
Andhra Pradesh,480140,Pusalagally|ULS,Hyderabad-2,18.66996,78.09654
Andhra Pradesh,599494,Bada Bazar|ULS,Hyderabad-2,18.665071,78.096416
Andhra Pradesh,599401,Demi,Hyderabad-2,18.323133,78.213884
Andhra Pradesh,481255,Bhainsa| Nirmal|ULS,Hyderabad-2,19.10288,77.98118
Andhra Pradesh,481353,Banswada|NIZ|ULS,Hyderabad-2,18.3873,77.87385
Andhra Pradesh,481413,Ambedkar Colony| NIZ|ULS,Hyderabad-2,18.67999,78.08694
Andhra Pradesh,481473,Arsapally|ULS,Hyderabad-2,18.68082,78.07086
Andhra Pradesh,481474,NRI Colony|ULS,Hyderabad-2,18.67497,78.09042
Andhra Pradesh,481155,Jagiryala,Hyderabad-2,18.73804,78.44668
Andhra Pradesh,481622,FCI Colony|ULS,Hyderabad-2,18.66846,78.11261
Andhra Pradesh,493695,Madanpalle,Hyderabad-2,18.6818,78.1874
Andhra Pradesh,599495,Arsapally| Niz|ULS,Hyderabad-2,18.6764,78.0717
Andhra Pradesh,563891,Arsapally,Hyderabad-2,18.6718,78.082
Andhra Pradesh,564088,PADMANAGAR-UNITECH,Hyderabad-2,18.66508,78.1003
Andhra Pradesh,505673,"Mubarak Nagar, Nizamabad",Hyderabad-2,18.696365,78.123284
Andhra Pradesh,456179,Nizamabad( Station Road),Hyderabad-2,18.67672,78.10185
Andhra Pradesh,503337,Telecom Colony,Hyderabad-2,18.652849,78.115118
Andhra Pradesh,563959,Old Armoor (Rep),Hyderabad-2,18.79455,78.28117
Andhra Pradesh,564111,Yamcha,Hyderabad-2,18.87314,77.94828
Andhra Pradesh,564877,RADIO STATION,Hyderabad-2,18.6602,78.09202
Andhra Pradesh,523236,Devunipally_Kmd (E-City),Hyderabad-2,18.32092,78.31803
Andhra Pradesh,580884,Bheemgal_Nzb,Hyderabad-2,18.70032,78.46166
Andhra Pradesh,563923,KAMAREDDY - 1,Hyderabad-2,18.32693,78.32855
Andhra Pradesh,563899,ARMMOR,Hyderabad-2,18.78748,78.29326
Andhra Pradesh,564109,Banswada,Hyderabad-2,18.37878,77.87757
Andhra Pradesh,505763,jakranpalli,Hyderabad-2,18.716751,78.271141
Andhra Pradesh,562914,Aravind Nagar (Antp),Kurnool,14.66814,77.59399
Andhra Pradesh,563077,Adoni-1,Kurnool,15.63059,77.28475
Andhra Pradesh,563080,Srisailam,Kurnool,16.07147,78.86906
Andhra Pradesh,563072,Kurnool-4,Kurnool,15.80264,78.04881
Andhra Pradesh,562918,Saradanagar,Kurnool,14.65602,77.61238
Andhra Pradesh,563083,Dhone-Ph-3,Kurnool,15.39844,77.87215
Andhra Pradesh,562907,Tadipatri-2,Kurnool,14.9076,77.9837
Andhra Pradesh,563059,Nandavaram,Kurnool,15.37743,78.27871
Andhra Pradesh,562911,Madakasira,Kurnool,13.93865,77.27403
Andhra Pradesh,563153,Tadipathri,Kurnool,14.91129,78.00705
Andhra Pradesh,563062,Owk,Kurnool,15.20652,78.11231
Andhra Pradesh,562906,Ananthapur-6,Kurnool,14.68552,77.6037
Andhra Pradesh,563064,Chagalamarri,Kurnool,14.96329,78.58608
Andhra Pradesh,563070,Nandyal-4,Kurnool,15.49262,78.48391
Andhra Pradesh,563084,Abbas Nagar,Kurnool,15.8105,78.04182
Andhra Pradesh,563145,Gooty - Ar,Kurnool,15.12112,77.63525
Andhra Pradesh,563086,Aspri Road,Kurnool,15.61921,77.28373
Andhra Pradesh,565174,Bethamcherla Antp,Kurnool,14.42649,77.72973
Andhra Pradesh,565170,Gooty Railway Station,Kurnool,15.14509,77.62614
Andhra Pradesh,563094,Hotel Mourya,Kurnool,15.8281,78.03538
Andhra Pradesh,563089,Kothapet-Kurnool ,Kurnool,15.39194,77.87415
Andhra Pradesh,563088,Kurnool One Town,Kurnool,15.82533,78.04984
Andhra Pradesh,563085,Kurnool-6,Kurnool,15.84027,78.03803
Andhra Pradesh,563095,Main bazar Allagadda,Kurnool,15.13039,78.51659
Andhra Pradesh,563099,MAMIDALAPADU,Kurnool,15.85465,78.01375
Andhra Pradesh,563096,Postal colony Atmakur,Kurnool,15.87402,78.57945
Andhra Pradesh,562874,REVENUE COLONY,Kurnool,14.6922,77.59993
Andhra Pradesh,562902,RF Road,Kurnool,14.9092,77.99414
Andhra Pradesh,562957,RUDRAMPETA,Kurnool,14.646118,77.671873
Andhra Pradesh,562956,SK UNIVETSITY,Kurnool,14.59898,77.65495
Andhra Pradesh,565142,Tadipatri-3,Kurnool,14.90961,78.01338
Andhra Pradesh,563090,Nr. Sarafa Bazar,Kurnool,15.62798,77.27362
Andhra Pradesh,563073,Kurnool- 5,Kurnool,15.83489,78.0225
Andhra Pradesh,562960,Hampapuram,Kurnool,14.55514,77.62876
Andhra Pradesh,562961,Gajrampally,Kurnool,15.00119,77.61768
Andhra Pradesh,563104,Pothuladoddi,Kurnool,15.19276,77.70124
Andhra Pradesh,565171,Kodihalli,Kurnool,13.86037,77.47898
Andhra Pradesh,562877,Pothulakunta (Rep),Kurnool,14.16014,77.70357
Andhra Pradesh,562889,Gunjepalle,Kurnool,14.3849,77.9506
Andhra Pradesh,563103,Nagaladinne,Kurnool,15.91144,77.56525
Andhra Pradesh,562955,Kanekal,Kurnool,14.80388,77.07581
Andhra Pradesh,562890,Seepri (Rep),Kurnool,14.66435,77.15508
Andhra Pradesh,562891,Junjurampalli (Rep),Kurnool,14.64428,77.00333
Andhra Pradesh,562894,Teacher's colony(HINDUPUR),Kurnool,13.81472,77.48732
Andhra Pradesh,565176,Kadri-2,Kurnool,14.10915,78.16099
Andhra Pradesh,562895,Darmavaram -4,Kurnool,14.4218,77.723
Andhra Pradesh,562899,Krishnapuram-3,Kurnool,14.9015,78.00877
Andhra Pradesh,563108,Near -PS kurnool,Kurnool,15.79355,78.03742
Andhra Pradesh,563110,Banaganapalle,Kurnool,15.32457,78.22819
Andhra Pradesh,563109,BETHAMCHERLA ROAD,Kurnool,15.45662,78.14891
Andhra Pradesh,562920,Hotel Noma,Kurnool,14.67994,77.60303
Andhra Pradesh,563113,Devanakonda,Kurnool,15.54185,77.5467
Andhra Pradesh,563016,Vanganur rly,Kurnool,14.81131,78.14632
Andhra Pradesh,565140,Guntakal - Vidya nagar,Kurnool,15.17095,77.36391
Andhra Pradesh,565109,Pinnapuram (Rep),Kurnool,15.58981,78.26585
Andhra Pradesh,565112,ENGINEERS' COLONY,Kurnool,15.79938,78.05079
Andhra Pradesh,565118,SKD COLONY,Kurnool,15.61515,77.27839
Andhra Pradesh,563133,Adoni,Kurnool,15.61402,77.26739
Andhra Pradesh,563120,KURNOOL (Kothapeta),Kurnool,15.83749,78.04609
Andhra Pradesh,563117,KUMMARAGARI,Kurnool,15.82611,78.05622
Andhra Pradesh,563115,EASWAR NAGAR,Kurnool,15.83278,78.0397
Andhra Pradesh,563121,Budavaripet,Kurnool,15.82049,78.04301
Andhra Pradesh,563123,Rapthadu,Kurnool,14.61781,77.607
Andhra Pradesh,563128,Alagadda,Kurnool,15.13535,78.5027
Andhra Pradesh,563140,K Agraharam - Ar,Kurnool,14.93328,77.58498
Andhra Pradesh,563146,NGO's Colony  (Kurnool),Kurnool,15.46659,78.48788
Andhra Pradesh,563157,Lingamaiah Steet - Allagadda,Kurnool,15.13173,78.51372
Andhra Pradesh,563158,kodumur,Kurnool,15.68115,77.7699
Andhra Pradesh,563160,Pandipadu,Kurnool,15.79613,78.01776
Andhra Pradesh,565127,ATMAKUR,Kurnool,15.8776,78.5816
Andhra Pradesh,565129,Bhairava Nagar,Kurnool,14.65135,77.6031
Andhra Pradesh,565132,Mudireddypalli-Hin,Kurnool,13.82853,77.49001
Andhra Pradesh,565133,Ananthapur_4(Rudrampet),Kurnool,14.66726,77.5825
Andhra Pradesh,565136,KADIRI (Siddapuram),Kurnool,14.12323,78.15681
Andhra Pradesh,563139,Bhagya Nagar Colony,Kurnool,14.68496,77.57104
Andhra Pradesh,563131,"Bankers colony, Adoni",Kurnool,15.6302,77.29579
Andhra Pradesh,530951,Enugumarri,Kurnool,15.29813,77.78868
Andhra Pradesh,568714,HARINATH V.G.S.HIGH SCHOOL,Kurnool,14.6856,77.5922
Andhra Pradesh,565166,Kurnool (Industrial area),Kurnool,15.81146,78.02708
Andhra Pradesh,563102,B.THANDRAPADU,Kurnool,15.76608,78.06095
Andhra Pradesh,531676,Dharmavaram-5,Kurnool,14.41348,77.72437
Andhra Pradesh,563116,B R Colony,Kurnool,15.83829,78.02239
Andhra Pradesh,572071,H L C Colony,Kurnool,14.6974,77.59834
Andhra Pradesh,572074,Pedda Tekur,Kurnool,15.72969,78.00505
Andhra Pradesh,570985,Lakshmipuram,Kurnool,13.82574,77.49691
Andhra Pradesh,572663,Hanuman junction NH7,Kurnool,14.72821,77.60686
Andhra Pradesh,531090,RPT_Chityala,Kurnool,15.47109,77.76
Andhra Pradesh,575973,"Gandhi Chowk, Nandyal",Kurnool,15.48997,78.48688
Andhra Pradesh,575664,THOGATTA STREET,Kurnool,14.41786,77.72574
Andhra Pradesh,577208,Santhinagar_At2213,Kurnool,14.69394,77.59167
Andhra Pradesh,577388,Adoni,Kurnool,15.63047,77.28883
Andhra Pradesh,577813,Gaffoorcolony,Kurnool,14.6837,77.61295
Andhra Pradesh,577808,Vinayak Nagar,Kurnool,14.68611,77.607782
Andhra Pradesh,505741,"Sarafa Bazar, Adoni",Kurnool,15.62805,77.27201
Andhra Pradesh,505941,"Santosh Nagar, Kurnool",Kurnool,15.83857,78.01234
Andhra Pradesh,505812,Maddikera,Kurnool,15.25596,77.4183
Andhra Pradesh,505844,Beluguppa,Kurnool,14.71035,77.13469
Andhra Pradesh,505942,"Maruthi Mega City, Kurnool",Kurnool,15.78532,78.05707
Andhra Pradesh,505950,Kothapeta,Kurnool,15.838066,78.043533
Andhra Pradesh,521419,Ucon Plaza ,Kurnool,15.829979,78.042961
Andhra Pradesh,521756,Nh7 Rail Gate-Ttsl,Kurnool,14.708809,77.595464
Andhra Pradesh,523328,Ndl 7_4 (Noonpalli) ,Kurnool,15.46308,78.4831
Andhra Pradesh,523259,Gtl-Vv Nagar,Kurnool,15.17482,77.38019
Andhra Pradesh,524777,Koilakuntla,Kurnool,15.23366,78.31444
Andhra Pradesh,524895,Nandikotkur,Kurnool,15.859742,78.2689
Andhra Pradesh,525403,"Auto Nagar, Dhone",Kurnool,15.39389,77.86774
Andhra Pradesh,525696,Lakshmipur - Hdp,Kurnool,13.81535,77.50274
Andhra Pradesh,526175,Mugathi,Kurnool,15.79848,77.47094
Andhra Pradesh,526867,Ram Nagar - Anantapur,Kurnool,14.669274,77.584939
Andhra Pradesh,503043,Pawada Road,Kurnool,13.93926,77.27866
Andhra Pradesh,503076,Gadda Street,Kurnool,15.82148,78.0545
Andhra Pradesh,503155,Nandyala,Kurnool,15.46695,78.49308
Andhra Pradesh,522451,Gotty - Airtel,Kurnool,15.10798,77.63761
Andhra Pradesh,527840,Tadipatri-Airtel,Kurnool,14.91339,77.97428
Andhra Pradesh,527842,Vidyanagar-Ananthapur,Kurnool,14.558967,77.109474
Andhra Pradesh,528009,Hindupur,Kurnool,13.83524,77.48903
Andhra Pradesh,529605,Ashok Nagar Bsnl,Kurnool,15.83672,78.03114
Andhra Pradesh,529606,"Minchin Bazar, Kurnool",Kurnool,15.8308,78.05082
Andhra Pradesh,578170,Jalvadi,Kurnool,15.79605,77.37189
Andhra Pradesh,578901,"Bharpet, Aranjyothi Nagar",Kurnool,15.62984,77.27697
Andhra Pradesh,579467,Allagadda_Tb Road,Kurnool,15.13377,78.50879
Andhra Pradesh,579595,Kranthi Nagar,Kurnool,15.48584,78.48933
Andhra Pradesh,581134,"Gandhi Chowk, Nandyal-Relocation",Kurnool,15.48927,78.48653
Andhra Pradesh,445000,BESTHARAPALLE,Kurnool,14.29333,77.09959
Andhra Pradesh,445002,BOMMAGUNDANAHALLI,Kurnool,13.89813,77.07424
Andhra Pradesh,445003,GANGAM PALLI,Kurnool,14.03702,77.81625
Andhra Pradesh,445004,MALEPALLI,Kurnool,14.359,78.11072
Andhra Pradesh,445007,KOTANKA,Kurnool,14.77092,77.53022
Andhra Pradesh,445008,DHARMAPURAM,Kurnool,14.92021,77.88348
Andhra Pradesh,445009,GANDLAPARTHI,Kurnool,14.54342,77.54428
Andhra Pradesh,445010,GODDUMARRI,Kurnool,14.60595,78.01128
Andhra Pradesh,445012,KALIPI,Kurnool,13.98111,77.44626
Andhra Pradesh,445015,RAVUDI,Kurnool,13.82069,77.02155
Andhra Pradesh,445017,SREEDHARAGATTA,Kurnool,14.90476,77.00902
Andhra Pradesh,445018,THUMUCHERLA,Kurnool,14.53165,77.45239
Andhra Pradesh,445020,R.ANANTHAPURAM,Kurnool,13.949,77.33952
Andhra Pradesh,445022,NAGALAPURAM,Kurnool,14.93486,76.93163
Andhra Pradesh,445023,PILLENAHALLI,Kurnool,13.98953,77.20954
Andhra Pradesh,445027,POLIKI,Kurnool,15.07221,77.29955
Andhra Pradesh,445028,SIVARAM,Kurnool,14.03152,77.02272
Andhra Pradesh,445029,KUMTIMADI,Kurnool,14.33371,77.5974
Andhra Pradesh,445030,RAMAGIRI,Kurnool,14.3089,77.4994
Andhra Pradesh,445032,GOWKANAPALLE,Kurnool,14.17309,78.40609
Andhra Pradesh,445034,YENUMALA DODDI,Kurnool,14.38517,77.11034
Andhra Pradesh,445035,GOWNIPALLI,Kurnool,13.98,77.91845
Andhra Pradesh,445037,JUNJURAMPALLE,Kurnool,14.64341,77.00381
Andhra Pradesh,445038,SREERANGAPURAM,Kurnool,14.73845,77.07468
Andhra Pradesh,445039,VELICHELIMALA,Kurnool,14.16663,78.34283
Andhra Pradesh,445041,DONNIKOTA,Kurnool,14.09318,78.03461
Andhra Pradesh,445042,YATAKAL,Kurnool,14.50304,77.05663
Andhra Pradesh,445043,POLETIPALLE,Kurnool,14.28227,77.67245
Andhra Pradesh,445046,"BANDLAPALLE,KOTHACHERUVU MANDAL",Kurnool,14.13183,77.69697
Andhra Pradesh,445050,KODAVANDLAPALLE,Kurnool,14.46676,77.96393
Andhra Pradesh,445051,JOGANNAPETA,Kurnool,14.05242,78.17228
Andhra Pradesh,445052,BACHCHUPALLE,Kurnool,14.45498,77.04685
Andhra Pradesh,445106,G.SINGAVARAM,Kurnool,15.87754,77.94294
Andhra Pradesh,445108,CHINNAHYTA,Kurnool,15.48485,77.08665
Andhra Pradesh,445110,MEERAPURAM,Kurnool,15.33137,78.16948
Andhra Pradesh,445111,PALUKUDODDI,Kurnool,15.85202,77.67502
Andhra Pradesh,445113,RACHUMARRI,Kurnool,15.89594,77.34599
Andhra Pradesh,445118,YERRADODDI,Kurnool,15.6704,77.87939
Andhra Pradesh,445119,BHEEMUNIPADU,Kurnool,15.21722,78.36005
Andhra Pradesh,445122,KAMBALADINNE,Kurnool,15.79779,77.37036
Andhra Pradesh,445123,R.KRISHNAPURAM,Kurnool,15.08387,78.58863
Andhra Pradesh,445126,T.LINGAMDINNE,Kurnool,15.19897,78.59773
Andhra Pradesh,445128,EDURUPADU,Kurnool,15.92534,78.47608
Andhra Pradesh,445129,AYYAVARIKODURU,Kurnool,15.52931,78.53773
Andhra Pradesh,445130,NANDIVARGAM,Kurnool,15.41586,78.31094
Andhra Pradesh,445131,"ALLUR,KURNOOL",Kurnool,15.12578,78.34851
Andhra Pradesh,445133,YERUKALACHERUVU,Kurnool,15.54292,77.77015
Andhra Pradesh,445134,"MADDUR,KURNOOL",Kurnool,15.74764,78.48608
Andhra Pradesh,445135,PETNIKOTA,Kurnool,15.08224,78.05955
Andhra Pradesh,445136,EDDUPENTA,Kurnool,15.36371,77.7592
Andhra Pradesh,445137,BADNIEHL,Kurnool,15.7154,77.16138
Andhra Pradesh,445139,PEDDAKAMBALURU,Kurnool,15.30303,78.61239
Andhra Pradesh,445140,KORRARACHEDU,Kurnool,15.19968,77.19108
Andhra Pradesh,445142,MADIRE,Kurnool,15.6448,77.21455
Andhra Pradesh,445143,NITRAVATHI,Kurnool,15.38202,77.12569
Andhra Pradesh,445146,RAMADURGAM,Kurnool,15.29723,77.25036
Andhra Pradesh,445147,MEDIVEMULA,Kurnool,15.67448,78.10081
Andhra Pradesh,445148,BURANDODDI,Kurnool,15.78673,77.69006
Andhra Pradesh,445150,POLUR,Kurnool,15.57356,78.42416
Andhra Pradesh,445152,GANI,Kurnool,15.66654,78.31784
Andhra Pradesh,445154,MUCHUMARRI,Kurnool,15.96321,78.28695
Andhra Pradesh,445155,GUDIPADU,Kurnool,15.18112,77.77515
Andhra Pradesh,445156,UPPALAPADDU,Kurnool,15.17308,78.04071
Andhra Pradesh,445157,SHOPPING COMPLEX,Kurnool,15.48445,78.4878
Andhra Pradesh,456093,JSW Cements,Kurnool,15.68484,78.45894
Andhra Pradesh,456092,Ultratech5th,Kurnool,15.02348,78.01176
Andhra Pradesh,582462,Kia Factory (Project Site),Kurnool,14.166771,77.628398
Andhra Pradesh,582127,Enumulapalli,Kurnool,14.14643,77.81729
Andhra Pradesh,582511,Santhinagar_Ant,Kurnool,14.6941,77.59189
Andhra Pradesh,581943,ATP_Ramnagar,Kurnool,14.67529,77.58372
Andhra Pradesh,583214,Stalin Nagar-Ananthapur,Kurnool,14.70531,77.59154
Andhra Pradesh,582463,Kia Town Ship,Kurnool,14.160726,77.605303
Andhra Pradesh,584558,Kadiri_Reloc,Kurnool,14.11617,78.15797
Andhra Pradesh,584537,Chetnepalli,Kurnool,15.15756,77.62475
Andhra Pradesh,586102,Sunkulammapalem,Kurnool,14.915,78.01744
Andhra Pradesh,585564,Hindupur_airtel,Kurnool,13.84513,77.49994
Andhra Pradesh,587675,Gooty Ananta Puram,Kurnool,15.072971,77.631699
Andhra Pradesh,587784,RASAPPA BAVI,Kurnool,14.55002,77.10497
Andhra Pradesh,588319,"Housing Board Colony, Anantapur",Kurnool,14.665706,77.601187
Andhra Pradesh,587982,Muttala,Kurnool,14.59294,77.37435
Andhra Pradesh,588004,CHOWDESWARI DEVI TEMPLE,Kurnool,14.713782,77.810664
Andhra Pradesh,587673,"Rudrampeta, Anantapur",Kurnool,14.67086,77.57277
Andhra Pradesh,588957,Talaricheruvu | Airtel,Kurnool,14.9467,78.08174
Andhra Pradesh,587786,"Revenue colony,anathapur",Kurnool,14.687799,77.589289
Andhra Pradesh,587360,PUTTAPATHI,Kurnool,14.17057,77.80925
Andhra Pradesh,589441,Dwaraka nagar Ananthapur,Kurnool,14.688653,77.597603
Andhra Pradesh,563155,Syndicate nagar - Ar,Kurnool,14.696,77.554
Andhra Pradesh,587676,Gajjala Reddy Palle,Kurnool,14.10391,78.16277
Andhra Pradesh,590342,Kamasalapeta| Hindupuram,Kurnool,13.82547,77.48672
Andhra Pradesh,585529,Saibaba Pet,Kurnool,15.84732,78.26082
Andhra Pradesh,591003,S|Nagulavaram,Kurnool,15.3863,78.46831
Andhra Pradesh,592877,Ayyalur,Kurnool,15.4419,78.52242
Andhra Pradesh,591289,Adarsh Colony| Chinmay Nagar,Kurnool,14.659783,77.590792
Andhra Pradesh,593357,Thatrakal,Kurnool,15.005052,77.380854
Andhra Pradesh,591291,Mukkidipeta | Hindupuram,Kurnool,13.82945,77.47967
Andhra Pradesh,586948,Tilak Nagar_Guntakal,Kurnool,15.16623,77.3833
Andhra Pradesh,592829,Shanthi Nagar,Kurnool,14.426979,77.7245
Andhra Pradesh,592908,SHILPA ESTATE BUSTOP,Kurnool,15.61303,77.29219
Andhra Pradesh,594685,Sreekanthapuram,Kurnool,13.82511,77.52874
Andhra Pradesh,592442,Kowlepalli village,Kurnool,14.09206,78.1654
Andhra Pradesh,595412,Mandalapalle,Kurnool,14.026225,77.75714
Andhra Pradesh,592909,LITTLE FLOWER PUBLIC SCL,Kurnool,15.39269,77.87179
Andhra Pradesh,595300,ASAR STREET,Kurnool,14.677315,77.607917
Andhra Pradesh,594334,Kia Factory |Back Side Of Head Office,Kurnool,14.160444,77.620909
Andhra Pradesh,595859,Yerraguntapalli,Kurnool,14.88179,77.933604
Andhra Pradesh,595447,Balaji nagar | Kurnool,Kurnool,15.795433,78.03389
Andhra Pradesh,594401,Nehru Auto Nagar | Kurnool,Kurnool,15.83197,78.00649
Andhra Pradesh,593488,BADI BEEDH,Kurnool,15.8226,78.0514
Andhra Pradesh,595881,Kallukunta,Kurnool,15.75793,77.324699
Andhra Pradesh,596078,Lakshmipuram|Hindupuram,Kurnool,13.8082,77.50141
Andhra Pradesh,596320,V|V Nagar| Guntakal,Kurnool,15.18078,77.37891
Andhra Pradesh,596811,Gudiselapalli,Kurnool,14.8517,76.9339
Andhra Pradesh,595979,Gondiparla,Kurnool,15.825455,78.073926
Andhra Pradesh,596246,Yallakora Estate |Sree Rama Nagar|,Kurnool,15.79574,78.06509
Andhra Pradesh,597010,Khadak Pura |Kurnool,Kurnool,15.829848,78.049006
Andhra Pradesh,597057,Boyala Kuntla | Chennuru,Kurnool,15.39262,78.579
Andhra Pradesh,597259,Sripathi Rao pet,Kurnool,15.89928,78.62665
Andhra Pradesh,597508,Mohammadabad | Sunnampalle,Kurnool,13.978907,78.027753
Andhra Pradesh,597467,Sunnapugutta Thanda,Kurnool,14.1014,78.1552
Andhra Pradesh,597442,KOTHACHERUVU_4,Kurnool,14.182789,77.76632
Andhra Pradesh,565169,CK Pally,Kurnool,14.40797,77.71101
Andhra Pradesh,563091,Sri Venkateshwara nagar,Kurnool,15.80305,78.03392
Andhra Pradesh,563112,KURNOOL-BSC (Kallur Village),Kurnool,15.82623,78.01321
Andhra Pradesh,563143,Azar Nagar - Ar,Kurnool,14.68392,77.58256
Andhra Pradesh,505573,"Market Yard, Kurnool",Kurnool,15.82469,78.03143
Andhra Pradesh,526727,"Ysr Nagar,Nandhyala",Kurnool,15.50471,78.46843
Andhra Pradesh,503124,Somisetty Nagar-kurnoo,Kurnool,15.805889,78.051245
Andhra Pradesh,599377,Karnatakanagepalli|ULS,Kurnool,14.169326,77.820624
Andhra Pradesh,598931,Untakal,Kurnool,14.98776,76.96226
Andhra Pradesh,599251,Near Sree Balaji seeds| Penukonda|ULS,Kurnool,14.09165,77.59531
Andhra Pradesh,599534,Kothacheruvu| Ananthapur|ULS,Kurnool,14.19084,77.76678
Andhra Pradesh,599223,Near Bharat gas|  Garladinne|ULS,Kurnool,14.82416,77.59719
Andhra Pradesh,480219,Bathalapalli|ULS,Kurnool,14.51518,77.76787
Andhra Pradesh,480431,Lalitanagar| Nandyala|ULS,Kurnool,15.46603,78.49071
Andhra Pradesh,481307,Near Sri Abhaya Anjineya Swamy Temple| Gooty|ULS,Kurnool,15.10637,77.63502
Andhra Pradesh,481315,Sanjay Nager|ULS,Kurnool,14.41456,77.72239
Andhra Pradesh,599052,|Kona Uppapapadu,Kurnool,15.09784,77.8951
Andhra Pradesh,481114,Anantapuram|ULS,Kurnool,14.12531,76.97217
Andhra Pradesh,481115,MadakasiraIULS,Kurnool,13.93068,77.26868
Andhra Pradesh,481147,Snehalatha Nagar|ULS,Kurnool,14.00925,77.59867
Andhra Pradesh,481154,Mukkamalla,Kurnool,15.16433,78.25704
Andhra Pradesh,481027,Budidapadu,Kurnool,15.74703,77.90596
Andhra Pradesh,481028,Kottala| Markapuram,Kurnool,15.74116,77.93953
Andhra Pradesh,481853,Penukonda|ULS,Kurnool,14.08307,77.59949
Andhra Pradesh,597447,Kallur Industrial Estate,Kurnool,15.807732,78.032328
Andhra Pradesh,480985,Agraharam|Bukkapatnam,Kurnool,14.25578,77.95406
Andhra Pradesh,494756,KRISHNA TEJA FUNCTION HALL,Kurnool,15.22492,78.32268
Andhra Pradesh,495311,Excise Colony Road|ULS,Kurnool,14.674168,77.604022
Andhra Pradesh,495308,Near HNTU Road|ULS,Kurnool,14.652361,77.610769
Andhra Pradesh,495307,Ferrer Nagar|ULS,Kurnool,14.647903,77.614335
Andhra Pradesh,495309,Near Alluri Mansion|ULS,Kurnool,14.665227,77.583657
Andhra Pradesh,665520,Gandhi Nagar|Dharmavaram|ULS    ,Kurnool,14.41833,77.71954
Andhra Pradesh,563078,Nandikotkur,Kurnool,15.85616,78.26837
Andhra Pradesh,563071,Kurnool-1,Kurnool,15.82471,78.01854
Andhra Pradesh,563082,Pattikonda,Kurnool,15.3934,77.50055
Andhra Pradesh,505721,Uravakonda,Kurnool,14.95039,77.26035
Andhra Pradesh,505722,Gooty,Kurnool,15.11882,77.63895
Andhra Pradesh,505767,Madhavaram,Kurnool,15.93637,77.35243
Andhra Pradesh,456200,Anantapur,Kurnool,14.677889,77.600278
Andhra Pradesh,562922,Yadiki,Kurnool,15.04934,77.86994
Andhra Pradesh,562910,Parigi,Kurnool,13.8906,77.46444
Andhra Pradesh,562909,Mudigubba,Kurnool,14.35085,78.00035
Andhra Pradesh,562912,Yellanur,Kurnool,14.70142,78.07064
Andhra Pradesh,563069,Orvakal,Kurnool,15.6849,78.1757
Andhra Pradesh,565110,RF Road-Tadipathri,Kurnool,14.90984,77.99721
Andhra Pradesh,565178,Rayalacheruvu,Kurnool,15.05543,77.81628
Andhra Pradesh,562958,Pamidi,Kurnool,14.95006,77.59145
Andhra Pradesh,562892,Kamalapadi (Rep),Kurnool,15.05993,77.40407
Andhra Pradesh,568712,YEMMIGANUR,Kurnool,15.7674,77.4902
Andhra Pradesh,445005,PALYAM,Kurnool,14.91698,77.47282
Andhra Pradesh,563079,Nandyal-1,Kurnool,15.48576,78.48568
Andhra Pradesh,562916,Hindupur - 2,Kurnool,13.82077,77.48973
Andhra Pradesh,505789,Settur,Kurnool,14.44656,76.98183
Andhra Pradesh,445006,PINNADARI,Kurnool,14.58177,77.81994
Andhra Pradesh,445021,BODIGANIDODDI,Kurnool,14.74112,77.68359
Andhra Pradesh,495317,Lakshmi Nagar|ULS,Kurnool,14.415096,77.711267
Andhra Pradesh,494942,Near Andhra Pragati Grameena Bank,Kurnool,14.08826,77.59545
Andhra Pradesh,564284,Addhanki,Tirupathi,15.80779,79.97511
Andhra Pradesh,564299,Chirala 1,Tirupathi,15.82703,80.35325
Andhra Pradesh,564300,Chirala 2,Tirupathi,15.78479,80.30645
Andhra Pradesh,564308,Chinna Gunjam,Tirupathi,15.69811,80.2389
Andhra Pradesh,564305,juvikunta (Rep),Tirupathi,15.44122,79.72215
Andhra Pradesh,564285,Ongole-4,Tirupathi,15.5066,80.0334
Andhra Pradesh,564291,Kalavakuru,Tirupathi,15.86661,79.99511
Andhra Pradesh,564293,Eepurupalem,Tirupathi,15.85219,80.38308
Andhra Pradesh,564296,MVS Reddamma,Tirupathi,15.50479,80.04292
Andhra Pradesh,564295,Kopperapadu,Tirupathi,15.93694,79.95858
Andhra Pradesh,564368,Chirala-Church Road -2,Tirupathi,15.83506,80.35784
Andhra Pradesh,564288,Mini bypass-ongole,Tirupathi,15.50873,80.05286
Andhra Pradesh,564359,Ongole,Tirupathi,15.49286,80.04914
Andhra Pradesh,564365,RAM NAGAR (Ongole),Tirupathi,15.4849,80.04997
Andhra Pradesh,564316,Jammulapalem (Rep),Tirupathi,15.34578,80.01851
Andhra Pradesh,564360,Darsi-2,Tirupathi,15.77531,79.6872
Andhra Pradesh,564317,Chirala Church Road,Tirupathi,15.82915,80.36016
Andhra Pradesh,564887,GIDDALURU  R.T.C BUSSTAND,Tirupathi,15.37952,78.93404
Andhra Pradesh,564891,GIDDALURU POLICE STATION ,Tirupathi,15.3753,78.92274
Andhra Pradesh,564302,Chirala 3,Tirupathi,15.81064,80.3358
Andhra Pradesh,564900,ONGOLE TRUNCK ROAD,Tirupathi,15.49665,80.0487
Andhra Pradesh,564898,PERNAMITTA-2,Tirupathi,15.53901,79.99919
Andhra Pradesh,564899,Opp. Aditya Public school,Tirupathi,15.51194,80.03883
Andhra Pradesh,565150,ALLAKORUPADU,Tirupathi,15.36561,80.0668
Andhra Pradesh,564364,Addanki HW,Tirupathi,15.80446,80.03993
Andhra Pradesh,505777,Pedaganjam,Tirupathi,15.642951,80.215268
Andhra Pradesh,505778,Nagam Botla Palem,Tirupathi,15.684025,79.816479
Andhra Pradesh,505794,Mutyalapadu,Tirupathi,14.995977,79.809429
Andhra Pradesh,505795,Tarlupadu,Tirupathi,15.658896,79.219528
Andhra Pradesh,505796,Konidena,Tirupathi,16.016152,80.05963
Andhra Pradesh,505797,Dronadula,Tirupathi,15.914086,80.148547
Andhra Pradesh,505809,Bodduvanipalem,Tirupathi,15.742391,80.010631
Andhra Pradesh,505811,Thimmasamudram,Tirupathi,15.788608,80.245273
Andhra Pradesh,523389,Dornala-Ii Bsnl ,Tirupathi,15.90749,79.08581
Andhra Pradesh,523665,Martur-Ii (Bsnl),Tirupathi,15.98467,80.10373
Andhra Pradesh,503271,Ongole-4,Tirupathi,15.503662,80.037374
Andhra Pradesh,503525,Darbar Road ,Tirupathi,15.824671,80.351899
Andhra Pradesh,530316,Sanikavararm,Tirupathi,15.90061,79.1721
Andhra Pradesh,530242,Naladalapur,Tirupathi,15.13012,79.83605
Andhra Pradesh,445217,MARRI PALEM,Tirupathi,15.66536111,79.41827778
Andhra Pradesh,445218,POTHA KAMURU,Tirupathi,15.74252,79.77142
Andhra Pradesh,445219,BALLI PALLE,Tirupathi,15.2478,79.4652
Andhra Pradesh,445220,HUSSAINPURAM,Tirupathi,15.34475,79.41069444
Andhra Pradesh,445221,PEDAGOGULAPALLE,Tirupathi,15.25911111,79.31577778
Andhra Pradesh,445223,GURAVAJIPETA,Tirupathi,15.22905556,79.39897222
Andhra Pradesh,445224,KUKKATLAPALLI,Tirupathi,15.96538,79.92814
Andhra Pradesh,445225,MOKSHAGUNDAM,Tirupathi,15.45684,79.06856
Andhra Pradesh,445226,PEDAGOLLAPALLY,Tirupathi,15.48175,79.33822222
Andhra Pradesh,445227,PUNURU,Tirupathi,15.93672,80.17352
Andhra Pradesh,445229,PURIMETLA,Tirupathi,15.88548,79.84269
Andhra Pradesh,445230,CHILAKAPADU,Tirupathi,15.47271,79.90279
Andhra Pradesh,445231,"CHINTAKUNTA,PRAKASAM",Tirupathi,15.72245,79.21095
Andhra Pradesh,445232,GAJJALAKONDA,Tirupathi,15.75242,79.39337
Andhra Pradesh,445234,CHANDALURU,Tirupathi,15.80252,79.59447
Andhra Pradesh,445235,PEDDAIRLAPADU,Tirupathi,15.204,79.58496
Andhra Pradesh,445236,SANIKAVARAM,Tirupathi,15.90036,79.17079
Andhra Pradesh,445237,ILLAPAVULURU,Tirupathi,15.68096,79.91977
Andhra Pradesh,445238,PAMIDIPDU,Tirupathi,15.71602778,80.11116667
Andhra Pradesh,445239,CHAPALAMADUGU,Tirupathi,16.07356,79.37637
Andhra Pradesh,445243,KOTHAKOTA,Tirupathi,15.32205,78.85918
Andhra Pradesh,445244,MUTUKULA,Tirupathi,16.162208,79.53175
Andhra Pradesh,445245,ISUKATRIPURAVARAM,Tirupathi,16.08502,79.50185
Andhra Pradesh,445248,CHENNUPALLE,Tirupathi,16.01436111,80.0025
Andhra Pradesh,445249,RUDRAVARAM,Tirupathi,15.60176,79.96154
Andhra Pradesh,445250,CHOLAVEDU,Tirupathi,15.52766,78.94287
Andhra Pradesh,445251,"GUDIPADU,PRAKASAM",Tirupathi,15.79429,79.52139
Andhra Pradesh,445252,KAMEPALLE,Tirupathi,15.4619,79.4042
Andhra Pradesh,445254,NAGULAVARAM,Tirupathi,15.3779,79.26701
Andhra Pradesh,445255,ARDHVIDU,Tirupathi,15.67537,78.95387
Andhra Pradesh,445256,"CHIRALAENGINEERINGCOLLEGE,RAMAPURAMBEACHROAD",Tirupathi,15.78873,80.37226
Andhra Pradesh,445257,Arogya hospital,Tirupathi,15.53384,80.05436
Andhra Pradesh,581450, Chinapavani,Tirupathi,15.02547,79.8215
Andhra Pradesh,582456,Kalanikhetan show room,Tirupathi,15.50664,80.03636
Andhra Pradesh,583058,Rk Puram Chirala,Tirupathi,15.81582,80.34791
Andhra Pradesh,582885,Singarayakonda 2- Relo,Tirupathi,15.24914,80.02312
Andhra Pradesh,583699,Singarayakonda 2- Relocation,Tirupathi,15.2444,80.02387
Andhra Pradesh,584302,Maguta_Rd_ Ongole,Tirupathi,15.50311,80.05293
Andhra Pradesh,586103,Pernamitta_airtel,Tirupathi,15.53103,80.01423
Andhra Pradesh,586094,Amodagiripatnam,Tirupathi,15.80167,80.32872
Andhra Pradesh,589029,Kandukur,Tirupathi,15.42073,79.99568
Andhra Pradesh,589612,Muntha vari Centre|Chirala,Tirupathi,15.82962,80.352939
Andhra Pradesh,590022,Ramapuram Beach Rd| Kothapeta| Chirala,Tirupathi,15.81197,80.36219
Andhra Pradesh,590021,Housing Board Colony_Ongole,Tirupathi,15.48983,80.03758
Andhra Pradesh,592081,Karlapadu Road,Tirupathi,15.72532,79.26361
Andhra Pradesh,590157,NTR Nagar|ILTD Colony| Chirala,Tirupathi,15.83082,80.37763
Andhra Pradesh,592285,Katari Palem | Chirala,Tirupathi,15.76574,80.35382
Andhra Pradesh,593356,Yadavalli,Tirupathi,15.47085,79.53791
Andhra Pradesh,593345,Gundla Samudram,Tirupathi,15.55612,79.64901
Andhra Pradesh,595321,Near MRO office | Chimakurthy|,Tirupathi,15.58136,79.86862
Andhra Pradesh,595483,Peda Mopadu,Tirupathi,15.1672,79.89179
Andhra Pradesh,597831,Srisailam Rd |Gurije Palle,Tirupathi,15.97178,79.31875
Andhra Pradesh,597433,Bollapalli |Thativaripalem,Tirupathi,15.8796,80.089739
Andhra Pradesh,598285,Singamnenipalle,Tirupathi,15.155109,79.8506
Andhra Pradesh,564363,Marthandal Highway,Tirupathi,15.9411,80.0824
Andhra Pradesh,530687,Vulapodu-Chagallu,Tirupathi,15.1116,80.0075
Andhra Pradesh,564310,Pottipalli (Rep),Tirupathi,15.36889,79.035
Andhra Pradesh,505776,Voletivaripalem,Tirupathi,15.16953,79.73444
Andhra Pradesh,599373,Vinukonda | Darsi Rd|ULS,Tirupathi,15.771551,79.68195
Andhra Pradesh,599579,Ravuri Somaiah Nagar| Tangutur|ULS,Tirupathi,15.34247,80.03263
Andhra Pradesh,480709,David Colony| Martur|ULS,Tirupathi,15.99011,80.10227
Andhra Pradesh,480711,Sujatha Nagar| Ongole|ULS,Tirupathi,15.51838,80.02393
Andhra Pradesh,481145,Near Poleramma Temple| Burepalli|ULS,Tirupathi,15.68454,80.02085
Andhra Pradesh,480981,Edlurupadu,Tirupathi,15.2264,79.8348
Andhra Pradesh,481098,Podili Rd| Kondapi|ULS,Tirupathi,15.41339,79.85393
Andhra Pradesh,481312,Balija Palem| Addanki South U|ULS,Tirupathi,15.80595,79.97255
Andhra Pradesh,481317,Martur|Praskasam |ULS,Tirupathi,15.98571,80.10915
Andhra Pradesh,481358,Beach road| Ethamukkala|ULS,Tirupathi,15.35924,80.11056
Andhra Pradesh,481277,Gangavaram| Prakasam,Tirupathi,15.81213,80.16444
Andhra Pradesh,564297,Gayatri Nilayam CSA + Cell,Tirupathi,15.50132,80.04865
Andhra Pradesh,564315,cunbum,Tirupathi,15.5803,79.10745
Andhra Pradesh,564311,obyapalli (Rep) ,Tirupathi,15.65479,79.33863
Andhra Pradesh,564901,Bhagyanagar,Tirupathi,15.4937,80.0436
Andhra Pradesh,505774,Veligandla,Tirupathi,15.341905,79.346307
Andhra Pradesh,522613,Uppumaguluru,Tirupathi,16.076356,80.065798
Andhra Pradesh,523444,Kanigiri-Iii Bsnl ,Tirupathi,15.40634,79.50142
Andhra Pradesh,564290,Konakanametla,Tirupathi,15.6495,79.4906
Andhra Pradesh,564301,Markapuram,Tirupathi,15.73925,79.27008
Andhra Pradesh,564306,Kandukuru,Tirupathi,15.21784,79.90472
Andhra Pradesh,564309,Podili,Tirupathi,15.60406,79.61092
Andhra Pradesh,564312,Giddalur,Tirupathi,15.37608,78.92858
Andhra Pradesh,564286,Parchuru,Tirupathi,15.96434,80.27712
Andhra Pradesh,576114,Saroj mayuri-Theatre(ongle),Tirupathi,15.51053,80.04573
Andhra Pradesh,564314,Kanigiri,Tirupathi,15.3994,79.5052
Andhra Pradesh,505775,Jarugumilli,Tirupathi,15.312725,79.990564
Andhra Pradesh,505810,Marripudi,Tirupathi,15.512762,79.651203
Andhra Pradesh,445222,CHIRRIKURA PADU,Tirupathi,15.3127,79.919
Andhra Pradesh,445228,NALADALAPUR,Tirupathi,15.13018,79.83626
Andhra Pradesh,445240,BOTLAGUDURU,Tirupathi,15.0857,79.5245
Andhra Pradesh,445241,VALLAYAPALEM,Tirupathi,15.51135,79.70116
Andhra Pradesh,445242,NAGARAJU GUNTA,Tirupathi,15.65365,79.52149
Andhra Pradesh,445246,VISWANADHAPURAM,Tirupathi,15.95712,79.3956
Andhra Pradesh,445247,PEDDAALAVAPADU,Tirupathi,15.36555,79.57887
Andhra Pradesh,445253,POTLURU,Tirupathi,15.04756,79.94812
Andhra Pradesh,564774,Palvancha,Warangal,17.60003,80.69985
Andhra Pradesh,564754,Khammam - 1,Warangal,17.24554,80.14095
Andhra Pradesh,564041,BRAHMANAWADA,Warangal,18.00471,79.57778
Andhra Pradesh,563975,KARIM NAGAR     1,Warangal,18.43533,79.13474
Andhra Pradesh,564026,KARIM NAGAR     2,Warangal,18.43805,79.1154
Andhra Pradesh,564024,KARIM NAGAR     3,Warangal,18.44755,79.12554
Andhra Pradesh,563982,Vemulawada-2,Warangal,18.47579,78.85733
Andhra Pradesh,564760,Vdos colony,Warangal,17.25585,80.1544
Andhra Pradesh,563998,8th Incline,Warangal,18.68501,79.52756
Andhra Pradesh,564369,Madhira,Warangal,16.92589,80.36543
Andhra Pradesh,563918,ASHOKAHOTEL NEW,Warangal,18.01207,79.56631
Andhra Pradesh,563980,Karimnagar-6,Warangal,18.44258,79.1328
Andhra Pradesh,564027,Karimnagar-7,Warangal,18.44587,79.11667
Andhra Pradesh,563974,Karimnagar-8,Warangal,18.43822,79.12785
Andhra Pradesh,564756,Khammam-4,Warangal,17.24859,80.14806
Andhra Pradesh,564757,Khammam-5,Warangal,17.23465,80.13673
Andhra Pradesh,563916,Sherpura,Warangal,17.9833,79.5964
Andhra Pradesh,564758,manugur,Warangal,17.94045,80.81544
Andhra Pradesh,564747,Kothagudem-2,Warangal,17.52274,80.63316
Andhra Pradesh,564055,Manchiryal-2,Warangal,18.88197,79.44853
Andhra Pradesh,563928,Sangam,Warangal,17.88453,79.71046
Andhra Pradesh,563931,Atmakur Warangal,Warangal,18.07383,79.73522
Andhra Pradesh,563937,Narasampeta,Warangal,17.92812,79.88972
Andhra Pradesh,563939,Nekkonda,Warangal,17.7977,79.80448
Andhra Pradesh,564063,Mamda,Warangal,19.07917,78.5216
Andhra Pradesh,564765,SUDIMALLA,Warangal,17.5763,80.33966
Andhra Pradesh,564054,Naspur (CCC X Road),Warangal,18.85717,79.49069
Andhra Pradesh,531442,Siddatha Nagar,Warangal,17.98373,79.52052
Andhra Pradesh,564056,ACC Cement,Warangal,18.89188,79.44022
Andhra Pradesh,564078,Adilabad (Shanthi nagar),Warangal,19.66641,78.54167
Andhra Pradesh,564057,Asifabad-2,Warangal,19.35859,79.29556
Andhra Pradesh,564768,Bayyaram,Warangal,17.56746,80.10157
Andhra Pradesh,564068,BELLAMPALLY2,Warangal,19.0729,79.48773
Andhra Pradesh,563902,Bhimaram village,Warangal,18.02913,79.54286
Andhra Pradesh,564767,Bonakal X road,Warangal,17.24021,80.14439
Andhra Pradesh,564010,RPt_Maddutla,Warangal,18.71332,78.89664
Andhra Pradesh,564759,Rotory Nagar,Warangal,17.24496,80.17171
Andhra Pradesh,563987,Godavarikhani-3,Warangal,18.7698,79.50461
Andhra Pradesh,563966,Jyothi Nagar,Warangal,18.44142,79.12254
Andhra Pradesh,563873,Karim Bagh,Warangal,17.96375,79.59293
Andhra Pradesh,563997,Karimnagar Road,Warangal,18.78703,78.91368
Andhra Pradesh,564012,Metapalli (Dabbawada),Warangal,18.85082,78.62306
Andhra Pradesh,564059,Luxipeta-2,Warangal,18.88383,79.20626
Andhra Pradesh,532984,Palvancha 2 (Beside Netaji Degree College),Warangal,17.60472,80.69867
Andhra Pradesh,563948,MAMNUR( IDEA),Warangal,17.90609,79.59292
Andhra Pradesh,564067,MANJULAPUR,Warangal,19.0896,78.32771
Andhra Pradesh,564035,Matewada,Warangal,18.01119,79.61948
Andhra Pradesh,563876,MGM Hospital,Warangal,17.99049,79.59515
Andhra Pradesh,563903,Narayan Nagar,Warangal,18.04922,79.53091
Andhra Pradesh,563911,NGO'S Colony Warangal,Warangal,18.01098,79.54942
Andhra Pradesh,563936,Parkala,Warangal,18.1999,79.70305
Andhra Pradesh,564000,Peddapally-2,Warangal,18.61702,79.37173
Andhra Pradesh,564075,PONNARI,Warangal,19.6763,78.48388
Andhra Pradesh,564003,Narsingapuram,Warangal,18.76189,78.91381
Andhra Pradesh,564029,Ramnagar KRMNG,Warangal,18.43987,79.10728
Andhra Pradesh,563901,Sagar wada,Warangal,18.01688,79.55853
Andhra Pradesh,563965,Sapthagiri Colony,Warangal,18.43133,79.11362
Andhra Pradesh,563879,Shanti Nagar (Wgl),Warangal,17.98087,79.61367
Andhra Pradesh,564107,Shivaji Nagar Karimnagar,Warangal,18.45054,79.13449
Andhra Pradesh,565201,Station road KHMM,Warangal,17.24969,80.13454
Andhra Pradesh,564025,Sultanbad-2,Warangal,18.52528,79.30974
Andhra Pradesh,531424,MORAMPALLI-Rep,Warangal,17.62983,80.81055
Andhra Pradesh,563972,VEDURU GATTA,Warangal,18.55337,79.20483
Andhra Pradesh,564763,Wyra-2,Warangal,17.1994,80.35014
Andhra Pradesh,564001,Markendaya colony,Warangal,18.75639,79.50615
Andhra Pradesh,564002,Manthani,Warangal,18.65358,79.6665
Andhra Pradesh,563950,Jammikunta-2,Warangal,18.28373,79.47231
Andhra Pradesh,563978,Bollmakal Road-UNITECH,Warangal,18.4348,79.1473
Andhra Pradesh,564070,Village Mandhamarri-UNITECH,Warangal,18.9941,79.46201
Andhra Pradesh,573270,Kudali,Warangal,17.327111,80.13551
Andhra Pradesh,563979,Kanapura,Warangal,18.44114,79.14069
Andhra Pradesh,564780,Komatlagudem (Rep),Warangal,17.49503,80.36274
Andhra Pradesh,564009,Rpt_Jallaran,Warangal,18.7192,79.5902
Andhra Pradesh,564066,Khanapur (Gandhi Nagar),Warangal,19.05262,78.64867
Andhra Pradesh,564082,ADILABAD-Dwaraka Nagar,Warangal,19.67,78.5304
Andhra Pradesh,564033,MUKARAMPURA,Warangal,18.43677,79.12187
Andhra Pradesh,563930,Nr Darga,Warangal,17.9571,79.59364
Andhra Pradesh,564071,Mandamarri-3,Warangal,18.98937,79.4729
Andhra Pradesh,564060,LAKSHETTI PET,Warangal,18.89591,79.20642
Andhra Pradesh,563976,Area GovtHospital Krmngr_2,Warangal,18.44084,79.12834
Andhra Pradesh,564017,VEMULAWADA (R),Warangal,18.47326,78.86128
Andhra Pradesh,564015,BHOOPATHIPURAM,Warangal,18.91042,78.80383
Andhra Pradesh,564064,Jummarathpet,Warangal,19.10653,78.34612
Andhra Pradesh,564777,Chandrapatla,Warangal,17.17576,80.5543
Andhra Pradesh,564779,Dhamsalapuram,Warangal,17.17765,80.16618
Andhra Pradesh,564778,Sattupalli (Hanuman Nagar),Warangal,17.20504,80.84839
Andhra Pradesh,563910,Ekashila Nagar -WGL,Warangal,17.9661,79.58719
Andhra Pradesh,563877,Keerthi Colony Warangal,Warangal,17.97853,79.62559
Andhra Pradesh,563929,PUNNEL,Warangal,17.90778,79.63103
Andhra Pradesh,563952,Huzurabad-2,Warangal,18.20822,79.39473
Andhra Pradesh,563938,Warangal Road,Warangal,17.92523,79.88144
Andhra Pradesh,564018,Sri Nagar Colony (KRMNG),Warangal,18.76144,79.49703
Andhra Pradesh,564031,Malkapur,Warangal,18.46668,79.07566
Andhra Pradesh,564781,S_AP_TALA_EXP_1_MALLAVARAM,Warangal,17.21149,80.41677
Andhra Pradesh,563915,Nayeem Nagar,Warangal,18.02083,79.55014
Andhra Pradesh,564048,Dornakal-Raju Thanda,Warangal,17.42778,80.1508
Andhra Pradesh,563906,Beemaram,Warangal,18.03134,79.54068
Andhra Pradesh,564871,Jayalakshmi Centre,Warangal,17.93004,79.89791
Andhra Pradesh,564866,Warangal (Kothur janda),Warangal,18.0149,79.56744
Andhra Pradesh,564875,Hanumakonda 2 (Madikonda),Warangal,17.96633,79.48904
Andhra Pradesh,564863,WARANGAL (Khilawarngal),Warangal,17.95487,79.62743
Andhra Pradesh,564867,Geetha Nagar,Warangal,17.72859,79.15083
Andhra Pradesh,564020,Chinna Kapavaram,Warangal,18.83797,78.6504
Andhra Pradesh,564869,Nakkalagutta,Warangal,17.99996,79.55078
Andhra Pradesh,572755,Chinthakunta,Warangal,18.45747,79.09256
Andhra Pradesh,564872,New Bazar - Mahabubabad ,Warangal,17.59437,80.0011
Andhra Pradesh,564874,MUKARRAMPURA,Warangal,18.43267,79.12514
Andhra Pradesh,564861,POST OFFICE - WGL,Warangal,17.97622,79.60183
Andhra Pradesh,565103,DESAIPET - WARANGAL,Warangal,17.99902,79.61436
Andhra Pradesh,565163,Palavancha-3,Warangal,17.59777,80.69592
Andhra Pradesh,569910,Parkal-2,Warangal,18.20134,79.69986
Andhra Pradesh,530698,PEDDAKORPOLU,Warangal,17.74962,79.84975
Andhra Pradesh,531439,Goakul nagar,Warangal,18.00518,79.54889
Andhra Pradesh,530684,GOPALAPURAM,Warangal,18.02413,79.54393
Andhra Pradesh,531681,Kumarpally,Warangal,18.0095,79.57214
Andhra Pradesh,564046,BSC05-WARANGAL,Warangal,17.98805,79.60192
Andhra Pradesh,564016,APPANAPET,Warangal,18.64664,79.39124
Andhra Pradesh,572081,NEAR IDEAL SCHOOL,Warangal,18.42929,79.15136
Andhra Pradesh,572660,Sadashiva Palli,Warangal,18.40943,79.16898
Andhra Pradesh,565105,RTC colony,Warangal,18.45917,79.11777
Andhra Pradesh,565102,Rpt_Ponna ,Warangal,19.42397,78.5205
Andhra Pradesh,576089,Mayuri center- Khammam,Warangal,17.25249,80.13935
Andhra Pradesh,576955,GANDHI CHOWRASTA,Warangal,18.29036,79.47472
Andhra Pradesh,576982,MULUGU ROAD,Warangal,18.00767,79.59447
Andhra Pradesh,576923,BAVANARUSHI-NAGAR,Warangal,18.3873,78.81108
Andhra Pradesh,577710,R K PURAM T/E,Warangal,18.93696,79.46597
Andhra Pradesh,577708,VIDYANAGAR,Warangal,18.88111,79.49717
Andhra Pradesh,577709,Kyatanpalli,Warangal,18.92786,79.47749
Andhra Pradesh,577711,Kakathiya colony,Warangal,18.44221,79.85356
Andhra Pradesh,577830,Endapalle-5257,Warangal,18.77454,79.1838
Andhra Pradesh,577707,CISF Gate,Warangal,18.85518,79.51726
Andhra Pradesh,577748,Rudrumpur,Warangal,17.48478,80.65305
Andhra Pradesh,577706,Tillak Nagar,Warangal,18.73141,79.5152
Andhra Pradesh,577831,Muttaram,Warangal,18.51825,79.62233
Andhra Pradesh,577749,Scclbazar,Warangal,18.75326,79.51624
Andhra Pradesh,505686,Mancherial,Warangal,18.895408,79.442376
Andhra Pradesh,505555,Ratnapur,Warangal,18.628867,79.552146
Andhra Pradesh,505575,Vijay Nagar,Warangal,18.744162,79.511011
Andhra Pradesh,505597,Yukall,Warangal,17.670297,79.664119
Andhra Pradesh,505694,J P N Road(Warangal),Warangal,17.981009,79.599199
Andhra Pradesh,505609,Indurthi,Warangal,18.225614,79.135955
Andhra Pradesh,505698,Brahmanawada,Warangal,18.002248,79.571657
Andhra Pradesh,505619,Ippagudem,Warangal,17.767062,79.376383
Andhra Pradesh,505626,Narsihulapet,Warangal,17.508493,79.803642
Andhra Pradesh,505699,"Warangal ""x"" Roads",Warangal,17.243556,80.108458
Andhra Pradesh,505644,VEENAVANKA,Warangal,18.347756,79.418746
Andhra Pradesh,505729,Kothagudem - 3,Warangal,17.560129,80.618002
Andhra Pradesh,505730,Palvancha - 3,Warangal,17.597127,80.709381
Andhra Pradesh,505731,Badhrachalam - 3,Warangal,17.662503,80.892656
Andhra Pradesh,505732,Madhira - 2,Warangal,16.918793,80.362662
Andhra Pradesh,505734,"Advocate Colony, Hanumakonda",Warangal,17.997677,79.556869
Andhra Pradesh,505736,"Christian Colony, Karim Nagar",Warangal,18.443073,79.12741
Andhra Pradesh,505738,"Kotirampur, Karim Nagar",Warangal,18.419925,79.133877
Andhra Pradesh,505662,SAMATHSINGARAM,Warangal,17.917065,80.795227
Andhra Pradesh,505747,Damsulapuram,Warangal,17.204926,80.152763
Andhra Pradesh,505749,Warangal fort-WRL,Warangal,17.955794,79.624224
Andhra Pradesh,505750,MCHL-IB road,Warangal,18.874244,79.443059
Andhra Pradesh,505761,Samudralingapur,Warangal,18.380127,78.590802
Andhra Pradesh,505764,Mahadevpur,Warangal,18.730934,79.983175
Andhra Pradesh,505765,Kodakandla,Warangal,17.531999,79.502534
Andhra Pradesh,505783,Chinthakani,Warangal,17.123102,80.206035
Andhra Pradesh,505792,Chigurumamidi,Warangal,18.238924,79.199614
Andhra Pradesh,505793,Koheda,Warangal,18.168444,79.095579
Andhra Pradesh,505807,Gambirraopet,Warangal,18.303585,78.572888
Andhra Pradesh,505830,Nallabelly,Warangal,18.043478,79.863979
Andhra Pradesh,505833,Malyal,Warangal,18.704543,78.940267
Andhra Pradesh,505851,Nayakangudem,Warangal,17.19731,79.888528
Andhra Pradesh,503154,Medaram,Warangal,18.318893,80.237772
Andhra Pradesh,505861,Yerragunta,Warangal,17.323592,80.695987
Andhra Pradesh,505862,Lakshminagaram,Warangal,17.846033,80.899283
Andhra Pradesh,505863,Tadvai,Warangal,18.234911,80.315933
Andhra Pradesh,521813,Greeenwood College  ,Warangal,17.983136,79.577639
Andhra Pradesh,523214,Khammam 7.5 ( Karunagiri Area),Warangal,17.26746,80.1277
Andhra Pradesh,523213,Bhadrachalm 7.2,Warangal,17.67304,80.88957
Andhra Pradesh,523863,Hanuman Bashti - Delight Site ,Warangal,17.55246,80.62782
Andhra Pradesh,523695,Papakollu (Bsnl),Warangal,17.41893,80.47374
Andhra Pradesh,523773,Palvancha7.1(Peddammagudi - Bsnl) ,Warangal,17.60612,80.74506
Andhra Pradesh,523885,Mamatha Hospital - Bsnl ,Warangal,17.23875,80.158544
Andhra Pradesh,523694,Kothagudem (Bsnl),Warangal,17.56471,80.62421
Andhra Pradesh,523884,Jagityal (Thahsil Chourastha) ,Warangal,18.79721,78.91824
Andhra Pradesh,523772,Aswaraopeta-2 (Bsnl)  ,Warangal,17.24908,81.13132
Andhra Pradesh,524510,Sathuaplly 7.1( Police Station- Bsnl) ,Warangal,17.21251,80.8166
Andhra Pradesh,503827,Peruvancha,Warangal,17.1705,80.58714
Andhra Pradesh,525226," Ashoka Theater, Hanumakonda",Warangal,18.00855,79.56625
Andhra Pradesh,525412,Manugonda,Warangal,17.98847,79.71364
Andhra Pradesh,525906,Malakpalle - Airtel,Warangal,17.90237,79.48857
Andhra Pradesh,503867,Patwarigudem,Warangal,17.345227,80.962046
Andhra Pradesh,525697,Jagasagar,Warangal,18.7794,78.6197
Andhra Pradesh,525684,Karakavagu,Warangal,17.61347,80.68324
Andhra Pradesh,525251,Hanuman Chintavari Industries,Warangal,19.67996,78.52075
Andhra Pradesh,526050,Ramanjaneeya Colony,Warangal,17.54205,80.60621
Andhra Pradesh,526459,Kishanpura -Uninor,Warangal,18.01404,79.56133
Andhra Pradesh,526295,Mathwada,Warangal,17.98818,79.59604
Andhra Pradesh,526048,Allipuram - Khammam,Warangal,17.20462,80.19135
Andhra Pradesh,526728,Raju Hotel- Warangal,Warangal,17.99307,79.557
Andhra Pradesh,503151,BAPANAGUNTA,Warangal,17.955311,80.817966
Andhra Pradesh,523278,Annargudem,Warangal,17.26237,80.43649
Andhra Pradesh,526994,Peruru,Warangal,18.53254,80.39508
Andhra Pradesh,526725,Julywada -Warangal,Warangal,17.98497,79.54694
Andhra Pradesh,527854,Rampur Industrial Area,Warangal,19.68419,78.50213
Andhra Pradesh,529067,Udayagiri,Warangal,19.6577,78.52937
Andhra Pradesh,527836,Hanmaipet,Warangal,18.50126,78.80225
Andhra Pradesh,529911,Varsha konda,Warangal,18.9118,78.53416
Andhra Pradesh,529931,Teegalagutta Palli,Warangal,18.46704,79.1348
Andhra Pradesh,529901,"Adarshnagar, Korutla",Warangal,18.82855,78.69749
Andhra Pradesh,530482,"Near Shathavahana University, Jyothinagar",Warangal,18.44844,79.1078
Andhra Pradesh,530587,Ratory Nagar,Warangal,17.24537,80.17546
Andhra Pradesh,530507,Sujathanagar Kothagudem,Warangal,17.48333,80.56908
Andhra Pradesh,578385,Near Kazipura,Warangal,17.24709,80.14288
Andhra Pradesh,530586,Raipura-Back side of Amrutha Theater,Warangal,18.00736,79.57746
Andhra Pradesh,529420,Pump Well Road,Warangal,17.24319,80.13406
Andhra Pradesh,530655,kellapally (Airtel),Warangal,18.27571,79.00224
Andhra Pradesh,530653,Kesireddypally,Warangal,17.84195,79.09599
Andhra Pradesh,530553,Kapuwada (Airtel),Warangal,18.42766,79.14406
Andhra Pradesh,578377,Potial,Warangal,18.79958,79.35359
Andhra Pradesh,530213,Tilak Nagar-Airtel New,Warangal,19.6824,78.53172
Andhra Pradesh,578287,Anishettypalli,Warangal,17.57336,80.5811
Andhra Pradesh,578363,Near Nekkonda Rjio,Warangal,17.76988,79.82611
Andhra Pradesh,578712,Kothirampur_Relocation,Warangal,18.420931,79.136139
Andhra Pradesh,530591,Venkatpram Siricilla,Warangal,18.36385,78.73307
Andhra Pradesh,529899,Shanthinagar -BSNL,Warangal,18.39397,78.81509
Andhra Pradesh,579546,Appalraopeta,Warangal,17.76211,79.80689
Andhra Pradesh,579456,Peddakalvala,Warangal,18.57519,79.36256
Andhra Pradesh,579454,Bagath nagar,Warangal,18.424604,79.117584
Andhra Pradesh,579486,Raghavapuram,Warangal,18.639051,79.408188
Andhra Pradesh,579432,Rajapur - Jio,Warangal,18.319767,79.352715
Andhra Pradesh,579517,Sarvaram,Warangal,18.545785,79.60147
Andhra Pradesh,580624,Baopet Karimnagar,Warangal,18.432188,79.012695
Andhra Pradesh,530656,Kunaram,Warangal,18.52833,79.49031
Andhra Pradesh,530481,Jangoan ZPSS Scholl,Warangal,18.77201,79.52435
Andhra Pradesh,580874,"Shivaji Nagar, Karimnagar",Warangal,18.445026,79.112617
Andhra Pradesh,579573,SUNDILLA_Karimnagar,Warangal,18.752878,79.552353
Andhra Pradesh,580927,Ramnagar_wgl,Warangal,18.01087,79.55351
Andhra Pradesh,580936,Sai Ganesh Colony(Kashibugga),Warangal,17.98589,79.61971
Andhra Pradesh,581109,Lakshmi nagar,Warangal,18.42082,79.14364
Andhra Pradesh,579547,Sai Nagar_Jangaon,Warangal,17.71494,79.155527
Andhra Pradesh,580919,Bodu Village,Warangal,17.675359,80.442741
Andhra Pradesh,465570,Nava bharath,Warangal,17.57213,80.66505
Andhra Pradesh,465705,Orient cement,Warangal,17.40313,78.47039
Andhra Pradesh,581981,Kotilingala,Warangal,18.860453,79.197418
Andhra Pradesh,581458,Srinivasa Nagar-Idea,Warangal,17.23301,80.14093
Andhra Pradesh,582230,"Venkatapur, Karimnagar",Warangal,18.815975,78.749832
Andhra Pradesh,581979,Mandepalle,Warangal,18.35873,78.79243
Andhra Pradesh,581957,Enkuru (Relocation Site),Warangal,17.33148,80.44187
Andhra Pradesh,582084,Yellandu (M + OG),Warangal,17.59076,80.32998
Andhra Pradesh,582853,"Malkapur Road, Vidyanagar",Warangal,18.44894,79.113876
Andhra Pradesh,582423,Lakshmidevipalle,Warangal,17.6115,80.70371
Andhra Pradesh,582565,Yousufnagar,Warangal,18.860733,78.673279
Andhra Pradesh,582898,Vasavi Garden,Warangal,19.336519,79.475655
Andhra Pradesh,582566,Ramachandrarao Banjar,Warangal,17.21232,80.67909
Andhra Pradesh,583022,Yarragutapalli,Warangal,19.001808,79.460403
Andhra Pradesh,584020,Jangaon_wgl,Warangal,17.717579,79.16946
Andhra Pradesh,583994,Subbayapalli_wgl,Warangal,18.01048,79.49966
Andhra Pradesh,581980,Jawaher Goni,Warangal,17.58261,80.33716
Andhra Pradesh,582931,Kommagudem,Warangal,17.58888,80.69791
Andhra Pradesh,584048,Tharalapalle_wgl,Warangal,17.94192,79.50131
Andhra Pradesh,581983,Gumudur,Warangal,17.60176,80.00704
Andhra Pradesh,582504,Near Warangal Railway Station_Relocation,Warangal,17.9717,79.60849
Andhra Pradesh,584838,Kumarapalle,Warangal,18.00502,79.54948
Andhra Pradesh,584709,Bank Colony_airtel,Warangal,17.99232,79.6019
Andhra Pradesh,582598,CHINTHIRYLA,Warangal,17.7928,80.84515
Andhra Pradesh,585681,Surya Nagar-khammam,Warangal,17.26049,80.11427
Andhra Pradesh,586264,Chintakunta_Karimnagar,Warangal,18.446731,79.073765
Andhra Pradesh,586369,Gandhi Park_airtel,Warangal,19.09069,78.34412
Andhra Pradesh,584574,Warangal Thimmapur,Warangal,17.9365,79.59735
Andhra Pradesh,585392,Gopalapuram_airtel,Warangal,18.02634,79.53808
Andhra Pradesh,585390,Rajaji Nagar_airtel,Warangal,18.01276,79.54993
Andhra Pradesh,586105,APHB Colony_airtel,Warangal,19.648528,78.513278
Andhra Pradesh,585145,Chowrastha Hnk,Warangal,18.0067,79.57488
Andhra Pradesh,585256,Vidya Nagar-Hanmakonda,Warangal,18.01673,79.54732
Andhra Pradesh,585389,Diesel Colony_airtel,Warangal,17.9683,79.49248
Andhra Pradesh,585549,Bheearam,Warangal,18.03581,79.53862
Andhra Pradesh,585764,Kranthi Nagar_airtel,Warangal,19.6842,78.5355
Andhra Pradesh,585685,Pittalawada,Warangal,19.653059,78.526691
Andhra Pradesh,586738,Mallavaram_Tallada,Warangal,17.22727,80.41032
Andhra Pradesh,584827,Danavyagudem,Warangal,17.27024,80.13736
Andhra Pradesh,585568,Sri Nagar Colony_airtel,Warangal,18.01516,79.54233
Andhra Pradesh,587107,Tarakarama Nagar,Warangal,18.746222,78.914389
Andhra Pradesh,587447,"Timmapur,Karimnagar",Warangal,18.354747,79.162846
Andhra Pradesh,587672,Susheel Theater Street,Warangal,17.98223,79.59048
Andhra Pradesh,587593,Katnapally,Warangal,18.512697,79.280998
Andhra Pradesh,586108,Tekulapalli_airtel,Warangal,17.24891,80.18319
Andhra Pradesh,587804,"Hanuman Temple,Naspur",Warangal,18.86532,79.493919
Andhra Pradesh,588236,Mamidalapalle,Warangal,18.41914,79.33695
Andhra Pradesh,588233,Cherlabuthkur,Warangal,18.503058,79.202143
Andhra Pradesh,588375,Chittapur,Warangal,18.888942,78.698294
Andhra Pradesh,588438,"Mukarampura, Karimnagar",Warangal,18.433085,79.122128
Andhra Pradesh,588131,Madhapur (Raikal Road),Warangal,18.853978,78.74745
Andhra Pradesh,588259,Uppara Mallial,Warangal,18.53307,78.98988
Andhra Pradesh,588262,Gangaram,Warangal,18.365857,79.335106
Andhra Pradesh,588100,Regunta,Warangal,18.93341,78.76461
Andhra Pradesh,588260,GAYATRI TEMPLE_Mancherial,Warangal,18.900171,79.459634
Andhra Pradesh,583081,Navayuga Colony,Warangal,17.99628,79.60858
Andhra Pradesh,583913,Thumbur,Warangal,17.15104,80.86592
Andhra Pradesh,588981,Madhupalli Village,Warangal,16.92388,80.331322
Andhra Pradesh,585259,Kadipikonda_airtel,Warangal,17.96401,79.50754
Andhra Pradesh,589028,Mankapur Narsapur,Warangal,19.352694,78.501904
Andhra Pradesh,588947,Sapthagiri Colony|Karimnagar,Warangal,18.41914,79.123213
Andhra Pradesh,589542,"Gadderegadi, Mancherial",Warangal,18.91039,79.445064
Andhra Pradesh,589952,"Aipl-Petrol Pump,Lb Nagar,Kasibugga",Warangal,17.988617,79.617898
Andhra Pradesh,590016,Shanti Nagar| Kazipet,Warangal,17.969132,79.499188
Andhra Pradesh,590927,Jhalli | Chennaraopet ,Warangal,17.846276,79.859724
Andhra Pradesh,586951,Shiva Nagar_airtel,Warangal,17.96599,79.60287
Andhra Pradesh,589114,Old Beat Bazar|Jangaon,Warangal,17.7235,79.15402
Andhra Pradesh,590023,Shambunipet,Warangal,17.952259,79.600461
Andhra Pradesh,591032,Kasimdevipet | Hanamkonda,Warangal,18.160368,79.992367
Andhra Pradesh,588101,Potharam (S),Warangal,18.122998,79.228033
Andhra Pradesh,590926,Chapala Band | Mandapalle,Warangal,17.936495,79.792547
Andhra Pradesh,591277,Dhadnnasari | Kesamudram,Warangal,17.705697,79.916547
Andhra Pradesh,591033,Vinayak Nagar | Hanamkonda,Warangal,18.0189,79.5654
Andhra Pradesh,591813,Bus Depot,Warangal,18.323851,80.421011
Andhra Pradesh,591706,Nagarjuna Colony,Warangal,18.87049,79.4799
Andhra Pradesh,591922,Karimnagar,Warangal,18.429915,79.145377
Andhra Pradesh,592577,Kompalle| KTPP Area Hospital,Warangal,18.385952,79.840967
Andhra Pradesh,590024,Anand Nagar| Bheemaram,Warangal,18.031615,79.544377
Andhra Pradesh,591924,GANESH TEMPLE RD,Warangal,17.557461,80.612683
Andhra Pradesh,592856,Near Baraq church,Warangal,17.828895,80.829028
Andhra Pradesh,592084,BAYYARAM CSI CHURCH,Warangal,17.575253,80.107924
Andhra Pradesh,593239,Potharajupalli,Warangal,17.970619,79.661964
Andhra Pradesh,593278,Waddekothapalle,Warangal,17.517896,79.562854
Andhra Pradesh,593318,DoctorsColony_Warangal,Warangal,17.992135,79.605485
Andhra Pradesh,593340,Rachapalli,Warangal,18.354825,79.538743
Andhra Pradesh,593194,Chennur,Warangal,17.59818,79.426251
Andhra Pradesh,594038,Kuruchapalle|,Warangal,17.791269,79.350298
Andhra Pradesh,593738,Mallur,Warangal,18.218048,80.563738
Andhra Pradesh,582883,Borgam,Warangal,19.349848,79.469246
Andhra Pradesh,593487,Dornakal,Warangal,17.441189,80.156666
Andhra Pradesh,594062,Khamna,Warangal,19.4627,79.336973
Andhra Pradesh,594065,Devpur,Warangal,19.614374,78.458768
Andhra Pradesh,588132,Bornapalli,Warangal,18.205149,79.37914
Andhra Pradesh,594063,Dadpapur,Warangal,19.35155,79.24854
Andhra Pradesh,594673,Pippalkhoti | Adilabad,Warangal,19.74817,78.4668
Andhra Pradesh,594642,Sri Ram Nagar | Jintal,Warangal,17.249043,80.10569
Andhra Pradesh,594844,Ambedkar nagar| Husnabad,Warangal,18.13149,79.20613
Andhra Pradesh,594632,Venkateshwara Rd |Mahabubabad,Warangal,17.590888,79.994577
Andhra Pradesh,594640,Andugulapally,Warangal,18.665579,79.41176
Andhra Pradesh,594445,Nisar Gutta | Korutla,Warangal,18.82439,78.690057
Andhra Pradesh,595358,Indurthi_Potkapalli,Warangal,18.41347,79.50165
Andhra Pradesh,594641,Mallampalle,Warangal,17.613863,79.517742
Andhra Pradesh,595076,Manukota Post Office |Mahabubabad,Warangal,17.59533,79.99002
Andhra Pradesh,595013,Mudigonda | Venkatagiri,Warangal,17.194529,80.102246
Andhra Pradesh,595010,Cherla (Z),Warangal,18.079871,80.827278
Andhra Pradesh,595361,Keslapur |Yamaikunta,Warangal,19.507554,78.654122
Andhra Pradesh,595595,Bethigal | Karimnagar,Warangal,18.306017,79.3959
Andhra Pradesh,594639,Near Railway Station | Jammikunta,Warangal,18.285493,79.477865
Andhra Pradesh,595505,Hanuman Basthi|Kothagudem,Warangal,17.556165,80.624267
Andhra Pradesh,595295,Gouthami Nagar Godavarikhani,Warangal,18.742026,79.497327
Andhra Pradesh,595991,Housing Borad Colony|Karimnagar,Warangal,18.425973,79.150847
Andhra Pradesh,595408,Takkallapalli|Gutrajupalle,Warangal,18.851215,78.98508
Andhra Pradesh,595343,Mallapur | Karimnagar,Warangal,18.3192,79.219057
Andhra Pradesh,595506,Fatheshapur|,Warangal,17.757923,79.224174
Andhra Pradesh,595598,Samathsingaram | Aswapuram,Warangal,17.887558,80.834232
Andhra Pradesh,595987,Venkatagiri |Gudimalla,Warangal,17.20445,80.12087
Andhra Pradesh,595602,Venkatraopeta,Warangal,18.080686,80.7171
Andhra Pradesh,595860,Laxmipuram | Khammam,Warangal,17.17027,80.12295
Andhra Pradesh,595740,Kothirampur|Karimnagar|,Warangal,18.41728,79.14159
Andhra Pradesh,595532,Brundavan colony | Jangaon|,Warangal,17.731379,79.148278
Andhra Pradesh,596104,Thimmapur|Ramannapeta,Warangal,18.57535,78.79848
Andhra Pradesh,596489,Anupuram New,Warangal,18.440726,78.878584
Andhra Pradesh,594633,Sri Nagar Colony |Velugumatla,Warangal,17.23255,80.18165
Andhra Pradesh,595686,Rajupeta Colony| Bhadrachalam,Warangal,17.677849,80.9051
Andhra Pradesh,595988,Madikonda,Warangal,17.947952,79.458007
Andhra Pradesh,595984,Hemachandrapuram| Kothagudem,Warangal,17.557381,80.598908
Andhra Pradesh,596683,VEMPALLE,Warangal,18.873982,79.413012
Andhra Pradesh,595430,Kundanpalli| Ramagundam,Warangal,18.75364,79.430862
Andhra Pradesh,596627,Eligaid |Pathipaka,Warangal,18.551845,79.24993
Andhra Pradesh,596615,Dharmaraju Palle,Warangal,18.1949,79.47022
Andhra Pradesh,596414,Seetaramapalle | Mancherial,Warangal,18.8458,79.48245
Andhra Pradesh,596430,NTR Nagar| Rampelli,Warangal,18.577883,79.410207
Andhra Pradesh,595503,Nawabpet|Ramakistapur T,Warangal,18.343805,79.65412
Andhra Pradesh,595297,Pandurangapuram| Khammam,Warangal,17.274862,80.176935
Andhra Pradesh,596742,Pathamarket |Hasanparthy,Warangal,18.076261,79.526274
Andhra Pradesh,596701,Pasara,Warangal,18.199286,80.167278
Andhra Pradesh,596661,Gumudur |Mahabubabad,Warangal,17.612376,80.021824
Andhra Pradesh,596818,Mahbubabad_18,Warangal,17.604605,79.980522
Andhra Pradesh,597221,Madannapet,Warangal,17.968577,79.883021
Andhra Pradesh,596365,Gurrampalle |MAREDUGONDA,Warangal,18.55452,79.46364
Andhra Pradesh,597017,Tilak Nagar | Mancherial,Warangal,18.877237,79.464131
Andhra Pradesh,596709,Bethampudi,Warangal,17.56465,80.511483
Andhra Pradesh,596779,Srinivasa Nagar| Mulkanoor,Warangal,18.080727,79.35944
Andhra Pradesh,596740,Pedda Bonala,Warangal,18.401919,78.778053
Andhra Pradesh,596611,Koppur,Warangal,18.10788,79.3737
Andhra Pradesh,596684,Kothur |Julapalli RD,Warangal,18.66216,79.239342
Andhra Pradesh,596780,Chekkapally,Warangal,18.530087,78.852101
Andhra Pradesh,597196,Rajarampalli,Warangal,18.6755,79.10994
Andhra Pradesh,590922,Enumamula |  Warangal,Warangal,17.986354,79.626979
Andhra Pradesh,597090,Narasingapur,Warangal,18.336278,79.43073
Andhra Pradesh,597184,Deshaipally,Warangal,18.41082,79.385328
Andhra Pradesh,597020,NARAYANAPUR |Suglampally,Warangal,18.559104,79.327387
Andhra Pradesh,596426,Babapur,Warangal,19.062024,78.461256
Andhra Pradesh,597021,Penchikalpeta,Warangal,18.1606,79.4149
Andhra Pradesh,596777,Tekurthi,Warangal,18.322139,79.533943
Andhra Pradesh,597199,Nagireddypur,Warangal,18.599522,79.027916
Andhra Pradesh,597457,Aggimalla,Warangal,18.7665,79.05634
Andhra Pradesh,596933,Vattimalla,Warangal,18.53826,78.66721
Andhra Pradesh,597197,Thadagonda | Dundrapalle,Warangal,18.53053,78.948051
Andhra Pradesh,597410,Rathnagiripally,Warangal,18.390922,78.567015
Andhra Pradesh,597349,Paidypelly x road|Nagaram,Warangal,18.228568,79.693824
Andhra Pradesh,596873,Burdagudem| Mandamarri,WARANGAL,18.99293,79.47002
Andhra Pradesh,596645,Stambampalli,WARANGAL,18.4969,78.9062
Andhra Pradesh,597727,Tutukalingannapeta,WARANGAL,17.338259,80.430927
Andhra Pradesh,596357,SUDDALA,WARANGAL,18.512739,79.35092
Andhra Pradesh,597537,haridaspalli,WARANGAL,18.366881,78.703417
Andhra Pradesh,597435,Jagityal Raikal rd,WARANGAL,18.804033,78.876473
Andhra Pradesh,597507,Kishtapur|Adb,Warangal,19.136582,78.982243
Andhra Pradesh,596958,Ayyanapalem,Warangal,17.380031,80.661303
Andhra Pradesh,595928,Hanuman Temple | Karimnagar,Warangal,18.47817,79.14644
Andhra Pradesh,597565,Narsampet|Warangal,Warangal,17.920933,79.889049
Andhra Pradesh,597163,Kasipet,Warangal,19.142534,79.470538
Andhra Pradesh,597942,Mecharajupalle,Warangal,17.679277,79.738658
Andhra Pradesh,597935,Nellipaka,Warangal,17.77024,80.836513
Andhra Pradesh,597541,VIDYANAGAR RD,Warangal,18.198011,79.390364
Andhra Pradesh,598181,Reddypalli,Warangal,18.372522,79.410455
Andhra Pradesh,598287,Bhimapalli|Karimnagar,Warangal,18.211524,79.479413
Andhra Pradesh,598280,Mirjampet,Warangal,18.439029,79.554409
Andhra Pradesh,599066,Hanuman Temple Rd| Raparthi Nagar|ULS,Warangal,17.259175,80.145294
Andhra Pradesh,563926,Vishwanathpur,Warangal,17.73507,79.21443
Andhra Pradesh,564081,MURLIKRISHNA CLOTH SHOW ROOM,Warangal,19.67485,78.53409
Andhra Pradesh,564022,Sircilla-3,Warangal,18.38726,78.80396
Andhra Pradesh,563941,ALERU - Nellikuduru,Warangal,17.60597,79.86712
Andhra Pradesh,563943,Thorrur  (KHAMMAM ROAD),Warangal,17.580917,79.6628
Andhra Pradesh,505556,Medipally,Warangal,18.799277,78.818391
Andhra Pradesh,505622,Venkatapur,Warangal,17.886131,79.505086
Andhra Pradesh,505627,Peddamupparam,Warangal,17.479101,79.684987
Andhra Pradesh,505717,Kasipet,Warangal,19.030087,79.438337
Andhra Pradesh,505663,TALLAMPADU,Warangal,17.227868,80.05102
Andhra Pradesh,505664,THIRTHALA,Warangal,17.327068,80.135748
Andhra Pradesh,505665,TANIKELLA,Warangal,17.231888,80.254156
Andhra Pradesh,505864,Redlawada,Warangal,17.736154,79.772803
Andhra Pradesh,521814,Waddepally X Roads ,Warangal,18.008952,79.534572
Andhra Pradesh,521969,Postal Colony,Warangal,17.990065,79.549596
Andhra Pradesh,525791,Tallapalle,Warangal,18.85611,79.47611
Andhra Pradesh,526604,Nml-Adarsh Nagar,Warangal,19.0832,78.33938
Andhra Pradesh,527847,Kaviraj Nagar-Airtel,Warangal,17.25095,80.15785
Andhra Pradesh,528845,Kasibugga,Warangal,17.97664,79.60783
Andhra Pradesh,529772,Niit Campus,Warangal,17.98587,79.53619
Andhra Pradesh,530657,Pandilla,Warangal,18.46789,79.49144
Andhra Pradesh,578077,Pallipadu,Warangal,17.21091,80.32116
Andhra Pradesh,505553,Thimmapur,Warangal,18.925415,79.44653
Andhra Pradesh,595458,Bompally |Karimnagar,Warangal,18.652375,79.365187
Andhra Pradesh,599535,Karepalli|ULS,Warangal,17.507983,80.27108
Andhra Pradesh,599557,Nayudupet|ULS,Warangal,17.250972,80.11861
Andhra Pradesh,599402,Bhrammanakothapalle,Warangal,17.55321,79.74905
Andhra Pradesh,599536,NTR Nagar|ULS,Warangal,17.20095,80.828094
Andhra Pradesh,480293,Leela Sundaraiah Nagar|ULS,WARANGAL,17.18721,80.35835
Andhra Pradesh,599264,Rampur Taraf,Warangal,19.76074,78.52124
Andhra Pradesh,599403,Varikolu|Karimnagar,Warangal,18.26057,79.112161
Andhra Pradesh,480178,Seetharampuram |Khammam,Warangal,17.26553,80.0436
Andhra Pradesh,599537,Pilot Colony|ULS,WARANGAL,17.94811,80.812084
Andhra Pradesh,480296,Shanthi Nagar|Warangal|Relocation,Warangal,17.92322,79.89751
Andhra Pradesh,480149,Lenin Nagar| Bhuranpuram|ULS,Warangal,17.25651,80.14488
Andhra Pradesh,480408,Dachapuram,Warangal,17.0817,80.3663
Andhra Pradesh,481252,KTPS Palwancha|ULS,Warangal,17.5969,80.70203
Andhra Pradesh,599558,Sahakar Nagar|ULS,Warangal,17.2521,80.15207
Andhra Pradesh,481251,Potti Sriramulu Rd| Sathupally|ULS,Warangal,17.21311,80.83096
Andhra Pradesh,481363,Vittal Nagar| Godavarikhani|ULS,Warangal,18.73389,79.51627
Andhra Pradesh,481316,Laxmi Nagar| Ramagundam|ULS,Warangal,18.75256,79.50797
Andhra Pradesh,481398,Nr MRO office| Chennur|ULS,Warangal,18.85637,79.79185
Andhra Pradesh,481492,Narsimha Swamy Temple Road|ULS,Warangal,17.25137,80.14925
Andhra Pradesh,481257,Bhajan Mandir Rd|ULS,Warangal,17.5488,80.624
Andhra Pradesh,481626,Lb Nagar|Uls,WARANGAL,17.9845,79.60767
Andhra Pradesh,481545,Guddelugupalle|ULS,WARANGAL,18.27239,80.48689
Andhra Pradesh,481399,Sudimalla|ULS,Warangal,17.57461,78.33311
Andhra Pradesh,480958,Mandi Bazar|Relocation,Warangal,17.9847,79.5998
Andhra Pradesh,480435,Suddala Auto stand,Warangal,18.82514,79.7357
Andhra Pradesh,598764,Mamidipalle,Warangal,18.50123,78.75915
Andhra Pradesh,481400,Muthyampeta|ULS,Warangal,18.69777,78.94276
Andhra Pradesh,481490,Aswaraopeta|ULS,Warangal,17.24414,81.13298
Andhra Pradesh,481030,Singareni|Bhagyanagar,Warangal,17.54305,80.30704
Andhra Pradesh,599509,Near Veerabhramhendra Swamy Temple|Kazipur,Warangal,18.41586,79.01188
Andhra Pradesh,564036,HUZURABAD,Warangal,18.20025,79.3968
Andhra Pradesh,563917,BEET BAZAR,Warangal,17.97478,79.59775
Andhra Pradesh,564039,KAZIPET,Warangal,17.99391,79.53838
Andhra Pradesh,564748,sarapaka Badrachalam-,Warangal,17.68874,80.86986
Andhra Pradesh,563991,PEDDAPALLI,Warangal,18.60991,79.37871
Andhra Pradesh,563909,Kasibugga Warangal,Warangal,17.9767,79.6092
Andhra Pradesh,564870,Annapurna Hotel - Warangal,Warangal,17.98584,79.52388
Andhra Pradesh,505716,Kataram,Warangal,18.623611,79.946854
Andhra Pradesh,505755,Jammikunta2,Warangal,18.28558,79.473682
Andhra Pradesh,505784,Paleru,Warangal,17.211611,79.926051
Andhra Pradesh,505837,Mustikuntla,Warangal,17.042454,80.229392
Andhra Pradesh,505838,Ravinoothala,Warangal,17.03692,80.282403
Andhra Pradesh,525136,Sriram Hills-Khammam,Warangal,17.21613,80.15221
Andhra Pradesh,456180,Karimnagar 1 (Mukurampura),Warangal,18.43886,79.12798
Andhra Pradesh,456193,Khammam(Nstroad),Warangal,17.25502,80.14841
Andhra Pradesh,563942,RPT_Mungimadugu,Warangal,17.50692,79.8464
Andhra Pradesh,563914,Sri Nagar Colony (Warangal),Warangal,17.998,79.53702
Andhra Pradesh,564773,DANAVAIGUDEM,Warangal,17.2951,80.14751
Andhra Pradesh,505643,VAVILALA,Warangal,18.393026,79.552655
Andhra Pradesh,530471,Seetapuram,Warangal,17.65406,80.91181
Andhra Pradesh,579560,Borlagudem,Warangal,18.469707,80.106341
Andhra Pradesh,563971,Chopadandi ,Warangal,18.58167,79.16897
Andhra Pradesh,563984,Yellareddypeta,Warangal,18.38047,78.6554
Andhra Pradesh,564079,SN Colony,Warangal,19.67143,78.51938
Andhra Pradesh,563953,GANPUR,Warangal,17.85373,79.37382
Andhra Pradesh,564049,Kagaznagar-2,Warangal,19.36008,79.47908
Andhra Pradesh,564004,Railway qtrs,Warangal,18.76898,79.43326
Andhra Pradesh,563968,Chengerla,Warangal,18.3622,79.23388
Andhra Pradesh,563951,IPPALALANARASINGAPURAM,Warangal,18.18008,79.39061
Andhra Pradesh,565065,Yellandu,Warangal,17.59167,80.31966
Andhra Pradesh,530683,Warangal Highway,Warangal,17.6255,79.60592
Andhra Pradesh,505782,Siripuram,Warangal,16.996651,80.358166
Andhra Pradesh,505666,MULKALAPALLE,Warangal,17.503248,80.832377
Andhra Pradesh,505667,JAGANNATHAPURAM,Warangal,17.437703,80.865214
Andhra Pradesh,503865,Kishtram- Proactive,Warangal,17.2139,80.7786
Andhra Pradesh,523306,Ballepally(Khammam 7.11) ,Warangal,17.276,80.18112
Andhra Pradesh,524335,Khanapur-Adb,Warangal,19.67075,78.54644
Andhra Pradesh,530393,Teegalguttapalli - Jio,Warangal,18.47421,79.14257
Andhra Pradesh,579572,Near Renikunta Toll Gate,Warangal,18.292301,79.129646
Andhra Pradesh,579494,Nr Kurikyala,Warangal,18.55193,78.98196
Andhra Pradesh,581712,GODHAVARI KHANI,Warangal,18.750298,79.511097
Andhra Pradesh,564044,JANGOAN,Warangal,17.7196,79.15748
Andhra Pradesh,564753,Khammam - 2,Warangal,17.26123,80.14223
Andhra Pradesh,564038,KAZIPET   2,Warangal,17.97422,79.50592
Andhra Pradesh,564052,MANCHIRYAL,Warangal,18.87377,79.44672
Andhra Pradesh,563990,RAMAGUNDAM    ,Warangal,18.74958,79.51033
Andhra Pradesh,563989,JAGITYAL,Warangal,18.794,78.91563
Andhra Pradesh,563988,VEMULAWADA,Warangal,18.4655,78.87108
Andhra Pradesh,564755,Ellandu ,Warangal,17.58533,80.325
Andhra Pradesh,563981,Sultanabad,Warangal,18.5262,79.32052
Andhra Pradesh,564040,Warangal- K L N Reddy nagar,Warangal,17.99657,79.54732
Andhra Pradesh,564749,Tallada,Warangal,17.21726,80.42203
Andhra Pradesh,564062,Nirmal-2,Warangal,19.08557,78.3485
Andhra Pradesh,564873,Mahabubabad,Warangal,17.60297,80.00476
Andhra Pradesh,526049,Housing Board Colony - Kothagudem,Warangal,17.52194,80.59147
Andhra Pradesh,505831,Elkaturthy,Warangal,18.10115,79.447516
Andhra Pradesh,481635,Srinagar| Laxmidevipally|ULS,Warangal,17.55978,80.6131
Andhra Pradesh,494094,MADANTHURTHY,Warangal,17.56394,79.81448
Andhra Pradesh,480864,Bhuranpuram|ULS,Warangal,17.26448,80.13806
Andhra Pradesh,481664,Mukkidipeta1|Uls,Kurnool,13.83423,77.49691
Andhra Pradesh,481919,Ashok Nagar Colony|ULS,Warangal,17.67489,80.89415
Andhra Pradesh,596776,Bellampalle,Warangal,19.088164,79.472264
Andhra Pradesh,123456,Salem,Robolog,12.09567,78.14998
